step,Walked_distance,Compass_X,Compass_Y,Gyro_X,Gyro_Y,GT_X,GT_Y,Gyro_Error_X,Gyro_Error_Y,Gyro_Distance_Error,Compass_Error_X,Compass_Error_Y,Compass_Distance_Error
0.0,0.0,0.0,0.0,0.0,0.0,0.0,0.0,0.0,0.0,0.0,0.0,0.0,0.0
0.5,0.33,0.034775292778019135,0.3281625801522822,-0.012255434578250875,0.32977235227243995,0.07016725740686525,0.27156772292073583,0.08242269198511612,0.05820462935170412,0.10090232421526564,0.03539196462884611,0.05659485723154639,0.06675004887899794
1.0,0.66,0.022278481326306596,0.6579258735970506,0.004202978541014054,0.6593616734550225,0.1403345148137305,0.5431354458414717,0.13613153627271643,0.11622622761355084,0.1789981317032299,0.1180560334874239,0.1147904277555789,0.16466350338521446
1.5,0.99,0.010705813623705712,0.9877228920223924,0.043599439418347666,0.9870015960382461,0.21050177222059574,0.8147031687622075,0.1669023328022481,0.1722984272760386,0.23988150561606192,0.19979595859689003,0.1730197232601849,0.26429954541898315
2.0,1.32,-0.03196596273426157,1.314952352038534,0.0821418737907901,1.3147430806761327,0.280669029627461,1.0862708916829433,0.19852715583667088,0.22847218899318933,0.30267568905998615,0.31263499236172254,0.22868146035559067,0.38734461240525847
2.5,1.6500000000000001,-0.12146924540984712,1.6325828958945905,0.10552207875067011,1.6439138054012121,0.35083628703432623,1.3578386146036792,0.24531420828365613,0.28607519079753296,0.37685285666382035,0.47230553244417334,0.27474428129091133,0.5464036384207498
3.0,1.98,-0.21293327665474499,1.9496543878146815,0.12649333957679448,1.9732467770565911,0.4210035444411915,1.629406337524415,0.294510204864397,0.34384043953217613,0.45272785271832916,0.6339368210959364,0.3202480502902665,0.7102356699405757
3.5,2.31,-0.332046721666317,2.257407514878364,0.16715282381503077,2.3007323589399475,0.4911708018480567,1.9009740604451508,0.32401797803302596,0.3997582984947967,0.5145817207247703,0.8232175235143737,0.3564334544332133,0.8970685026575907
4.0,2.64,-0.4966616022379309,2.543417901218429,0.20482758633312356,2.6285747178095806,0.561338059254922,2.1725417833658867,0.3565104729217984,0.45603293444369397,0.5788486456754052,1.0579996614928528,0.3708761178525424,1.1211210365131699
4.5,2.97,-0.6730504526772366,2.8223210626216306,0.23355609010516493,2.957321844140777,0.6315053166617872,2.4441095062866225,0.3979492265566223,0.5132123378541547,0.6494231984174424,1.3045557693390237,0.37821155633500814,1.358274543919999
5.0,3.3000000000000003,-0.8027711833621559,3.1257556223385006,0.2593388945401018,3.28631310085662,0.7016725740686525,2.7156772292073583,0.4423336795285507,0.5706358716492619,0.7220002645831783,1.5044437574308085,0.41007839313114225,1.5593316862635573
5.5,3.6300000000000003,-0.9510248416178194,3.4205790488395387,0.30303723861992427,3.613407054828077,0.7718398314755177,2.987244952128094,0.46880259285559345,0.6261621026999826,0.7822115122687666,1.722864673093337,0.4333340967114445,1.7765250128173637
6.0,3.96,-1.1192578072148627,3.7044763353472194,0.3370393713909119,3.941650645728225,0.842007088882383,3.25881267504883,0.5049677174914711,0.6828379706793952,0.8492703279345751,1.9612648960972456,0.44566366029838944,2.0112623127712355
6.5,4.29,-1.2849376951538867,3.9898711053282274,0.3698825312396983,4.270012225166422,0.9121743462892482,3.530380397969566,0.5422918150495499,0.739631827196856,0.9171344789464058,2.197112041443135,0.4594907073586616,2.2446454136017526
7.0,4.62,-1.4432938762212948,4.279393677708597,0.40974628202936164,4.597595621224555,0.9823416036961135,3.8019481208903017,0.5725953216667519,0.7956475003342529,0.9802654473063895,2.4256354799174082,0.4774455568182949,2.4721775302675346
7.5,4.95,-1.6214186398670594,4.557191389319295,0.45206579638741146,4.9248708245389805,1.0525088611029787,4.0735158438110375,0.6004430647155672,0.851354980727943,1.0417951704511301,2.673927500970038,0.4836755455082571,2.717320428982674
8.0,5.28,-1.7988044480070862,4.835461536964545,0.4872907398116148,5.252985443781649,1.122676118509844,4.345083566731773,0.6353853786982291,0.9079018770498761,1.1081517936700642,2.92148056651693,0.49037797023277196,2.9623502922891642
8.5,5.61,-2.0269952688143897,5.0738497692649025,0.525461058215982,5.580770475155734,1.1928433759167092,4.616651289652509,0.6673823177007272,0.9641191855032245,1.1725719431382433,3.219838644731099,0.45719847961239335,3.2521364282366267
9.0,5.94,-2.2418465154667846,5.324327197014215,0.5730390208461456,5.907322672318703,1.2630106333235744,4.888219012573245,0.6899716124774289,1.0191036597454577,1.230704308650656,3.504857148790359,0.43610818444097,3.5318853296735564
9.5,6.2700000000000005,-2.444150439681893,5.585043752390293,0.6294956934236385,6.232457481469427,1.3331778907304397,5.159786735493981,0.7036821973068011,1.0726707459754463,1.28288392463155,3.777328330412333,0.4252570168963121,3.801190977332653
10.0,6.6000000000000005,-2.651992365189575,5.841367247219111,0.6522968165953058,6.561668825110727,1.403345148137305,5.431354458414717,0.7510483315419991,1.1303143666960107,1.3570866456757373,4.055337513326879,0.4100127888043943,4.076011878537573
10.5,6.930000000000001,-2.876271800116342,6.083439003252172,0.6673147036699925,6.89132692537191,1.4735124055441702,5.7029221813354525,0.8061977018741777,1.1884047440364576,1.4360573004429746,4.349784205660512,0.38051682191671965,4.366396189946035
11.0,7.260000000000001,-3.098670684778647,6.327239610513439,0.6907655787248659,7.22049262294558,1.5436796629510354,5.974489904256188,0.8529140842261695,1.2460027186893914,1.5099619896052747,4.642350347729682,0.3527497062572511,4.655732929016706
11.5,7.590000000000001,-3.339412958230893,6.552945520433946,0.715296281210651,7.549579609372503,1.6138469203579007,6.246057627176924,0.8985506391472496,1.303521982195579,1.5832128123467868,4.953259878588794,0.3068878932570218,4.96275766120664
12.0,7.92,-3.569457208699061,6.789545695468832,0.7294664123753318,7.879275237767506,1.684014177764766,6.51762535009766,0.9545477653894341,1.361649887669846,1.6629046433879684,5.253471386463827,0.27192034537117227,5.260503995115006
12.5,8.25,-3.80621564031194,7.019427067180874,0.7347854585419386,8.209232367934256,1.7541814351716312,6.789193073018396,1.0193959766296925,1.4200392949158598,1.748050272810807,5.560397075483571,0.2302339941624778,5.565161572597354
13.0,8.58,-4.002971236216911,7.284355803787682,0.7345245406598632,8.539232264785541,1.8243486925784964,7.060760795939132,1.0898241519186334,1.4784714688464096,1.8367347566532377,5.827319928795408,0.2235950078485507,5.831608035531102
13.5,8.91,-4.204721107707248,7.545501336687697,0.7467280883475784,8.869006541259365,1.8945159499853617,7.3323285188598675,1.1477878616377832,1.5366780223994976,1.9180188528397382,6.099237057692609,0.2131728178278296,6.102961194059114
14.0,9.24,-4.409430157560675,7.804333724359926,0.7302971131726675,9.1985972314416,1.964683207392227,7.603896241780603,1.2343860942195595,1.5947009896609963,2.016625963342826,6.374113364952902,0.20043748257932226,6.377264019443914
14.5,9.57,-4.631843339054894,8.04812128905021,0.7089160517286776,9.52790385179948,2.034850464799092,7.875463964701339,1.3259344130704145,1.65243988709814,2.1186457108816703,6.6666938038539865,0.1726573243488705,6.668929211349933
15.0,9.9,-4.825817318266976,8.315093376333937,0.7020382695146028,9.857832171456668,2.1050177222059574,8.147031687622075,1.4029794526913546,1.7108004838345927,2.2125075457866377,6.9308350404729335,0.16806168871186244,6.932872354908904
15.5,10.23,-5.03234861597101,8.572474073101755,0.6987545789585924,10.187815833743654,2.1751849796128226,8.41859941054281,1.4764304006542304,1.7692164232008434,2.304337970025143,7.207533595583833,0.15387466255894466,7.20917595452124
16.0,10.56,-5.218229081486075,8.845143199590074,0.6979354116622023,10.5178148170223,2.245352237019688,8.690167133463547,1.5474168253574856,1.8276476835587534,2.394743177590682,7.463581318505763,0.1549760661265278,7.465190130132003
16.5,10.89,-5.537695525413651,8.927854693375817,0.3853743845154088,10.623671344024377,1.9670050942671617,8.769653625543496,1.581630709751753,1.8540177184808808,2.4369935171171226,7.504700619680812,0.15820106783232113,7.506367894587958
17.0,11.22,-5.858668427834536,9.004512347341437,0.060554931191321715,10.681914993826233,1.6886579515146356,8.849140117623444,1.628103020323314,1.8327748762027891,2.4514859150372548,7.547326379349171,0.1553722297179938,7.548925486861518
17.5,11.55,-6.179734146680723,9.080780323463667,-0.26895353752577483,10.699919688872644,1.4103108087621097,8.928626609703393,1.6792643462878845,1.7712930791692507,2.4407801861344582,7.590044955442833,0.1521537137602742,7.591569875740738
18.0,11.88,-6.501393970212544,9.154502490587793,-0.5984408038261422,10.718308308883694,1.1319636660095835,9.00811310178334,1.7304044698357257,1.7101952071003534,2.432913330888809,7.633357636222128,0.14638938880445274,7.6347612048855344
18.5,12.21,-6.8228542728527,9.229089847602905,-0.9283354444457681,10.726646539538205,0.8536165232570574,9.08759959386329,1.7819519677028255,1.6390469456749148,2.42112116700636,7.676470796109758,0.1414902537396152,7.677774636926332
19.0,12.540000000000001,-7.1402724179940025,9.319343496476815,-1.2582951790734307,10.721491588089114,0.5752693805045315,9.16708608594324,1.8335645595779622,1.5544055021458743,2.4037752513997006,7.715541798498534,0.15225741053357567,7.717043965369148
19.5,12.870000000000001,-7.445573919374578,9.444607191355924,-1.5878534492316705,10.738560465331295,0.2969222377520053,9.246572578023187,1.8847756869836758,1.4919878873081078,2.4038317840728576,7.742496157126583,0.1980346133327373,7.74502836994144
20.0,13.200000000000001,-7.732069667530083,9.60837588888026,-1.9149717389590422,10.7820762616108,0.01857509499947918,9.326059070103137,1.9335468339585213,1.456017191507664,2.4204523174557453,7.7506447625295625,0.2823168187771241,7.755784745665094
20.5,13.530000000000001,-8.013098352910749,9.781358194314125,-2.2432723571643747,10.815523295649657,-0.25977204775304674,9.405545562183086,1.983500309411328,1.4099777334665706,2.433579808904233,7.753326305157702,0.3758126321310389,7.762428996694247
21.0,13.860000000000001,-8.306744427511603,9.931930379233881,-2.5732091786084395,10.821980373579123,-0.5381191905055731,9.485032054263034,2.0350899881028663,1.3369483193160896,2.4349583298690436,7.76862523700603,0.4468983249708476,7.7814687679067855
21.5,14.190000000000001,-8.582140754682579,10.113745843319686,-2.9026702954014896,10.84083170036204,-0.816466333258099,9.564518546342983,2.0862039621433905,1.276313154019057,2.4456537446631432,7.76567442142448,0.5492272969767029,7.785072243936518
22.0,14.520000000000001,-8.867305855829281,10.279820721275357,-3.230903298435548,10.87493588953645,-1.094813476010625,9.644005038422932,2.136089822424923,1.2309308511135182,2.465374310260085,7.772492379818656,0.6358156828524244,7.79845493523558
22.5,14.850000000000001,-9.152320550234808,10.446153592268807,-3.5597554853562494,10.902435692398871,-1.3731606187631513,9.72349153050288,2.186594866593098,1.1789441618959913,2.4841711791822902,7.779159931471657,0.7226620617659272,7.812654458948629
23.0,15.180000000000001,-9.456754496697606,10.573511247088163,-3.8895156929087036,10.915013669778501,-1.6515077615156772,9.80297802258283,2.2380079313930263,1.1120356471956718,2.499060379745153,7.805246735181928,0.7705332245053338,7.843188002791641
23.5,15.510000000000002,-9.762892660218766,10.696716055581545,-4.217124624441099,10.954667017432918,-1.9298549042682032,9.882464514662777,2.2872697201728958,1.072202502770141,2.526107871759706,7.833037755950563,0.8142515409187681,7.875245142726391
24.0,15.84,-10.0680334393504,10.82237076067029,-4.54355129009255,11.003098742073654,-2.2082020470207295,9.961951006742726,2.3353492430718203,1.0411477353309273,2.5569209400958886,7.85983139232967,0.8604197539275642,7.9067864312120975
24.5,16.17,-10.370244722812584,10.954916376018888,-4.872256778370454,11.032299803286993,-2.486549189773256,10.041437498822676,2.3857075885971977,0.9908623044643168,2.5832941769567386,7.883695533039329,0.9134788771962121,7.936441199728498
25.0,16.5,-10.688267755921899,11.04301490274863,-5.2022508779654855,11.030326422314088,-2.7648963325257814,10.120923990902623,2.437354545439704,0.9094024314114648,2.601482262563531,7.923371423396118,0.9220909118460074,7.976845639900475
25.5,16.830000000000002,-10.990898912498748,11.174599031992845,-5.5320051927830995,11.043057952432893,-3.0432434752783077,10.200410482982573,2.488761717504792,0.8426474694503199,2.6275444133807575,7.94765543722044,0.9741885490102717,8.007138707291286
26.0,17.16,-11.290929179634183,11.312010235330268,-5.861788777934455,11.055007302403446,-3.321590618030834,10.27989697506252,2.540198159903621,0.7751103273409257,2.655824299747312,7.969338561603349,1.0321132602677476,8.035895400730316
26.5,17.490000000000002,-11.577758951041936,11.475193206973072,-6.191707423521728,11.062334463781474,-3.5999377607833596,10.35938346714247,2.5917696627383684,0.7029509966390037,2.6854068757576988,7.9778211902585765,1.1158097398306026,8.055474059249375
27.0,17.82,-11.86665147212198,11.634695906837422,-6.520949197324402,11.039977040332671,-3.878284903535886,10.43886995922242,2.642664293788516,0.6011070811102517,2.710166838522242,7.988366568586094,1.1958259476150026,8.077375819602137
27.5,18.150000000000002,-12.135637639023592,11.825867144254502,-6.850553273975241,11.023816822043676,-4.156632046288412,10.518356451302367,2.693921227686829,0.505460370741309,2.7409308213400156,7.97900559273518,1.3075106929521354,8.085426053157834
28.0,18.48,-12.404838311038393,12.016736204572773,-7.180538553462427,11.02693376313454,-4.434979189040938,10.597842943382316,2.7455593644214895,0.42909081975222385,2.778887395192214,7.969859121997455,1.4188932611904566,8.095178349557084
28.5,18.810000000000002,-12.683277928512258,12.193855879993116,-7.510251858598454,11.013181075532561,-4.713326331793464,10.677329435462266,2.7969255268049897,0.33585164007029533,2.8170177008019093,7.9699515967187935,1.5165264445308502,8.11295143033667
29.0,19.14,-12.97421759859015,12.349593185655463,-7.838030027510017,10.974951872232168,-4.9916734745459905,10.756815927542213,2.8463565529640267,0.2181359446899549,2.854702947237599,7.982544124044159,1.5927772581132498,8.139898653317172
29.5,19.470000000000002,-13.247222704545978,12.534979841383556,-8.167246197589272,10.952220542347012,-5.270020617298517,10.836302419622163,2.8972255802907547,0.11591812272484958,2.8995435975799975,7.977202087247461,1.6986774217613938,8.156056530210368
30.0,19.8,-13.525605520133613,12.712188780169107,-8.496852289730802,10.968339600110712,-5.548367760051042,10.915788911702112,2.9484845296797593,0.052550688408599555,2.9489527966064646,7.977237760082571,1.7963998684669953,8.177002798600196
30.5,20.130000000000003,-13.820337810493156,12.86062353694601,-8.826513370912346,10.983291909437865,-5.826714902803568,10.99527540378206,2.9997984681087786,0.011983494344194767,2.999822403644001,7.993622907689588,1.86534813316395,8.208381743573941
31.0,20.46,-14.13203998551909,12.968982911640136,-9.15615941517607,10.968011677067926,-6.105062045556094,11.074761895862009,3.051097369619976,0.1067502187940832,3.052964259226518,8.026977939962995,1.8942210157781272,8.24745100653942
31.5,20.790000000000003,-14.439645502296457,13.088477037220134,-9.486036399221167,10.959001938042213,-6.383409188308621,11.154248387941958,3.102627210912546,0.19524644989974504,3.1087645111994924,8.056236313987837,1.9342286492781753,8.285178574690155
32.0,21.12,-14.756689650576432,13.180035805459042,-9.815633104391651,10.975311810535928,-6.661756331061147,11.233734880021906,3.153876773330504,0.2584230694859784,3.1644464261851843,8.094933319515285,1.9463009254371357,8.32562506600893
32.5,21.45,-15.078494678629594,13.253121535391106,-10.145499880041053,10.984687861019314,-6.940103473813673,11.313221372101854,3.205396406227379,0.32853351108254003,3.2221887575000348,8.138391204815921,1.939900163289252,8.3663985110772
33.0,21.78,-15.396584138065796,13.340979920281706,-10.475409043366879,10.97694551294826,-7.2184506165662,11.392707864181803,3.2569584268006793,0.41576235123354266,3.2833879646808724,8.178133521499596,1.9482720560999027,8.406998982993581
33.5,22.11,-15.70394460411466,13.46110295683267,-10.80540853305411,10.977525862986997,-7.496797759318726,11.472194356261753,3.308610773735383,0.49466849327475515,3.34538520507229,8.207146844795934,1.9889086005709178,8.444703473389035
34.0,22.44,-15.776705491366368,13.782981588130781,-10.790841729838112,11.307204203561664,-7.409797811203775,11.782602692609307,3.3810439186343375,0.4753984890476435,3.4143025207387554,8.366907680162594,2.0003788955214734,8.602712354485154
34.5,22.77,-15.852915020114972,14.1040611853149,-10.75972267191294,11.635733660739936,-7.322797863088824,12.093011028956862,3.4369248088241156,0.45727736821692666,3.4672113770282427,8.530117157026147,2.0110501563580367,8.763972925789966
35.0,23.1,-15.873980198629338,14.433388163034852,-10.713603686766612,11.962495101563471,-7.235797914973874,12.40341936530442,3.477805771792738,0.44092426374094806,3.505645046588485,8.638182283655464,2.029968797730433,8.873497984753152
35.5,23.43,-15.937176976853447,14.757280378474022,-10.669882141963441,12.289585955180664,-7.148797966858924,12.713827701651974,3.5210841751045177,0.42424174647130997,3.5465497074791563,8.788379009994523,2.0434526768220476,9.022821314074857
36.0,23.76,-15.905158441896319,15.08572339243413,-10.618749318675178,12.615600424771465,-7.061798018743974,13.024236037999529,3.556951299931204,0.4086356132280642,3.580347136030326,8.843360423152344,2.0614873544346004,9.080459993098971
36.5,24.09,-15.919776555985585,15.41539946184238,-10.572855027987206,12.942393500099337,-6.974798070629024,13.334644374347086,3.5980569573581818,0.3922508742477486,3.6193748930915874,8.944978485356561,2.0807550874952945,9.183799967204715
37.0,24.42,-15.94727476612161,15.744251781948709,-10.535056843281287,13.270221652082869,-6.887798122514074,13.64505271069464,3.647258720767214,0.3748310586117718,3.6664689414629597,9.059476643607537,2.099199071254068,9.299502879015868
37.5,24.75,-15.99765632826692,16.070383194412763,-10.476882653468335,13.59505355267086,-6.800798174399124,13.955461047042196,3.6760844790692113,0.36040749437133535,3.693709606784564,9.196858153867797,2.1149221473705673,9.43690074080485
38.0,25.080000000000002,-16.0521235719616,16.395857186252822,-10.438914548515424,13.922862068433163,-6.713798226284173,14.26586938338975,3.7251163222312504,0.3430073149565871,3.7408749821756144,9.33832534567743,2.129987802863072,9.578161008359952
38.5,25.41,-16.196311681652972,16.69269011741719,-10.40577524910879,14.251193892712866,-6.626798278169224,14.576277719737305,3.778976970939567,0.3250838270244394,3.792933751264902,9.569513403483748,2.116412397679884,9.800754471800028
39.0,25.740000000000002,-16.385626581222855,16.962986008619488,-10.380102841443119,14.580193782507145,-6.539798330054273,14.886686056084862,3.8403045113888457,0.30649227357771736,3.8525155747843978,9.845828251168582,2.076299952534626,10.06237325109761
39.5,26.07,-16.53803121051812,17.25568522107038,-10.335540128808177,14.907171097687595,-6.452798381939323,15.197094392432417,3.882741746868853,0.28992329474482226,3.8935509486475053,10.085232828578796,2.0585908286379624,10.293187912711776
40.0,26.400000000000002,-16.656340219236785,17.563748491286105,-10.290572322568504,15.234092948291055,-6.365798433824374,15.507502728779972,3.924773888744131,0.27340978048891706,3.9342855750230847,10.290541785412412,2.0562457625061334,10.493969547942442
40.5,26.73,-16.819401126809556,17.85064767291886,-10.251523510776162,15.561774486217143,-6.278798485709423,15.817911065127529,3.9727250250667385,0.256136578910386,3.98097350805647,10.540602641100133,2.032736607791332,10.734818217101866
41.0,27.060000000000002,-16.97675751679155,18.140714848814092,-10.184359195364568,15.884867282075069,-6.191798537594473,16.128319401475082,3.9925606577700945,0.243452119400013,3.9999761924808914,10.784958979197079,2.01239544733901,10.971101841630787
41.5,27.39,-17.12238653900086,18.43684351660963,-10.098100558285305,16.20339427862203,-6.104798589479524,16.43872773782264,3.993301968805781,0.2353334592006071,4.0002302997561845,11.017587949521337,1.9981157787869925,11.197308198441059
42.0,27.720000000000002,-17.29354970748943,18.71898385359276,-10.02345458358143,16.52484097476388,-6.017798641364573,16.749136074170195,4.0056559422168565,0.22429509940631576,4.011930684724613,11.275751066124856,1.9698477794225653,11.446521846365028
42.5,28.05,-17.452997949563176,19.007906435090973,-9.97167814775452,16.85075384761959,-5.930798693249623,17.05954441051775,4.040879454504897,0.20879056289815878,4.046269919938007,11.522199256313552,1.9483620245732247,11.685768707320527
43.0,28.380000000000003,-17.568995811176066,19.316847361646904,-9.911726239040172,17.175262350807884,-5.843798745134673,17.369952746865305,4.0679274939055,0.1946903960574211,4.072583755552398,11.725197066041392,1.9468946147815984,11.885732828840267
43.5,28.71,-17.692294225351482,19.622947837082386,-9.857115852520144,17.500712355699775,-5.756798797019723,17.68036108321286,4.100317055500421,0.17964872751308292,4.104250677154687,11.935495428331759,1.9425867538695272,12.092547060732809
44.0,29.040000000000003,-17.756495516035322,19.946642437399614,-9.837423905772827,17.830124297246073,-5.669798848904772,17.990769419560415,4.167625056868054,0.16064512231434236,4.170720018169265,12.08669666713055,1.955873017839199,12.243924027252708
44.5,29.37,-17.91393396490669,20.236665082751625,-9.832748333687363,18.160091172895243,-5.582798900789823,18.301177755907972,4.24994943289754,0.14108658301272925,4.252290630482862,12.331135064116868,1.9354873268436528,12.482107320555487
45.0,29.700000000000003,-18.052306512904046,20.53625319660249,-9.788387759791837,18.487095973293737,-5.495798952674873,18.61158609225553,4.292588807116964,0.1244901189617913,4.2943936075661435,12.556507560229173,1.9246671043469625,12.703158094452249
45.5,30.03,-18.20327708609516,20.829694649076995,-9.719107405585518,18.809741649726952,-5.408799004559922,18.92199442860308,4.310308401025596,0.11225277887612961,4.311769845239567,12.794478081535237,1.907700220473913,12.935918580065422
46.0,30.360000000000003,-18.370289738015007,21.114311539121665,-9.657602285935797,19.133959354759963,-5.321799056444973,19.232402764950635,4.335803229490824,0.09844341019067215,4.336920652937177,13.048490681570033,1.8819087741710305,13.183500661862231
46.5,30.69,-18.508857709056787,21.413809314407835,-9.608996842830212,19.46036019866284,-5.234799108330023,19.54281110129819,4.374197734500189,0.08245090263535104,4.3749747395673015,13.274058600726764,1.8709982131096439,13.405270084895255
47.0,31.020000000000003,-18.650061780813626,21.712073308411956,-9.583028188386708,19.789336837630405,-5.147799160215072,19.85321943764575,4.435229028171635,0.06388260001534363,4.4356890692338915,13.502262620598554,1.8588538707662075,13.629616046993966
47.5,31.35,-18.741223506659395,22.0292318487996,-9.56198970578476,20.118665521849998,-5.060799212100122,20.163627773993305,4.501190493684637,0.04496225214330707,4.501415051353824,13.680424294559273,1.8656040748062956,13.807044848304848
48.0,31.68,-18.815673959722204,22.350723886086286,-9.559632570691887,20.448657103430733,-4.973799263985172,20.474036110340858,4.585833306706715,0.025379006910124957,4.585903532663154,13.841874695737033,1.8766877757454274,13.968516460244356
48.5,32.01,-18.92766689555855,22.661139063425853,-9.587362527483714,20.77748996294499,-4.886799315870222,20.784444446688415,4.700563211613492,0.006954483743424333,4.700568356190375,14.040867579688326,1.8766946167374385,14.165731363923078
49.0,32.34,-19.04497289815276,22.969585658082636,-9.583788862591533,21.107470612255277,-4.799799367755272,21.094852783035968,4.783989494836261,0.012617829219308874,4.784006134644677,14.245173530397489,1.8747328750466679,14.368005855508203
49.5,32.67,-19.180805916261267,23.270333710763836,-9.563241792069782,21.436830321225536,-4.712799419640322,21.405261119383525,4.85044237242946,0.03156920184201084,4.850545105734413,14.468006496620944,1.8650725913803115,14.58772455722221
50.0,33.0,-19.222704673351597,23.597663046684534,-9.537117106865608,21.765794606252015,-4.625799471525372,21.71566945573108,4.911317635340236,0.050125150520933914,4.9115734185613835,14.596905201826225,1.8819935909534529,14.717728810774146
50.5,33.33,-19.259456223375796,23.925610182014026,-9.515161622889309,22.095063427617426,-4.538799523410422,22.026077792078635,4.976362099478887,0.068985635538791,4.976840238850411,14.720656699965375,1.8995323899353913,14.842707198440895
51.0,33.660000000000004,-19.343058174903092,24.244844756740555,-9.483899205578853,22.42357927390784,-4.451799575295472,22.33648612842619,5.032099630283381,0.08709314548164926,5.032853256860171,14.891258599607621,1.9083586283143639,15.013041508456899
51.5,33.99,-19.38356447675262,24.572349320846882,-9.428031417966407,22.748815788320492,-4.364799627180522,22.646894464773744,5.063231790785885,0.10192132354674754,5.064257509587991,15.018764849572099,1.925454856073138,15.14168663027729
52.0,34.32,-19.48174613558088,24.88740544579882,-9.371855974887186,23.073999305115013,-4.277799679065572,22.9573028011213,5.0940562958216145,0.11669650399371179,5.095392783588345,15.20394645651531,1.9301026446775182,15.32596763899675
52.5,34.65,-19.550366570854308,25.210192118173758,-9.325577993810356,23.40073826585807,-4.190799730950621,23.267711137468858,5.134778262859735,0.13302712838921238,5.136501146269152,15.359566839903687,1.9424809807049002,15.481909632531421
53.0,34.980000000000004,-19.61166236079951,25.53444946371121,-9.269138856054319,23.72587611928236,-4.103799782835671,23.578119473816415,5.1653390732186475,0.1477566454659467,5.167451960840916,15.507862577963838,1.956329989894794,15.630771854466207
53.5,35.31,-19.670252462831712,25.85920660365405,-9.185583069675074,24.0451227802869,-4.016799834720722,23.888527810163968,5.168783234954352,0.15659497012293144,5.171154814411669,15.65345262811099,1.9706787934900838,15.7770134717451
54.0,35.64,-19.760858621033687,26.17652430580109,-9.111339571994847,24.36666267369393,-3.9297998866057715,24.19893614651152,5.181539685389076,0.16772652718240977,5.184253629904945,15.831058734427916,1.9775881592895708,15.954099021275653
54.5,35.97,-19.926036559022553,26.46220988261894,-9.053425705029783,24.691541087894002,-3.8427999384908214,24.509344482859078,5.2106257665389615,0.18219660503492463,5.213810169329719,16.083236620531732,1.9528653997598617,16.20136362969464
55.0,36.300000000000004,-20.131370816065456,26.720546567750258,-8.986683353578796,25.014721313964213,-3.755799990375871,24.819752819206634,5.230883363202924,0.19496849475757827,5.234515591091612,16.375570825689586,1.9007937485436237,16.48551900128347
55.5,36.63,-20.390580020901034,26.924778269815604,-8.920743243560116,25.338066179225322,-3.668800042260921,25.13016115555419,5.251943201299195,0.20790502367113106,5.256056686199315,16.721779978640114,1.7946171142614133,16.817805333659006
56.0,36.96,-20.63378046466595,27.14783329475911,-8.874885461998964,25.664864379756306,-3.581800094145971,25.440569491901744,5.293085367852994,0.22429488785456186,5.297835492736364,17.051980370519978,1.7072638028573657,17.13723385640593
56.5,37.29,-20.846286407363525,27.400303539180538,-8.845534106099734,25.993556481740637,-3.4948001460310207,25.7509778282493,5.350733960068713,0.24257865349133567,5.356229860131311,17.351486261332504,1.6493257109312367,17.429697380561414
57.0,37.620000000000005,-21.034189607518947,27.67158270788199,-8.804759635884364,26.321027766861416,-3.407800197916071,26.061386164596854,5.3969594379682935,0.259641602264562,5.403201359999602,17.626389409602876,1.6101965432851344,17.69978351638708
57.5,37.95,-21.240884557044758,27.928831999116234,-8.775103687918158,26.64969252729403,-3.3208002498011204,26.37179450094441,5.454303438117037,0.277898026349618,5.461378334093358,17.920084307243638,1.5570374981718231,17.98760093368298
58.0,38.28,-21.451502535147718,28.182879371273124,-8.786903168622095,26.979481508697468,-3.2338003016861707,26.682202837291968,5.553102866935924,0.29727867140550046,5.561054401751937,18.217702233461548,1.5006765339811565,18.279406574796447
58.5,38.61,-21.693755918838594,28.406962610473027,-8.826692944845261,27.30707389827346,-3.146800353571221,26.99261117363952,5.67989259127404,0.3144627246339411,5.688590919867058,18.546955565267375,1.4143514368335062,18.600805109641772
59.0,38.940000000000005,-21.897001217099177,28.66694597289256,-8.846254605222796,27.63649360236427,-3.0598004054562704,27.303019509987077,5.786454199766526,0.33347409237719106,5.796055311699713,18.83720081164291,1.3639264629054821,18.886514496178858
59.5,39.27,-22.087447229726003,28.93644609585087,-8.849277548169907,27.96647975634037,-2.9728004573413207,27.61342784633463,5.876477090828586,0.353051910005739,5.887073012133611,19.11464677238468,1.3230182495162381,19.160378350168067
60.0,39.6,-22.288473728346087,29.198148879276168,-8.84183479895866,28.2963958145797,-2.88580050922637,27.923836182682187,5.9560342897322895,0.37255963189751284,5.967675019619151,19.402673219119716,1.2743126965939808,19.444474816683687
60.5,39.93,-22.483458317417647,29.464383756827168,-8.855865508262116,28.626097405713928,-2.7988005611114204,28.234244519029744,6.057064947150696,0.39185288668418394,6.06972688502575,19.684657756306226,1.2301392377974238,19.723057408203115
61.0,40.260000000000005,-22.76256527807113,29.64044995038736,-9.183494492313995,28.665584730378104,-3.19855567930998,28.44032652637855,5.984938813004016,0.2252582039995552,5.989176391948313,19.56400959876115,1.2001234240088117,19.60078487748062
61.5,40.59,-23.049960029639205,29.802635821446227,-9.513374146747486,28.67449616072575,-3.5983107975085398,28.64640853372735,5.915063349238946,0.028087626998399173,5.915130035789598,19.451649232130666,1.1562272877188775,19.485982638571638
62.0,40.92,-23.34651867489307,29.94738722878029,-9.842879977023491,28.656443243672815,-3.9980659157071,28.852490541076154,5.8448140613163915,0.19604729740333937,5.848101055400886,19.348452759185967,1.0948966877041357,19.379407187300558
62.5,41.25,-23.656075800810925,30.061730509271438,-10.172183650322342,28.635016840524262,-4.397821033905659,29.05857254842496,5.774362616416683,0.42355570790069663,5.789875910895309,19.258254766905267,1.0031579608464796,19.284364199045793
63.0,41.580000000000005,-23.957485002989515,30.19609007477411,-10.501677537023651,28.616747231156104,-4.797576152104219,29.264654555773763,5.704101384919432,0.647907324617659,5.740780130847461,19.159908850885294,0.9314355190003454,19.18253578910484
63.5,41.910000000000004,-24.26013060320761,30.327640980010933,-10.831462584798565,28.60483831583616,-5.197331270302779,29.470736563122564,5.634131314495786,0.8658982472864025,5.700282049481032,19.06279933290483,0.8569044168883693,19.082049250179594
64.0,42.24,-24.567155311291796,30.44861960880884,-11.161221594436407,28.59222897157605,-5.597086388501339,29.67681857047137,5.564135205935068,1.0845895988953203,5.668856603227674,18.970068922790457,0.7718010383374718,18.985762870588033
64.5,42.57,-24.818188003877825,30.6628218199389,-11.378125248616614,28.84093121282705,-5.554485225840471,29.99740304055546,5.823640022776143,1.15647182772841,5.937357173289275,19.263702778037356,0.6654187793834403,19.275192006112942
65.0,42.9,-24.993262260457236,30.942552055493028,-11.386545651571046,29.170823766265418,-5.511884063179605,30.317987510639554,5.874661588391441,1.1471637443741365,5.98561888483792,19.481378197277632,0.6245645448534738,19.491387260429985
65.5,43.230000000000004,-25.138760042181623,31.238745228124138,-11.346402945740756,29.49837309563219,-5.4692829005187376,30.638571980723647,5.877120045222019,1.1401988850914577,5.986701389205433,19.669477141662885,0.600173247400491,19.678631531519002
66.0,43.56,-25.26588998329891,31.54327433686666,-11.291254034458877,29.82373227805129,-5.426681737857871,30.959156450807736,5.864572296601006,1.1354241727564478,5.9734743888410256,19.839208245441036,0.5841178860589231,19.847805357539897
66.5,43.89,-25.39075243945729,31.848740156627393,-11.219283051381279,30.145788449541364,-5.384080575197004,31.27974092089183,5.835202476184275,1.1339524713504652,5.944361710507607,20.006671864260287,0.5689992357355642,20.01476153279004
67.0,44.22,-25.485495457916038,32.164847354352034,-11.140226485302547,30.466178929050102,-5.3414794125361365,31.60032539097592,5.79874707276641,1.1341464619258197,5.9086170810956995,20.1440160453799,0.5645219633761123,20.151924659537034
67.5,44.550000000000004,-25.61965303949358,32.46634651406109,-11.081939619941522,30.790990630388563,-5.29887824987527,31.920909861060014,5.783061370066252,1.129919230671451,5.892411753925019,20.320774789618312,0.5454366530010724,20.328093594649356
68.0,44.88,-25.743679068064118,32.77215289763903,-11.02876957937398,31.116679050179698,-5.256277087214403,32.241494331144104,5.772492492159578,1.1248152809644054,5.881061042731127,20.487401980849715,0.5306585664949282,20.494273308393232
68.5,45.21,-25.865405289411598,33.078881975224554,-10.96627848552407,31.440708158732374,-5.213675924553536,32.562078801228196,5.752602560970534,1.1213706424958225,5.8608794853960475,20.651729364858063,0.5168031739963581,20.658194773019098
69.0,45.54,-25.925700101320952,33.4033269407531,-10.90197634525635,31.7643827403062,-5.171074761892669,32.88266327131229,5.73090158336368,1.1182805310060893,5.838988294578745,20.754625339428284,0.5206636694408076,20.7611551614238
69.5,45.870000000000005,-26.06207145324582,33.703831274123154,-10.849456135263972,32.09017658239404,-5.128473599231802,33.20324774139638,5.720982536032171,1.1130711590023452,5.828256049847837,20.933597854014018,0.5005835327267718,20.93958220659661
70.0,46.2,-26.079144860089443,34.03338930964763,-10.799355953548076,32.4163513389158,-5.085872436570935,33.523832211480475,5.713483516977141,1.1074808725646719,5.819828844722677,20.99327242351851,0.5095570981671571,20.999455599713894
70.5,46.53,-26.061115234476244,34.36289641518596,-10.707076005858697,32.73318632949362,-5.043271273910068,33.84441668156457,5.6638047319486295,1.1112303520709474,5.77178628649809,21.017843960566175,0.5184797336213904,21.024238059556026
71.0,46.86,-26.043596704181347,34.69243108877328,-10.611523577501478,33.04904980227108,-5.000670111249201,34.16500115164866,5.610853466252276,1.115951349377582,5.72075379945098,21.042926592932147,0.5274299371246229,21.049535432738324
71.5,47.190000000000005,-26.04753616779391,35.02240757373311,-10.539149539533895,33.37101563683783,-4.958068948588334,34.48558562173275,5.581080590945561,1.1145699848949207,5.691285163639045,21.089467219205577,0.5368219520003592,21.09629838142455
72.0,47.52,-26.06888125847696,35.351716527610364,-10.485743107175058,33.696665376562436,-4.915467785927467,34.806170091816846,5.570275321247591,1.1095047152544097,5.679697867639767,21.153413472549495,0.5455464357935185,21.16044712321187
72.5,47.85,-26.07342686838821,35.68168521920175,-10.41603524594312,34.01921895983577,-4.8728666232666,35.12675456190094,5.543168622676519,1.1075356020651697,5.652729737858281,21.20056024512161,0.5549306573008153,21.207821734950606
73.0,48.18,-26.07194690151336,36.011681900545746,-10.34873837379887,34.342284171518486,-4.830265460605733,35.44733903198503,5.518472913193137,1.105054860466545,5.628027144416335,21.241681440907627,0.5643428685607148,21.249176767825496
73.5,48.510000000000005,-26.079547328539498,36.341594363949326,-10.303987337445252,34.669235765405524,-4.7876642979448665,35.767923502069124,5.516323039500385,1.0986877366635994,5.624671956551578,21.291883030594633,0.5736708618802027,21.299609884838127
74.0,48.84,-26.078359486649386,36.67159222611156,-10.25426156579593,34.99546781109368,-4.745063135283999,36.08850797215322,5.5091984305119315,1.093040161059534,5.6165829594553465,21.333296351365387,0.5830842539583401,21.341263328640924
74.5,49.17,-26.065013851203858,37.0013222581295,-10.18603327744097,35.31833760012349,-4.702461972623132,36.40909244223731,5.483571304817838,1.0907548421138173,5.591001733197401,21.362551878580724,0.592229815892189,21.370759437134762
75.0,49.5,-26.033435840646067,37.32980791877424,-10.117811632931545,35.6412087930479,-4.659860809962265,36.729676912321395,5.45795082296928,1.088468119273493,5.565428108656675,21.373575030683803,0.6001310064528482,21.38199866282795
75.5,49.830000000000005,-25.99236285334734,37.65724189641609,-10.062236931618752,35.966495516684134,-4.617259647301398,37.05026138240549,5.444977284317354,1.0837658657213538,5.551785845872907,21.375103206045942,0.6069805140106013,21.383719564507576
76.0,50.160000000000004,-25.958486983008026,37.98549854205903,-10.012613531665417,36.29274314989711,-4.574658484640532,37.37084585248958,5.437955047024886,1.0781027025924672,5.543794777117982,21.383828498367492,0.6146526895694464,21.392660404362722
76.5,50.49,-25.936023208375666,38.314733076744055,-9.953196916524412,36.61735009043472,-4.532057321979664,37.69143032257367,5.421139594544748,1.0740802321389538,5.526518148763511,21.403965886396,0.623302754170382,21.41303953177503
77.0,50.82,-25.90582504739322,38.64334846146193,-9.888246091084662,36.94089512636433,-4.489456159318797,38.012014792657766,5.398789931765865,1.0711196662934341,5.504019446446119,21.416368888074423,0.6313336688041673,21.425672417720005
77.5,51.150000000000006,-25.8628782732078,38.97054194334546,-9.82910675952555,37.26555269898931,-4.4468549966579305,38.33259926274186,5.382251762867619,1.0670465637525481,5.487004866783673,21.416023276549872,0.6379426806036008,21.425522720471992
78.0,51.480000000000004,-25.807961019724786,39.29594030730859,-9.775318649326662,37.591139613961694,-4.404253833997063,38.65318373282595,5.371064815329599,1.0620441188642573,5.475059356836758,21.403707185727722,0.6427565744826396,21.413356049587676
78.5,51.81,-25.719057641297304,39.61373928355644,-9.695118247557263,37.911245683188795,-4.361652671336197,38.973768202910044,5.333465576221066,1.0625225197212487,5.4382726262711305,21.35740496996111,0.6399710806463972,21.366991132000386
79.0,52.14,-25.649818347760842,39.936393774042116,-9.617103582891529,38.231891456741316,-4.319051508675329,39.29435267299414,5.2980520742162,1.0624612162528209,5.4035339933369535,21.330766839085513,0.6420411010479796,21.340427144714443
79.5,52.470000000000006,-25.96952235813741,40.01818219467204,-9.944130212680946,38.27609081656219,-4.6000649021823765,39.396366903127465,5.34406531049857,1.1202760865652763,5.460224588146918,21.369457455955036,0.6218152915445785,21.378502431617395
80.0,52.800000000000004,-26.289477604773992,40.09898219559855,-10.26802187385425,38.33929043540912,-4.881078295689424,39.498381133260786,5.386943578164827,1.159090697851667,5.510231606763687,21.40839930908457,0.6006010623377662,21.416822421015073
80.5,53.13,-26.614957393629144,40.15341478736861,-10.593331362289593,38.39473172628457,-5.162091689196471,39.600395363394114,5.431239673093122,1.205663637109545,5.563451194396236,21.452865704432675,0.5530194239744972,21.45999248405546
81.0,53.46,-26.94411775758402,40.1769404074687,-10.919259023929449,38.44641498641757,-5.443105082703518,39.70240959352744,5.476153941225931,1.2559946071098693,5.61834356737761,21.501012674880503,0.4745308139412572,21.5062485231328
81.5,53.79,-27.27253207461731,40.20925195908044,-11.245386229889672,38.49682377069749,-5.724118476210565,39.80442382366077,5.521267753679107,1.3076000529632807,5.673994669219059,21.548413598406746,0.40482813541967033,21.55221599806452
82.0,54.120000000000005,-27.596405933659163,40.27254274379146,-11.565335774891077,38.5776463458445,-6.005131869717612,39.90643805379409,5.560203905173465,1.3287917079495912,5.716778364623019,21.59127406394155,0.3661046899973712,21.594377702269476
82.5,54.45,-27.922132288640196,40.32547989209744,-11.886336114358294,38.65418902715324,-6.286145263224659,40.00845228392742,5.600190851133634,1.354263256774182,5.761611453210766,21.635987025415538,0.3170276081700223,21.63830957048844
83.0,54.78,-28.24227039032124,40.40555233337442,-12.208712842892457,38.72471026437728,-6.567158656731706,40.11046651406075,5.64155418616075,1.3857562496834674,5.809255892016178,21.675111733589535,0.2950858193136767,21.677120295471692
83.5,55.11,-28.55728784934636,40.50385798178466,-12.530298244899848,38.79875639334932,-6.8481720502387535,40.212480744194075,5.682126194661095,1.4137243508447526,5.855354355820422,21.709115799107607,0.29137723759058787,21.711071126815682
84.0,55.440000000000005,-28.858718363934337,40.63816972689739,-12.850196732307065,38.87978082024995,-7.129185443745801,40.314494974327395,5.7210112885612645,1.4347141540774473,5.898167076961756,21.729532920188536,0.32367475256999256,21.73194345370447
84.5,55.77,-29.164238766755357,40.76289856662615,-13.172606767931107,38.95014962675471,-7.410198837252848,40.41650920446072,5.762407930678259,1.4663595777060152,5.946053781347244,21.75403992950251,0.34638936216542504,21.756797531911975
85.0,56.1,-29.453563914945544,40.92161516507989,-13.495343782244758,39.019003236623114,-7.691212230759895,40.51852343459405,5.804131551484863,1.4995201979709378,5.994706322336807,21.76235168418565,0.40309173048584057,21.766084484108852
85.5,56.43,-29.745272845015236,41.0759067724913,-13.818070662547107,39.087904330448346,-7.972225624266942,40.62053766472738,5.845845038280165,1.5326333342790335,6.043415354658994,21.773047220748296,0.4553691077639215,21.777808574354786
86.0,56.760000000000005,-30.034162387328315,41.23541486740231,-14.13789805138922,39.16920895114383,-8.25323901777399,40.7225518948607,5.884659033615231,1.5533429437168706,6.0862210149405795,21.780923369554326,0.5128629725416118,21.786960578726948
86.5,57.09,-30.331050862034342,41.37948857626944,-14.460467575044884,39.23884301183655,-8.534252411281036,40.82456612499403,5.926215163763848,1.5857231131574778,6.134699989308883,21.796798450753307,0.5549224512754094,21.80386116332819
87.0,57.42,-30.629355679931713,41.52060638386017,-14.782379441347489,39.31145671807425,-8.815265804788083,40.926580355127356,5.9671136365594055,1.6151236370531095,6.181833831039207,21.81408987514363,0.594026028732813,21.822176426829106
87.5,57.75,-30.92647498606921,41.66420345179811,-15.100430525069775,39.39945392338827,-9.09627919829513,41.028594585260684,6.004151326774645,1.6291406618724125,6.221248464012333,21.83019578777408,0.6356088665374244,21.839447034294853
88.0,58.080000000000005,-31.230330925039627,41.79293405558915,-15.417293269466343,39.49163852738197,-9.377292591802178,41.130608815394005,6.040000677664166,1.6389702880120325,6.25842087040891,21.85303833323745,0.6623252401951447,21.863072956877424
88.5,58.410000000000004,-31.54180465111432,41.90194835724332,-15.735729673887727,39.5782310001448,-9.658305985309225,41.23262304552733,6.077423688578502,1.6543920453825365,6.298578548396467,21.883498665805092,0.669325311715987,21.893732213334413
89.0,58.74,-31.866220228359857,41.9624010928344,-16.061801228775916,39.62899852020239,-9.939319378816272,41.33463727566066,6.1224818499596445,1.7056387554582741,6.355626449627646,21.926900849543586,0.6277638171737365,21.935885399861746
89.5,59.07,-32.19294837353032,42.00875537153086,-16.386803444839547,39.686213549292034,-10.220332772323319,41.43665150579399,6.166470672516228,1.7504379565019548,6.410100903618092,21.972615601207004,0.5721038657368709,21.98006231091251
90.0,59.400000000000006,-32.518611253239364,42.06208162003581,-16.711800167157275,39.74345977609113,-10.501346165830366,41.53866573592731,6.210454001326909,1.7952059598361814,6.464712162256627,22.017265087408997,0.5234158841085019,22.02348578488374
90.5,59.730000000000004,-32.84222195428964,42.12670448105067,-17.039297697299986,39.78402290898819,-10.782359559337413,41.64067996606064,6.256938137962573,1.8566570570724465,6.526595612558469,22.059862394952226,0.4860245149900351,22.065215809354747
91.0,60.06,-33.16967625785281,42.16761510409609,-17.366921637302024,39.823552061996324,-11.06337295284446,41.742694196193966,6.303548684457564,1.9191421341976422,6.589220936391446,22.106303305008346,0.424920907902127,22.110386780673814
91.5,60.39,-33.49843492374592,42.196211250692826,-17.691494354501028,39.88315534420508,-11.344386346351508,41.844708426327294,6.347108008149521,1.9615530821222151,6.6433026847419,22.154048577394413,0.35150282436553226,22.15683692689659
92.0,60.720000000000006,-33.82574697389798,42.23824483042682,-18.014006672883177,39.953053874173676,-11.625399739858555,41.946722656460615,6.388606933024622,1.9936687822869388,6.692459470042068,22.200347234039423,0.2915221739662073,22.202261202180193
92.5,61.050000000000004,-34.15034636493637,42.297702675472756,-18.337883185520077,40.016331078300915,-11.906413133365602,42.04873688659394,6.431470052154475,2.032405808293028,6.744959629333827,22.243933231570765,0.24896578887881304,22.24532646590313
93.0,61.38,-34.47868880226332,42.330736655708215,-18.66029918887764,40.086672536765576,-12.187426526872649,42.15075111672727,6.472872662004992,2.064078579961695,6.794004775004819,22.29126227539067,0.17998553898094372,22.291988888937155
93.5,61.71,-34.80511184280685,42.379192807044426,-18.978433103477634,40.17436981369755,-12.468439920379696,42.2527653468606,6.509993183097938,2.0783955331630466,6.833720746142158,22.336671922427158,0.12642746018382667,22.337029714642775
94.0,62.040000000000006,-35.131857843340626,42.42542105744594,-19.294925151484183,40.26781917725141,-12.749453313886743,42.35477957699392,6.5454718375974394,2.086960399742509,6.87012411000519,22.382404529453883,0.0706414804520179,22.382516005553935
94.5,62.370000000000005,-35.453161330741786,42.50068106663976,-19.614194567984832,40.351287971943414,-13.03046670739379,42.45679380712725,6.583727860591042,2.105505835183834,6.912208573554177,22.422694623347994,0.04388725951250905,22.422737572907252
95.0,62.7,-35.7828089886401,42.51592644765032,-19.938234098883218,40.41372499954045,-13.311480100900837,42.558808037260576,6.62675399798238,2.145083037720127,6.965288923547254,22.47132888773926,0.04288158961025346,22.471369802743947
95.5,63.03,-36.10250154751732,42.59775961817752,-20.25871842062281,40.492400278498415,-13.592493494407885,42.660822267393904,6.666224926214925,2.1684219888954885,7.010036282988459,22.510008053109438,0.06306264921638416,22.51009638914898
96.0,63.36,-36.427711951489776,42.653779196434336,-20.578747897889468,40.57290576700964,-13.873506887914932,42.762836497527225,6.705241009974536,2.189930730517588,7.053797105553124,22.554205063574845,0.10905730109288925,22.55446872672258
96.5,63.690000000000005,-36.735679661953604,42.77233673230477,-20.90116754214372,40.6432305350431,-14.154520281421979,42.86485072766055,6.746647260721742,2.2216201926174506,7.10301665075127,22.581159380531624,0.09251399535578031,22.58134889257743
97.0,64.02,-37.06277150482664,42.81605087562154,-21.226291352512945,40.69975051320125,-14.435533674929026,42.96686495779388,6.790757677583919,2.267114444592629,7.159203708552053,22.627237829897616,0.15081408217233871,22.62774042404878
97.5,64.35000000000001,-37.378930841503276,42.91061975968069,-21.546883779577456,40.77798411026086,-14.716547068436073,43.06887918792721,6.830336711141383,2.290895077666349,7.20428343726436,22.662383773067205,0.15825942824651662,22.66293635706566
98.0,64.68,-37.70160968891856,42.97974545266632,-21.867859728876827,40.85462900553359,-14.99756046194312,43.17089341806053,6.870299266933706,2.316264412526941,7.25024777824652,22.70404922697544,0.19114796539420809,22.70485386091702
98.5,65.01,-38.02502891987023,43.04531984592032,-22.18935727151521,40.929055681379566,-15.278573855450167,43.27290764819386,6.910783416065042,2.3438519668142916,7.297435814455571,22.74645506442006,0.2275878022735398,22.747593591530176
99.0,65.34,-38.34800182051583,43.11305835379115,-22.511710954073557,40.999682187318,-15.559587248957214,43.374921878327186,6.9521237051163425,2.3752396910091846,7.346685484011548,22.78841457155862,0.26186352453603234,22.789919069419874
99.5,65.67,-38.66292862264417,43.21165403980843,-22.83022562035671,41.0859863434319,-15.840600642464262,43.476936108460514,6.989624977892449,2.3909497650286156,7.387252406034899,22.822327980179914,0.26528206865208404,22.82386972033558
100.0,66.0,-38.968182660202636,43.337033354506886,-23.14633989037867,41.18070576218267,-16.12161403597131,43.578950338593835,7.024725854407361,2.398244576411166,7.422826306594059,22.846568624231328,0.24191698408694862,22.84784938957934
100.5,66.33,-39.26880503038447,43.473144303905734,-23.464640635276623,41.267795576727245,-16.402627429478358,43.68096456872716,7.062013205798266,2.4131689919999175,7.4629360912993885,22.866177600906113,0.20782026482142868,22.867121973231587
101.0,66.66,-39.546753173955,43.65103424034312,-23.782617515769843,41.35606053847198,-16.683640822985403,43.78297879886049,7.09897669278444,2.4269182603885113,7.502359783914918,22.863112350969594,0.1319445585173682,22.86349307825864
101.5,66.99000000000001,-39.78308538625495,43.88135376932278,-24.097137604437272,41.45594604204799,-16.96465421649245,43.88499302899382,7.1324833879448235,2.4290469869458278,7.534758691829452,22.818431169762505,0.0036392596710399516,22.818431459971126
102.0,67.32000000000001,-40.03868451164932,44.09008586339945,-24.411859274754377,41.555194569658276,-17.245667609999497,43.98700725912714,7.16619166475488,2.431812689468863,7.56756340790509,22.793016901649825,0.10307860427231219,22.79324998058753
102.5,67.65,-40.283881448354585,44.31094432991219,-24.727131975424594,41.65267853865886,-17.526681003506546,44.08902148926047,7.200450971918048,2.436342950601606,7.60146440970039,22.75720044484804,0.22192284065172174,22.758282488672002
103.0,67.98,-40.527878369111775,44.53312781863494,-25.042306900989477,41.75047816184408,-17.80769439701359,44.191035719393795,7.234612503975885,2.4405575575497167,7.63517775001979,22.720183972098184,0.3420920992411425,22.72275922352632
103.5,68.31,-40.756183664943485,44.77140642005604,-25.355425579719952,41.85467361774347,-18.088707790520637,44.293049949527116,7.2667177891993155,2.438376331783644,7.664911386524207,22.66747587442285,0.4783564705289223,22.672522740763515
104.0,68.64,-40.992506631434566,45.001735435833154,-25.6673464935049,41.962401717808234,-18.369721184027686,44.395064179660444,7.297625309477215,2.4326624618522104,7.692410663168425,22.62278544740688,0.6066712561727101,22.630918483624804
104.5,68.97,-41.225347213372345,45.23558424041183,-25.981185313423072,42.06440757603397,-18.650734577534735,44.49707840979377,7.330450735888338,2.4326708337598006,7.723561055414236,22.57461263583761,0.7385058306180596,22.586689144714768
105.0,69.3,-41.47648130423594,45.4496675615887,-26.29952291267266,42.151362581088364,-18.93174797104178,44.5990926399271,7.367774941630881,2.4477300588387365,7.763729131768226,22.54473333319416,0.8505749216615968,22.560773008968365
105.5,69.63000000000001,-41.70537291369935,45.687383003067055,-26.612668749951432,42.25547638706518,-19.212761364548825,44.70110687006043,7.3999073854026065,2.4456304829952487,7.793570284015639,22.492611549150524,0.9862761330066263,22.51422472375005
106.0,69.96000000000001,-41.9488703754043,45.91011375115372,-26.9238684822903,42.36527040599252,-19.493774758055874,44.80312110019375,7.430093724234425,2.437850694201231,7.8198087417867965,22.455095617348423,1.106992650959974,22.482365354062278
106.5,70.29,-42.157903712590766,46.165466573626254,-27.237316377426023,42.468471263716594,-19.774788151562923,44.90513533032708,7.4625282258631,2.436664066610483,7.850264918798231,22.383115561027843,1.2603312432991771,22.41857036167032
107.0,70.62,-42.41727078358479,46.36949775380218,-27.553888586416704,42.561648709993904,-20.05580154506997,45.007149560460405,7.498087041346736,2.4455008504665017,7.886810742578031,22.36146923851482,1.3623481933417736,22.402930591887888
107.5,70.95,-42.67390972238081,46.57695004974911,-27.864614825951318,42.672775682708355,-20.336814938577014,45.109163790593726,7.527799887374304,2.436388107885371,7.912253671148179,22.3370947838038,1.4677862591553819,22.38526747401514
108.0,71.28,-42.928436113524604,46.786988894278686,-28.171227014608963,42.79479603251349,-20.617828332084063,45.211178020727054,7.5533986825249,2.4163819882135655,7.930493904551711,22.31060778144054,1.5758108735516316,22.366188756390276
108.5,71.61,-43.16469917402997,47.01737935901332,-28.475090429203725,42.923508989401334,-20.89884172559111,45.31319225086038,7.576248703612613,2.389683261459048,7.944188473915341,22.265857448438858,1.7041871081529365,22.330979862374935
109.0,71.94,-43.40782084634494,47.24052023929027,-28.769100487872183,43.07336920894531,-21.179855119098157,45.41520648099371,7.5892453687740264,2.3418372720484015,7.942345187425003,22.227965727246783,1.8253137582965593,22.302785267492585
109.5,72.27000000000001,-43.64289193674122,47.47212676437085,-29.0427380052783,43.25782112427236,-21.460868512605202,45.51722071112704,7.581869492673096,2.259399586854677,7.9113609130797515,22.18202342413602,1.9549060532438105,22.267999929628353
110.0,72.60000000000001,-43.889628593313475,47.69126375874548,-29.315270477874368,43.44390189001851,-21.74188190611225,45.61923494126036,7.573388571762116,2.17533305124185,7.8796121949447615,22.147746687201224,2.072028817485119,22.24445968642353
110.5,72.93,-44.12189352080924,47.92568432835358,-29.586410390576948,43.63200597753294,-22.0228952996193,45.72124917139369,7.563515090957647,2.089243193860746,7.846763514611455,22.098998221189937,2.204435156959896,22.208675258587505
111.0,73.26,-44.36825155091196,48.145246895755015,-29.837016024586518,43.84670766872949,-22.303908693126345,45.823263401527015,7.533107331460172,1.9765557327975216,7.788098524810389,22.06434285778561,2.321983494228,22.186185636413082
111.5,73.59,-44.55689975775434,48.416008514259474,-30.038877091582062,44.10776725892189,-22.58492208663339,45.925277631660336,7.453955004948671,1.8175103727384467,7.672339224174801,21.971977671120946,2.490730882599138,22.112700945605233
112.0,73.92,-44.618741418853105,48.7401621953315,-30.069706025105766,44.436324068100745,-22.86593548014044,46.027291861793664,7.203770544965327,1.5909677936929185,7.377363254244578,21.752805938712665,2.712870333537836,21.9213191129978
112.5,74.25,-44.65704380463974,49.067931820591454,-30.05597701649638,44.76603836006062,-23.14694887364749,46.12930609192699,6.909028142848893,1.3632677318663724,7.042241744460786,21.510094930992253,2.938625728664462,21.709898781741646
113.0,74.58,-44.644516270046786,49.39769394830933,-30.009156421953946,45.092700007528904,-23.063878840382955,46.44580166834445,6.945277581570991,1.3531016608155468,7.075857883647353,21.58063742966383,2.9518922799648806,21.78158809414786
113.5,74.91,-44.63212081850573,49.72746106732075,-29.970241355072083,45.420397455748414,-22.980808807118418,46.76229724476192,6.989432547953665,1.3418997890135032,7.117082434969301,21.651312011387315,2.9651638225588357,21.853409535105875
114.0,75.24000000000001,-44.63005273834382,50.05745458702143,-29.92419227342384,45.747168755099125,-22.897738773853884,47.07879282117938,7.026453499569957,1.331624066080252,7.151522315911697,21.732313964489936,2.9786617658420553,21.935493980452176
114.5,75.57000000000001,-44.5901418736591,50.38503224633311,-29.857968442687113,46.07045563117447,-22.814668740589347,47.395288397596836,7.043299702097766,1.324832766422368,7.166816068000966,21.775473133069752,2.989743848736275,21.97975883512144
115.0,75.9,-44.57045868831203,50.71444471151103,-29.79994000730508,46.395313601196925,-22.731598707324814,47.7117839740143,7.068341299980265,1.3164703728173777,7.189891722099341,21.838859980987216,3.0026607374967256,22.044313932932216
115.5,76.23,-44.58397611070323,51.04416774572596,-29.765837324791388,46.72354676077312,-22.64852867406028,48.02827955043176,7.117308650731108,1.3047327896586438,7.235911143883836,21.935447436642953,3.0158881952941954,22.14180290428584
116.0,76.56,-44.60129298964065,51.37371307751487,-29.729737201821425,47.05156624361149,-22.565458640795743,48.34477512684922,7.164278561025682,1.2932088832377318,7.280060200002278,22.035834348844904,3.02893795066565,22.24303173038054
116.5,76.89,-44.62703732550012,51.702707346722036,-29.68421128537828,47.37841084113761,-22.48238860753121,48.66127070326669,7.201822677847069,1.2828598621290794,7.315188262034967,22.14464871796891,3.0414366434553486,22.35253461463364
117.0,77.22,-44.663295160004274,52.0307094342719,-29.648615556242568,47.7064854425125,-22.399318574266676,48.97776627968415,7.249296981975892,1.2712808371716449,7.359922669420149,22.2639765857376,3.0529431545877515,22.472318868230225
117.5,77.55,-44.711433330081285,52.35717951955022,-29.622641097492785,48.035461623250036,-22.31624854100214,49.294261856101606,7.306392556490646,1.25880023285157,7.414037376205295,22.395184789079146,3.0629176634486157,22.60366709961168
118.0,77.88000000000001,-44.75647064697617,52.68409180149587,-29.589193834256868,48.36376221810485,-22.233178507737605,49.61075743251907,7.3560153265192625,1.2469952144142198,7.4609623071530295,22.523292139238563,3.073334368976795,22.73200547538689
118.5,78.21000000000001,-44.76267738738153,53.0140334272019,-29.54035935313028,48.69012887303929,-22.15010847447307,49.92725300893653,7.390250878657213,1.2371241358972398,7.493082421614832,22.61256891290846,3.08678041826537,22.822280477454935
119.0,78.54,-44.795502306582456,53.34239683058214,-29.494938384982987,49.0169880715523,-22.067038441208535,50.24374858535399,7.427899943774452,1.2267605138016933,7.52852169638552,22.72846386537392,3.098648245228148,22.93871597599272
119.5,78.87,-44.81358916859063,53.671900799333194,-29.448598034640664,49.34371819249334,-21.983968407944,50.56024416177146,7.464629626696663,1.2165259692781163,7.563109869470734,22.82962076064663,3.1116566375617367,23.04070292124417
120.0,79.2,-44.83473981677655,54.00122229890666,-29.40467764286902,49.670782405128456,-21.900898374679464,50.87673973818892,7.503779268189557,1.2059573330604607,7.600068183567415,22.933841442097084,3.1244825607177447,23.145700995292387
120.5,79.53,-44.83216254751574,54.331212234636766,-29.34531049921358,49.99539839711621,-21.81782834141493,51.193235314606376,7.527482157798648,1.1978369174901644,7.622191346120834,23.014334206100813,3.1379769200303897,23.22727874936591
121.0,79.86,-44.856991102804365,54.66027688306057,-29.29011834596379,50.32075024699516,-21.734758308150397,51.50973089102384,7.555360037813394,1.1889806440286819,7.648342321893187,23.122232794653968,3.150545992036726,23.335886301105216
121.5,80.19,-44.85065099102647,54.990215972867524,-29.23102927558074,50.64541697113126,-21.65168827488586,51.8262264674413,7.579341000694882,1.1808094963100402,7.670770565685723,23.19896271614061,3.1639895054262226,23.413728893436208
122.0,80.52000000000001,-44.81908592825345,55.31870287795224,-29.155275495833912,50.966604400608304,-21.568618241621326,52.14272204385876,7.586657254212586,1.176117643250457,7.677279531426576,23.250467686632124,3.1759808340934796,23.46638237789655
122.5,80.85000000000001,-44.79562883765998,55.647868132650984,-29.071155450883296,51.28570284629162,-21.48554820835679,52.45921762027623,7.585607242526507,1.173514773984607,7.67584354730024,23.310080629303194,3.188650512374757,23.52716198428284
123.0,81.18,-44.78843818460991,55.977789781696195,-28.99987056514768,51.60791157532555,-21.402478175092256,52.77571319669369,7.597392390055425,1.1678016213681346,7.6866203077387745,23.385960009517653,3.2020765850025086,23.60416107433137
123.5,81.51,-44.78521797860547,56.307774069615014,-28.936595099230143,51.93178842755942,-21.319408141827722,53.092208773111146,7.617186957402421,1.160420345551728,7.705070572187639,23.46580983677775,3.2155652965038684,23.68510273298166
124.0,81.84,-44.73544310114043,56.633998626589715,-28.85906852422196,52.2525525623493,-21.236338108563185,53.40870434952861,7.622730415658776,1.1561517871793114,7.709909593815437,23.499104992577248,3.225294277061103,23.719411009251726
124.5,82.17,-44.72447504954637,56.963816306292046,-28.78282262387457,52.57362352441254,-21.15326807529865,53.72519992594607,7.629554548575918,1.1515764015335321,7.715972447998009,23.57120697424772,3.2386163803459738,23.792655049024468
125.0,82.5,-44.653576204933024,57.286110199862016,-28.732234293307975,52.89972292767861,-21.070198042034114,54.04169550236353,7.662036251273861,1.141972574684921,7.7466703090532585,23.58337816289891,3.2444146974984847,23.805502563559575
125.5,82.83,-44.69990812979199,57.61284151568415,-28.68605781059467,53.22647624815788,-20.98712800876958,54.358191078781,7.698929801825088,1.1317148306231175,7.781664253312578,23.712780121022412,3.2546504369031553,23.935093284430494
126.0,83.16000000000001,-44.76995715490704,57.935321180284,-28.626865040550612,53.551124081932436,-20.904057975505047,54.67468665519846,7.722807065045565,1.123562573266021,7.804110571997417,23.865899179401993,3.2606345250855426,24.08760845637359
126.5,83.49000000000001,-44.80912065271302,58.26298903107135,-28.547558933378095,53.87145288389245,-20.82098794224051,54.99118223161592,7.726570991137585,1.1197293477234709,7.807284617153526,23.98813271047251,3.271806799455426,24.210229876401502
127.0,83.82000000000001,-44.86701367307594,58.58787116076343,-28.47309859640739,54.19294263212435,-20.737917908975977,55.30767780803338,7.735180687431413,1.1147351759090327,7.815091476087842,24.12909576409996,3.280193352730045,24.351035518523663
127.5,84.15,-44.99984801122708,58.88995564995138,-28.41157996957424,54.51715777451064,-20.65484787571144,55.62417338445084,7.7567320938628015,1.1070156099401984,7.835328731879248,24.34500013551564,3.2657822655005404,24.563069136488508
128.0,84.48,-45.1252143262531,59.195215026640774,-28.348934242277725,54.84115702273738,-20.571777842446906,55.94066896086831,7.777156399830819,1.0995119381309308,7.8544947749375895,24.553436483806195,3.254546065772466,24.76819156213348
128.5,84.81,-45.28914140805264,59.481620179968516,-28.27396689908504,55.16252892171834,-20.488707809182372,56.25716453728577,7.785259089902667,1.0946356155674266,7.861837331551752,24.80043359887027,3.2244556426827486,25.009170735624203
129.0,85.14,-45.4795660184056,59.75113542586738,-28.204010386928633,55.48502866808555,-20.405637775917835,56.57366011370323,7.798372611010798,1.088631445617679,7.873990970565753,25.073928242487764,3.1774753121641552,25.27445799357205
129.5,85.47,-45.69228009296893,60.00343033759306,-28.14092240680163,55.8089420928822,-20.322567742653302,56.89015569012069,7.818354664148327,1.081213597238495,7.892762032220616,25.369712350315627,3.113274647472366,25.560023156647404
130.0,85.8,-45.928190712096836,60.234181675146466,-28.07711734068016,56.13271502803465,-20.23949770938877,57.20665126653815,7.837619631291393,1.0739362385034994,7.910854601696031,25.688693002708067,3.027530408608314,25.866481951792952
130.5,86.13000000000001,-46.15032701193548,60.47822155773535,-27.99201429433769,56.451552716370315,-20.15642767612423,57.52314684295561,7.835586618213458,1.0715941265852962,7.9085227206892394,25.99389933581125,2.955074714779741,26.16133156493031
131.0,86.46000000000001,-46.39407280370374,60.70068051798479,-27.914846534989543,56.77240336218108,-20.073357642859698,57.83964241937308,7.841488892129846,1.0672390571919976,7.913782107854108,26.320715160844045,2.861038098611715,26.475754674418503
131.5,86.79,-46.6425262663776,60.91786909246645,-27.840556604976307,57.093932530840206,-19.990287609595164,58.15613799579054,7.850268995381143,1.0622054649503312,7.921805586456462,26.652238656782437,2.761731096675909,26.794943255555417
132.0,87.12,-46.86986006301063,61.1570747464724,-27.760075832843917,57.413968224657275,-19.907217576330627,58.472633572208,7.85285825651329,1.058665347550722,7.923897722396071,26.96264248668,2.6844411742644,27.09594645482249
132.5,87.45,-47.078690284716366,61.412593705656114,-27.675320868818247,57.73289861843154,-19.824147543066093,58.78912914862546,7.851173325752153,1.0562305301939219,7.921902897910064,27.254542741650273,2.623464557030651,27.380516181007938
133.0,87.78,-47.21189938592792,61.71451312430025,-27.59491301419615,58.0529526403014,-19.741077509801556,59.10562472504292,7.853835504394592,1.0526720847415234,7.924067809407181,27.470821876126365,2.6088883992573244,27.59442612611544
133.5,88.11,-47.384194836887005,61.995963435330104,-27.51653254068055,58.37350918971425,-19.658007476537023,59.42212030146038,7.858525064143528,1.0486111117461334,7.928177687681419,27.726187360349982,2.5738431338697225,27.845396998768027
134.0,88.44,-47.48560289933364,62.30999592548171,-27.416806956552772,58.68808002095957,-19.57493744327249,59.73861587787785,7.841869513280283,1.0505358569182803,7.911924105423773,27.910665456061153,2.57138004760386,28.02886443560246
134.5,88.77000000000001,-47.577402789436874,62.6269703411323,-27.310419418892433,59.00046070511044,-19.491867410007952,60.05511145429531,7.818552008884481,1.0546507491848658,7.889362694057597,28.085535379428922,2.571858886836992,28.20304514911388
135.0,89.10000000000001,-47.64625756811571,62.94970710608648,-27.218141284983485,59.317296223956234,-19.40879737674342,60.37160703071277,7.809343908240066,1.0543108067565328,7.8801918475637285,28.23746019137229,2.5781000753737118,28.35490712483426
135.5,89.43,-47.7250367003748,63.270165915171994,-27.124166977253825,59.63363280022703,-19.32572734347888,60.68810260713023,7.798439633774944,1.0544698069031995,7.8694070485203875,28.39930935689592,2.5820633080417608,28.51644828647866
136.0,89.76,-47.779533766952916,63.59563491482385,-27.016348483314793,59.94552248002539,-19.242657310214348,61.00459818354769,7.773691173100445,1.0590757035223035,7.845502902971297,28.536876456738568,2.591036731276155,28.654263020534696
136.5,90.09,-47.839694992245704,63.92010467762351,-26.909904300381545,60.257883866755044,-19.159587276949814,61.32109375996515,7.75031702343173,1.0632098932101073,7.82290414364867,28.68010771529589,2.5990109176583616,28.797629005025435
137.0,90.42,-47.92316667060085,64.2393733402144,-26.81458266020975,60.57381706367325,-19.076517243685277,61.63758933638262,7.738065416524474,1.0637722727093646,7.810842965941469,28.846649426915572,2.6017840038317814,28.963743942418137
137.5,90.75,-47.98492301371948,64.56354328651513,-26.724897905314887,60.89139641555156,-18.993447210420744,61.95408491280008,7.731450694894143,1.0626884972485158,7.804142277647393,28.991475803298737,2.60945837371505,29.108674690844442
138.0,91.08,-48.03292220575825,64.89003383394893,-26.611648149510227,61.201355272192544,-18.910377177156207,62.27058048921754,7.7012709723540205,1.069225217024993,7.775140973277899,29.12254502860204,2.6194533447313972,29.240112256422304
138.5,91.41000000000001,-48.06852660688124,65.21810749430689,-26.49443768381885,61.50983818376531,-18.827307143891673,62.587076065635,7.667130539927175,1.0772378818696922,7.742437095024995,29.24121946298957,2.631031428671889,29.359346758083348
139.0,91.74000000000001,-48.12457184044896,65.54331347794547,-26.379596600537443,61.81921097764149,-18.74423711062714,62.90357164205246,7.635359489910304,1.0843606644109727,7.7119746233169835,29.38033472982182,2.6397418358930125,29.498683119701088
139.5,92.07000000000001,-48.18936068979754,65.86689098797991,-26.270280380506627,62.13057886943217,-18.661167077362602,63.22006721846992,7.609113303144024,1.089488349037751,7.68671517117503,29.528193612434936,2.646823769509993,29.646583177160338
140.0,92.4,-48.252585563122196,66.19077772033103,-26.153906410696752,62.43937831753836,-18.57809704409807,63.53656279488739,7.575809366598683,1.0971844773490247,7.654848224255005,29.674488519024127,2.6542149254436396,29.79295429688272
140.5,92.73,-48.26351094182281,66.52059681635224,-26.02361875761791,62.74256988644358,-18.49502701083353,63.85305837130485,7.528591746784379,1.1104884848612642,7.610051140745332,29.768483930989277,2.6675384450473913,29.887763330590207
141.0,93.06,-48.22750450168838,66.84862659589801,-25.900470553560346,63.04873082424819,-18.411956977568998,64.1695539477223,7.488513575991348,1.1208231234741177,7.571927102919111,29.81554752411938,2.679072648175705,29.935669433256784
141.5,93.39,-48.26775396974906,67.17616282339175,-25.784113485607193,63.357536641449464,-18.328886944304465,64.48604952413977,7.4552265413027285,1.128512882690309,7.540155443261275,29.938867025444594,2.6901132992519763,30.05948217002525
142.0,93.72,-48.30301880210539,67.50427315788136,-25.677855443780203,63.669961398066306,-18.24581691103993,64.80254510055724,7.432038532740272,1.1325837024909333,7.517841618129784,30.05720189106546,2.701728057324118,30.17838166661694
142.5,94.05000000000001,-48.30564422433308,67.83426271401629,-25.56003761125588,63.97821285116794,-18.162746877775394,65.11904067697469,7.397290733480485,1.1408278258067526,7.484744372640338,30.142897346557685,2.715222037041599,30.264941618241238
143.0,94.38000000000001,-48.24638225182303,68.15889792254151,-25.44836467836475,64.28874329421579,-18.07967684451086,65.43553625339216,7.36868783385389,1.1467929591763664,7.457391935791146,30.16670540731217,2.723361669149355,30.28938450864509
143.5,94.71000000000001,-48.24433508771136,68.48889157266088,-25.348324094606756,64.60321409031832,-17.996606811246323,65.75203182980962,7.351717283360433,1.1488177394913066,7.440936044143265,30.24772827646504,2.7368597428512516,30.371293471613992
144.0,95.04,-48.27361719740538,68.81758985080037,-25.24872386186682,64.91782463311394,-17.91353677798179,66.06852740622708,7.335187083885032,1.1507027731131387,7.424896391711069,30.36008041942359,2.7490624445732976,30.484288205533534
144.5,95.37,-48.26447611290283,69.14746322131414,-25.138009399271333,65.22869809253463,-17.830466744717256,66.38502298264454,7.3075426545540765,1.1563248901099143,7.398463820254509,30.43400936818557,2.7624402386695976,30.55912306161661
145.0,95.7,-48.2603555001915,69.47743749387321,-25.036705158848896,65.54276409017275,-17.74739671145272,66.70151855906201,7.289308447396177,1.1587544688892564,7.3808352888038415,30.512958788738782,2.7759189348112017,30.6389683242748
145.5,96.03,-48.27058922041329,69.80727877535632,-24.937363118498887,65.85745625566007,-17.664326678188186,67.01801413547946,7.273036440310701,1.1605578798193932,7.365049467213254,30.606262542225107,2.789264639876862,30.7330978593906
146.0,96.36,-48.264088486322656,70.13721473953161,-24.832602319621344,66.17038623987146,-17.58125664492365,67.33450971189693,7.251345674697696,1.1641234720254658,7.344194819861304,30.682831841399008,2.802705027634687,30.810571648047972
146.5,96.69,-48.233693246824714,70.46581195409051,-24.722912895085663,66.48162285427445,-17.498186611659115,67.6510052883144,7.224726283426548,1.169382434039946,7.318751611270571,30.7355066351656,2.8148066657761177,30.864129741270954
147.0,97.02000000000001,-48.210995546697426,70.79503044447179,-24.61909683786146,66.79486752902953,-17.41511657839458,67.96750086473185,7.203980259466878,1.172633335702315,7.298794456537929,30.795878968302844,2.827529579739945,30.925411637594443
147.5,97.35000000000001,-48.22681883672928,71.12465086782655,-24.52030784445,67.10973374630403,-17.332046545130044,68.28399644114931,7.188261299319954,1.1742626948452823,7.283542639664184,30.894772291599235,2.840654426677233,31.025091015524335
148.0,97.68,-48.264951542641064,71.45244027695968,-24.421766138353252,67.42467744311276,-17.24897651186551,68.60049201756678,7.1727896264877415,1.175814574454023,7.268524674192738,31.015975030775554,2.8519482593928984,31.14681871369766
148.5,98.01,-48.28115135360846,71.78204241003017,-24.308203153371345,67.73452167565873,-17.165906478600974,68.91698759398423,7.142296674770371,1.182465918325505,7.239518453491039,31.115244875007484,2.865054816045941,31.2468718871286
149.0,98.34,-48.25816924050254,72.11124116834677,-24.20321467478057,68.04737534650693,-17.08283644533644,69.2334831704017,7.120378229444128,1.1861078238947727,7.218492772057495,31.1753327951661,2.877757997945068,31.30787226855405
149.5,98.67,-48.306603856480564,72.43766740499919,-24.106872476487094,68.36299882603274,-16.999766412071907,69.54997874681916,7.107106064415188,1.1869799207864276,7.205544944221589,31.306837444408657,2.887688658180025,31.439733086608886
150.0,99.0,-48.35601971086636,72.76394653907816,-24.00325793804258,68.67631021654213,-16.91669637880737,69.86647432323662,7.086561559235211,1.190164106694482,7.185808606809261,31.439323332058994,2.897472215841546,31.57255765406602
150.5,99.33,-48.432634116434116,73.08492976739313,-23.895099985960137,68.98808234069908,-16.833626345542836,70.18296989965408,7.061473640417301,1.1948875589550028,7.161854944974368,31.59900777089128,2.901959867739052,31.731981708976445
151.0,99.66000000000001,-48.48867656880135,73.41013623032502,-23.793824403166763,69.30215758061757,-16.7505563122783,70.49946547607155,7.043268090888464,1.1973078954539744,7.144310435349521,31.738120256523054,2.9106707542534735,31.871308125917665
151.5,99.99000000000001,-48.60432306433089,73.71920885621049,-23.69510441852045,69.61704544102415,-16.667486279013765,70.815961052489,7.027618139506686,1.1989156114648551,7.1291524992903295,31.936836785317126,2.9032478037214844,32.068526496579146
152.0,100.32000000000001,-48.765229665243666,74.00732179549419,-23.612121613939273,69.93644151824465,-16.58441624574923,71.13245662890647,7.027705368190041,1.1960151106618184,7.128751285254559,32.180813419494434,2.8748651665877247,32.308970922429154
152.5,100.65,-48.91715097016752,74.30027216178554,-23.515191984248336,70.25188508988303,-16.501346212484698,71.44895220532393,7.013845771763638,1.1970671154409018,7.115265433485715,32.41580475768282,2.8513199564616087,32.540965314236274
153.0,100.98,-49.05001825983427,74.60234215919776,-23.433054554196815,70.57149961174419,-16.41827617922016,71.76544778174139,7.014778374976654,1.1939481699971992,7.115660748144179,32.6317420806141,2.8368943774563746,32.75482500219723
153.5,101.31,-49.24032045433738,74.87194385571931,-23.351851329777542,70.89135275983548,-16.335206145955624,72.08194335815885,7.016645183821918,1.190590598323368,7.116938640206708,32.905114308381755,2.790000497560456,33.0231835295154
154.0,101.64,-49.455824749502604,75.1218596390651,-23.265715410515067,71.2099129635848,-16.25213611269109,72.39843893457632,7.013579297823977,1.1885259709915204,7.113570731396885,33.20368863681151,2.723420704488774,33.31519112092806
154.5,101.97,-49.66924978240882,75.37355341198962,-23.17365423317529,71.52681159032025,-16.169066079426557,72.71493451099377,7.004588153748735,1.1881229206735213,7.10463871553416,33.50018370298226,2.6586189009958474,33.60551387189743
