Timestamp_(ms),Type,step,Magnetic_Field_Magnitude,gyroSumFromstart0,compass,GroundTruth,value_4,value_5,turns,GyroStartByGroundTruth,GroundTruthHeading,steps_since_start,Magnetic_Field_Magnitude_rolling_mean,Magnetic_Field_Magnitude_rolling_std,gyroSumFromstart0_diff,compass_diff,compass_sin,compass_cos,step_diff,Improved_Predicted_Heading,Fusion_Predicted_Heading
1740465065113,Compass,0.0,68.55789528823061,2.2388775,5.671234,0.0,0.0,0.0,0,0.0,12.885887056643298,0.0,68.55789528823061,0.0,0.0,0.0,0.09882015824197904,0.9951053091633217,0.0,0.0,0.0
1740465068543,Compass,0.5,66.4146423208187,0.11055572,6.0490417,0.0,0.0,0.0,0,357.87167822,12.885887056643298,0.5,67.48626880452466,1.5155087070551527,-2.1283217800000003,0.37780769999999997,0.10537967508490646,0.9944320610675219,0.5,0.0,0.0
1740465068854,Compass,1.0,63.52724563130375,5.097632,357.82974,0.0,0.0,0.0,0,2.858754499999975,12.885887056643298,1.0,66.16659441345102,2.5244810983540176,4.98707628,351.78069830000004,-0.03786912561125011,0.9992827074083886,0.5,0.0,0.0
1740465071515,Compass,1.5,63.23560854059997,9.095385,357.9903,0.0,0.0,0.0,0,6.856507500000021,12.885887056643298,1.5,65.43384794523826,2.5290985397985017,3.9977530000000003,0.1605599999999754,-0.035068690007881466,0.9993849043192173,0.5,0.0,0.0
1740465071981,Compass,2.0,63.23560854059997,8.946061,352.57037,0.0,0.0,0.0,0,6.707183499999985,12.885887056643298,2.0,64.9942000643106,2.4007719308649635,-0.149324,-5.419929999999965,-0.12930841320596145,0.9916044242913382,0.5,0.0,0.0
1740465072293,Compass,2.5,62.886119792049506,6.301636,344.263,0.0,0.0,0.0,0,4.062758499999973,12.885887056643298,2.5,63.85984496507437,1.44612367949688,-2.644425,-8.307370000000049,-0.2712220687138956,0.9625167995638075,0.5,0.0,0.0
1740465072654,Compass,3.0,63.12441212597548,5.882438,343.909,0.0,0.0,0.0,0,3.643560499999978,12.885887056643298,3.0,63.20179892610573,0.23121622483168866,-0.4191980000000006,-0.353999999999985,-0.2771637310451451,0.9608227027881546,0.5,0.0,0.0
1740465072913,Compass,3.5,63.12441212597548,9.316307,338.84146,0.0,0.0,0.0,0,7.077429499999994,12.885887056643298,3.5,63.12123222504008,0.14270771073142782,3.4338690000000005,-5.067540000000008,-0.3609498333684,0.9325852335263112,0.5,0.0,0.0
1740465073274,Compass,4.0,62.92967925589642,8.794398,330.07718,0.0,0.0,0.0,0,6.5555205,12.885887056643298,4.0,63.06004636809937,0.14693026899491987,-0.5219090000000008,-8.764279999999985,-0.4988329714291329,0.8666981404244397,0.5,0.0,0.0
1740465073514,Compass,4.5,62.74237378956903,7.233145,327.6892,0.0,0.0,0.0,0,4.994267499999978,12.885887056643298,4.5,62.96139941789319,0.16415823357340492,-1.561252999999999,-2.3879799999999705,-0.5345116679978961,0.8451610951612165,0.5,0.0,0.0
1740465073915,Compass,5.0,62.17188874402965,6.719947,336.8529,0.0,0.0,0.0,0,4.48106949999999,12.885887056643298,5.0,62.81855320828921,0.39478683700382716,-0.513198,9.163699999999949,-0.3930931232876341,0.9194986658086964,0.5,0.0,0.0
1740465074233,Compass,5.5,60.40504557774955,9.84829,333.3042,0.0,0.0,0.0,0,7.609412500000019,12.885887056643298,5.5,62.274679898644024,1.1040725867338725,3.128343,-3.5486999999999966,-0.449253509865647,0.893404322730418,0.5,0.0,0.0
1740465074594,Compass,6.0,59.92355155738017,8.1529455,329.3497,0.0,0.0,0.0,0,5.914067999999986,12.885887056643298,6.0,61.63450778492497,1.3813546838266877,-1.695344500000001,-3.954499999999996,-0.5097968654455856,0.860294807599032,0.5,0.0,0.0
1740465074835,Compass,6.5,58.822163127515125,7.9506803,329.8636,0.0,0.0,0.0,0,5.711802799999987,12.885887056643298,6.5,60.813004559248704,1.619416456164117,-0.20226519999999937,0.5139000000000351,-0.5020602664818906,0.8648326363060849,0.5,0.0,0.0
1740465075413,Compass,7.0,58.0171378236638,9.177109,331.32327,0.0,0.0,0.0,0,6.938231499999972,12.885887056643298,7.0,59.867957366067664,1.590508788369865,1.2264286999999996,1.45966999999996,-0.47986721535578186,0.877341128425362,0.5,0.0,0.0
1740465075553,Compass,7.5,57.48658131468596,9.606833,327.33188,0.0,0.0,0.0,0,7.367955499999994,12.885887056643298,7.5,58.93089588019892,1.2340283410208788,0.4297240000000002,-3.991389999999967,-0.5397720110477716,0.8418112473051452,0.5,0.0,0.0
1740465076017,Compass,8.0,55.93138933103665,8.366432,327.48416,0.0,0.0,0.0,0,6.127554499999974,12.885887056643298,8.0,58.03616463085634,1.4926910221726324,-1.2404010000000003,0.152279999999962,-0.5375327519394748,0.843242871652275,0.5,0.0,0.0
1740465076133,Compass,8.5,53.521972707477815,8.881012,316.25204,0.0,0.0,0.0,0,6.642134499999997,12.885887056643298,8.5,56.75584886087587,2.09357128533271,0.5145800000000005,-11.232119999999952,-0.6914873357797074,0.7223885827283556,0.5,0.0,0.0
1740465076515,Compass,9.0,47.34967990916095,10.528423,319.3781,0.0,0.0,0.0,0,8.289545499999974,12.885887056643298,9.0,54.46135221720503,4.342089023951608,1.647411,3.1260599999999954,-0.6510643837951355,0.7590225083312487,0.5,0.0,0.0
1740465076777,Compass,9.5,47.34967990916095,12.089544,322.1902,0.0,0.0,0.0,0,9.850666499999988,12.885887056643298,9.5,52.327860634304464,4.758894000554337,1.561121,2.8120999999999867,-0.6130421945912374,0.7900501678062979,0.5,0.0,0.0
1740465077255,Compass,10.0,47.34967990916095,6.2008467,320.96286,0.0,0.0,0.0,0,3.9619691999999986,12.885887056643298,10.0,50.30048035319946,4.129370977733057,-5.8886973000000005,-1.2273400000000265,-0.6298240166899453,0.7767378631176309,0.5,0.0,0.0
1740465077374,Compass,10.5,47.59767917136297,4.8472376,317.1849,0.0,0.0,0.0,0,2.608360100000027,12.885887056643298,10.5,48.63373832126473,2.734715341390038,-1.3536091,-3.7779599999999505,-0.6796346512932343,0.7335507758577615,0.5,0.0,0.0
1740465077974,Compass,11.0,48.328223508628994,6.313937,317.62842,0.0,0.0,0.0,0,4.075059500000009,12.885887056643298,11.0,47.59498848149496,0.4237244776418653,1.4666994000000004,0.44351999999997815,-0.6739360141281968,0.7387897189735377,0.5,0.0,0.0
1740465078093,Compass,11.5,48.328223508628994,6.501918,313.15366,0.0,0.0,0.0,0,4.263040499999988,12.885887056643298,11.5,47.79069720138857,0.5010283240384668,0.18798099999999973,-4.474760000000003,-0.7295220407643821,0.6839573027894148,0.5,0.0,0.0
1740465078473,Compass,12.0,48.328223508628994,4.699903,315.8049,0.0,0.0,0.0,0,2.461025500000005,12.885887056643298,12.0,47.98640592128218,0.47619488911445806,-1.802015,2.651239999999973,-0.6971037892974788,0.716970227378443,0.5,0.0,0.0
1740465078734,Compass,12.5,46.32198789451938,3.1624293,314.15567,0.0,0.0,0.0,0,0.9235517999999843,12.885887056643298,12.5,47.78086751835387,0.8747404568762814,-1.5374737,-1.6492299999999886,-0.717449792766299,0.696610217309217,0.5,0.0,0.0
1740465079113,Compass,13.0,46.08424690173422,2.193576,323.3997,0.0,0.0,0.0,0,359.9546985,12.885887056643298,13.0,47.478181064428114,1.1669995251605063,-0.9688532999999997,9.24403000000001,-0.5962290784999131,0.8028143533539647,0.5,0.0,0.0
1740465079415,Compass,13.5,46.08424690173422,4.3581843,322.31186,0.0,0.0,0.0,0,2.119306800000004,12.885887056643298,13.5,47.02938574304916,1.1896370935524168,2.1646082999999994,-1.0878399999999715,-0.6113632469404128,0.7913500996970152,0.5,0.0,0.0
1740465079876,Compass,14.0,46.08424690173422,-0.6151072,321.65973,0.0,0.0,0.0,0,357.1460153,12.885887056643298,14.0,46.58059042167021,0.9823654288286684,-4.973291499999999,-0.6521299999999997,-0.6203304541012962,0.7843405687037232,0.5,0.0,0.0
1740465080015,Compass,14.5,46.22119035139619,-1.475981,317.62506,0.0,0.0,0.0,0,356.2851415,12.885887056643298,14.5,46.15918379022365,0.10862389444215469,-0.8608738,-4.0346700000000055,-0.6739793378612707,0.7387501960311639,0.5,0.0,0.0
1740465080593,Compass,15.0,46.22119035139619,1.0446459,323.99896,0.0,0.0,0.0,0,358.8057684,12.885887056643298,15.0,46.139024281599006,0.07500701648528535,2.5206269,6.373899999999992,-0.5877999370063091,0.8090063251022078,0.5,0.0,0.0
1740465080694,Compass,15.5,46.31903631337768,1.668742,321.25522,0.0,0.0,0.0,0,359.4298645,12.885887056643298,15.5,46.1859821639277,0.10109743661976672,0.6240961,-2.7437400000000025,-0.6258524172849503,0.7799415053570263,0.5,0.0,0.0
1740465081035,Compass,16.0,46.31903631337768,2.0966506,325.71747,0.0,0.0,0.0,0,359.8577731,12.885887056643298,16.0,46.23294004625639,0.0964506302631744,0.42790859999999986,4.462249999999983,-0.5632741379244385,0.8262700802676329,0.5,0.0,0.0
1740465104933,Compass,16.5,48.15826772216791,-69.05118,284.51544,0.0,0.0,0.0,0,288.7099425,12.885887056643298,16.5,46.64774421034313,0.8458243659290495,-71.1478306,-41.20202999999998,-0.9680801331138663,0.25064089025982744,0.5,0.0,0.0
1740465105193,Compass,17.0,48.577057020264206,-77.5954,283.43228,0.0,0.0,0.0,0,280.1657225,12.885887056643298,17.0,47.118917544116734,1.1502123286206207,-8.544219999999996,-1.0831600000000208,-0.9726451588511675,0.2322959211079416,0.5,0.0,0.0
1740465105573,Compass,17.5,48.804776917838694,-84.63353,283.36273,0.0,0.0,0.0,0,273.1275925,12.885887056643298,17.5,47.635634857405236,1.2240483456342053,-7.038129999999995,-0.06954999999999245,-0.9729264207460228,0.2311150791582694,0.5,0.0,0.0
1740465105873,Compass,18.0,48.804776917838694,-84.56677,282.90884,0.0,0.0,0.0,0,273.1943525,12.885887056643298,18.0,48.13278297829744,1.0477186610208398,0.06675999999998794,-0.45389000000000124,-0.9747267379752158,0.22340050643674694,0.5,0.0,0.0
1740465106373,Compass,18.5,50.05578918816484,-86.313255,283.063,0.0,0.0,0.0,0,271.44786750000003,12.885887056643298,18.5,48.88013355325487,0.7082494404939896,-1.7464849999999927,0.1541599999999903,-0.974122129212592,0.2260222939851868,0.5,0.0,0.0
1740465106654,Compass,19.0,51.63767247610992,-88.65618,285.8724,0.0,0.0,0.0,0,269.1049425,12.885887056643298,19.0,49.57601450404327,1.2911378919831797,-2.342925000000008,2.809400000000039,-0.961873167094856,0.27349590567851484,0.5,0.0,0.0
1740465107033,Compass,19.5,54.86300409884607,-84.79624,292.3081,0.0,0.0,0.0,0,272.9648825,12.885887056643298,19.5,50.83320391975964,2.5357378122879513,3.859940000000009,6.435699999999997,-0.9251560647896223,0.3795869541791184,0.5,0.0,0.0
1740465107293,Compass,20.0,57.53806484623896,-80.183685,299.75345,0.0,0.0,0.0,0,277.5774375,12.885887056643298,20.0,52.579861505439695,3.581425880285189,4.612555,7.445349999999962,-0.8681689338045606,0.4962687803767758,0.5,0.0,0.0
1740465107635,Compass,20.5,60.940961440151234,-81.94394,301.61365,0.0,0.0,0.0,0,275.8171825,12.885887056643298,20.5,55.00709840990221,4.401868321141404,-1.7602550000000008,1.8602000000000203,-0.8516020769111097,0.5241888043450417,0.5,0.0,0.0
1740465107993,Compass,21.0,63.534531703239935,-86.63995,297.14728,0.0,0.0,0.0,1,271.1211725,12.885887056643298,21.0,57.702846912917224,4.72684182282942,-4.696010000000001,-4.4663699999999835,-0.8898365896995607,0.45627934824168376,0.5,0.0,0.0
1740465108177,Compass,21.5,64.07432817634532,-84.486305,303.43262,0.0,0.0,0.0,1,273.2748175,12.885887056643298,21.5,60.1901780529643,3.9448537999611646,2.1536449999999974,6.285339999999962,-0.8345343247605337,0.5509559517751669,0.5,0.0,0.0
1740465108553,Compass,22.0,64.07432817634532,-81.82924,300.21573,0.0,0.0,0.0,1,275.93188250000003,12.885887056643298,22.0,62.03244286846416,2.827791877227421,2.657065000000003,-3.216889999999978,-0.8641366701415218,0.5032572059262764,0.5,0.0,0.0
1740465108753,Compass,22.5,64.07432817634532,-82.980965,300.26758,0.0,0.0,0.0,1,274.7801575,12.885887056643298,22.5,63.339695534485415,1.3611522456575937,-1.151724999999999,0.05185000000000173,-0.8636808921379627,0.5040390030104543,0.5,0.0,0.0
1740465109113,Compass,23.0,60.14672814251828,-85.57676,292.70163,0.0,0.0,0.0,1,272.1843625,12.885887056643298,23.0,63.18084887495884,1.7121547789310176,-2.5957949999999954,-7.565949999999987,-0.9225271104933267,0.3859322873313832,0.5,0.0,0.0
1740465109453,Compass,23.5,56.87781586435964,-80.85969,291.92224,0.0,0.0,0.0,1,276.9014325,12.885887056643298,23.5,61.84950570718278,3.2583222824725215,4.7170699999999925,-0.7793900000000349,-0.9276914046095779,0.3733479045254016,0.5,0.0,0.0
1740465109714,Compass,24.0,56.30903152470303,-79.32175,292.3815,0.0,0.0,0.0,1,278.4393725,285.5112043799518,24.0,60.29644637685432,3.746788929058479,1.537940000000006,0.45926000000002887,-0.9246690276716168,0.3807718336022593,0.5,0.0,0.0
1740465109993,Compass,24.5,54.70006998395889,-82.68449,293.68158,0.0,0.0,0.0,1,275.0766325,285.5112043799518,24.5,58.42159473837703,3.7291220020330553,-3.3627400000000023,1.30007999999998,-0.915791768067229,0.4016533798442368,0.5,0.0,0.0
1740465110273,Compass,25.0,54.70006998395889,-88.10375,285.48376,0.0,0.0,0.0,1,269.6573725,285.5112043799518,25.0,56.54674309989974,2.2330702782103504,-5.419260000000008,-8.197819999999979,-0.9637061609373192,0.2669652325143742,0.5,0.0,0.0
1740465110475,Compass,25.5,54.70006998395889,-85.55008,293.49942,0.0,0.0,0.0,1,272.2110425,285.5112043799518,25.5,55.457411468187864,1.056350289975735,2.553670000000011,8.015659999999968,-0.9170641108389392,0.3987397855885286,0.5,0.0,0.0
1740465110853,Compass,26.0,59.39134643405553,-85.68598,294.60736,0.0,0.0,0.0,1,272.07514249999997,285.5112043799518,26.0,55.96011758212704,2.040724884849748,-0.13590000000000657,1.107940000000042,-0.9091826276831393,0.41639758587098236,0.5,0.0,0.0
1740465111053,Compass,26.5,61.34256398496888,-86.48885,299.63638,0.0,0.0,0.0,1,271.2722725,285.5112043799518,26.5,56.96682407418022,3.1796198969771097,-0.8028699999999986,5.029019999999946,-0.8691811254780376,0.4944938534630454,0.5,0.0,0.0
1740465111473,Compass,27.0,65.5323751095594,-91.645874,298.90387,0.0,0.0,0.0,1,266.1152485,285.5112043799518,27.0,59.133285099300316,4.615264194072164,-5.157024000000007,-0.7325099999999907,-0.875431882060736,0.48334151474045517,0.5,0.0,0.0
1740465111654,Compass,27.5,67.21237911463929,-90.56804,305.4018,0.0,0.0,0.0,1,267.1930825,285.5112043799518,27.5,61.6357469254364,4.987720978006648,1.07783400000001,6.497929999999997,-0.8151095966715541,0.5793067800517584,0.5,0.0,0.0
1740465112053,Compass,28.0,70.32455452222929,-87.21994,305.33746,0.0,0.0,0.0,1,270.5411825,285.5112043799518,28.0,64.76064383309048,4.418039769456658,3.3481000000000023,-0.06433999999995876,-0.815759612166063,0.5783910918735476,0.5,0.0,0.0
1740465112233,Compass,28.5,71.22351481428026,-90.149605,302.46106,0.0,0.0,0.0,1,267.6115175,285.5112043799518,28.5,67.12707750913543,3.969118499825422,-2.929665,-2.8764000000000465,-0.8437564165874689,0.5367262891525565,0.5,0.0,0.0
1740465112633,Compass,29.0,71.22351481428026,-94.41355,298.15973,0.0,0.0,0.0,1,263.3475725,285.5112043799518,29.0,69.1032676749977,2.5888786514670783,-4.263945000000007,-4.30132999999995,-0.8816353638724002,0.4719312292798396,0.5,0.0,0.0
1740465112814,Compass,29.5,71.22351481428026,-91.710945,304.17883,0.0,0.0,0.0,1,266.0501775,285.5112043799518,29.5,70.24149561594189,1.7374932142379003,2.7026050000000055,6.01909999999998,-0.8272881998661483,0.5617777446305859,0.5,0.0,0.0
1740465113213,Compass,30.0,70.14622005140406,-84.96136,302.47943,0.0,0.0,0.0,1,272.7997625,285.5112043799518,30.0,70.82826380329483,0.5448799877904054,6.749584999999996,-1.6994000000000256,-0.843584289659499,0.5369967841986378,0.5,188.66676330566406,238.09024047851562
1740465113393,Compass,30.5,69.10957106291428,-85.16416,296.731,0.0,0.0,0.0,1,272.5969625,285.5112043799518,30.5,70.58526711143182,0.9476974120336867,-0.20279999999999632,-5.748429999999985,-0.8931281526046737,0.4498022932633432,0.5,186.0887908935547,245.9981689453125
1740465113753,Compass,31.0,63.28670501179532,-90.41508,289.16937,0.0,0.0,0.0,1,267.3460425,285.5112043799518,31.0,68.99790515093484,3.3111772892355398,-5.250920000000008,-7.56162999999998,-0.9445520455331325,0.32836174149735387,0.5,186.979736328125,245.09915161132812
1740465113953,Compass,31.5,60.436595132833226,-89.32562,291.22943,0.0,0.0,0.0,1,268.4355025,285.5112043799518,31.5,66.84052121464543,4.715048880252202,1.0894600000000025,2.0600599999999645,-0.9321379296283895,0.3621034108484753,0.5,187.90516662597656,248.2013702392578
1740465114353,Compass,32.0,56.49118432330836,-84.92819,286.10812,0.0,0.0,0.0,1,272.83293249999997,285.5112043799518,32.0,63.89405511645106,5.775304594339108,4.39743,-5.121309999999994,-0.9607398432726482,0.2774508128451735,0.5,189.33660888671875,251.41232299804688
1740465114538,Compass,32.5,54.32695434818705,-86.133,282.7955,0.0,0.0,0.0,1,271.6281225,285.5112043799518,32.5,60.730201975807645,5.826804224616715,-1.2048099999999948,-3.3126199999999812,-0.9751667516762531,0.22147190888504337,0.5,190.72718811035156,254.45462036132812
1740465114953,Compass,33.0,52.28247346147656,-89.1055,285.4405,0.0,0.0,0.0,1,268.6556225,285.5112043799518,33.0,57.36478245552011,4.481256461760134,-2.972500000000011,2.644999999999982,-0.9639074528369753,0.26623752997151673,0.5,191.62989807128906,257.37249755859375
1740465115139,Compass,33.5,52.03045232121281,-87.66036,291.34662,0.0,0.0,0.0,1,270.1007625,285.5112043799518,33.5,55.1135319174036,3.477495657677987,1.4451400000000092,5.906119999999987,-0.9313953516632281,0.36400920166958917,0.5,191.8440704345703,259.40771484375
1740465121862,Compass,34.0,47.69446213922535,4.76884,347.26233,0.0,0.0,0.0,1,2.5299625000000106,285.5112043799518,34.0,52.56510531868203,3.2637060195940473,92.4292,55.91571000000005,-0.22048753712638403,0.9753897918124536,0.5,191.704833984375,261.40277099609375
1740465121954,Compass,34.5,46.56472310129203,7.6499195,346.6477,0.0,0.0,0.0,1,5.411042000000009,285.5112043799518,34.5,50.57981307427876,3.297372888190759,2.8810795000000002,-0.6146300000000338,-0.23093796590486076,0.9729684763155101,0.5,189.94500732421875,270.126953125
1740465122473,Compass,35.0,46.56472310129203,10.272518,356.3401,0.0,0.0,0.0,1,8.03364049999999,285.5112043799518,35.0,49.027366824899765,2.8948274919932264,2.6225984999999996,9.69240000000002,-0.0638338742859584,0.9979605385453096,0.5,188.31869506835938,273.87371826171875
1740465122573,Compass,35.5,46.56472310129203,9.852354,348.95935,0.0,0.0,0.0,1,7.61347649999999,285.5112043799518,35.5,47.883816752862856,2.369096129922738,-0.42016399999999976,-7.380750000000035,-0.19150538855790508,0.9814915619368746,0.5,186.00250244140625,274.9289245605469
1740465123074,Compass,36.0,48.84230044234199,11.152655,5.567932,0.0,0.0,0.0,1,8.91377749999998,285.5112043799518,36.0,47.24618637708869,1.0175593173130943,1.3003009999999993,-343.391418,0.09702586350644972,0.9952818604851732,0.5,183.40359497070312,277.80218505859375
1740465123354,Compass,36.5,56.36522919761792,10.233121,357.46112,0.0,0.0,0.0,1,7.994243499999982,285.5112043799518,36.5,48.980339788767196,4.244445145850861,-0.9195339999999987,351.893188,-0.04429731542201796,0.9990183921462118,0.5,179.08294677734375,284.48907470703125
1740465123533,Compass,37.0,62.34637369165908,8.8159685,355.22012,0.0,0.0,0.0,1,6.577090999999996,285.5112043799518,37.0,52.13666990684061,6.983280347116731,-1.4171525000000003,-2.2409999999999854,-0.08332790950310853,0.9965221821403886,0.5,178.09226989746094,289.1549987792969
1740465124499,Compass,37.5,67.81540892378369,12.392348,351.21823,0.0,0.0,0.0,1,10.153470500000026,285.5112043799518,37.5,56.38680707133894,8.937599705709674,3.5763795,-4.001890000000003,-0.15267140044033314,0.9882770074668273,0.5,178.67782592773438,294.36004638671875
1740465124793,Compass,38.0,67.81540892378369,8.845667,350.49973,0.0,0.0,0.0,2,6.606789499999991,285.5112043799518,38.0,60.63694423583727,8.113939105018703,-3.5466809999999995,-0.7185000000000059,-0.16505225362024495,0.9862848237577614,0.5,179.7547149658203,297.890380859375
1740465124893,Compass,38.5,67.81540892378369,8.002356,334.0916,0.0,0.0,0.0,2,5.763478500000019,285.5112043799518,38.5,64.43156593212561,5.093255225559371,-0.8433109999999999,-16.40812999999997,-0.4369336657314224,0.8994937308011111,0.5,181.15113830566406,296.87164306640625
1740465125233,Compass,39.0,66.18953608766267,6.700721,324.99265,0.0,0.0,0.0,2,4.461843499999986,285.5112043799518,39.0,66.39642731013457,2.3709842233809395,-1.301635000000001,-9.098950000000002,-0.5736815138481324,0.8190784581887837,0.5,182.9126739501953,290.6766357421875
1740465125494,Compass,39.5,59.956299189493016,9.999725,332.4946,0.0,0.0,0.0,2,7.760847500000011,285.5112043799518,39.5,65.91841240970135,3.4064677241482912,3.299004,7.501949999999965,-0.4618322099856511,0.886967310457251,0.5,184.9405975341797,283.3780517578125
1740465125873,Compass,40.0,57.84877240486612,10.070715,338.99115,0.0,0.0,0.0,2,7.831837500000006,285.5112043799518,40.0,63.925085105917844,4.6922759604431015,0.07099000000000011,6.496550000000013,-0.35851214763231426,0.9335250612597745,0.5,186.74049377441406,278.35174560546875
1740465126114,Compass,40.5,57.84877240486612,9.034594,330.388,0.0,0.0,0.0,2,6.795716500000026,285.5112043799518,40.5,61.93175780213433,4.7431530306556935,-1.0361209999999996,-8.603150000000028,-0.4941239623417338,0.8693914594931933,0.5,187.9556427001953,273.2102355957031
1740465126413,Compass,41.0,57.7195198243194,13.982234,331.52094,0.0,0.0,0.0,2,11.743356500000004,285.5112043799518,41.0,59.91257998224146,3.6307783465669474,4.94764,1.1329400000000192,-0.4768375453999858,0.8789914421067571,0.5,188.10757446289062,267.8674011230469
1740465126673,Compass,41.5,57.84877240486612,17.391422,333.81314,0.0,0.0,0.0,2,15.152544499999976,285.5112043799518,41.5,58.244427245682154,0.9586007526851004,3.4091879999999986,2.29219999999998,-0.44130006730093674,0.8973595993804205,0.5,187.29879760742188,262.2193908691406
1740465126873,Compass,42.0,57.94184854231008,15.3123255,328.7565,0.0,0.0,0.0,2,13.073447999999985,285.5112043799518,42.0,57.84153711624557,0.07922696815832442,-2.0790964999999986,-5.056639999999959,-0.5186762681471767,0.854970718130696,0.5,186.05088806152344,257.82269287109375
1740465127216,Compass,42.5,58.31524645193571,11.265785,331.10693,0.0,0.0,0.0,2,9.026907499999993,285.5112043799518,42.5,57.93483192565949,0.22690098497742026,-4.046540500000001,2.3504299999999603,-0.4831764911325682,0.8755229742370095,0.5,183.94664001464844,254.64529418945312
1740465127514,Compass,43.0,58.31524645193571,12.706068,339.42038,0.0,0.0,0.0,2,10.467190500000015,285.5112043799518,43.0,58.02812673507341,0.27373600023551603,1.4402830000000009,8.313450000000046,-0.3515086715542134,0.9361846259270615,0.5,181.1615447998047,250.37249755859375
1740465127754,Compass,43.5,59.17459600622551,11.764347,338.06024,0.0,0.0,0.0,2,9.525469499999986,285.5112043799518,43.5,58.31914197145462,0.5233139154944415,-0.9417209999999994,-1.3601400000000012,-0.3736315581073257,0.9275771982893349,0.5,177.74069213867188,247.47509765625
1740465128014,Compass,44.0,59.05254545741445,5.659896,348.7816,0.0,0.0,0.0,2,3.4210185000000024,285.5112043799518,44.0,58.55989658196429,0.5296812834708965,-6.104451000000001,10.721360000000004,-0.1945493657086033,0.9808927282340205,0.5,174.1478729248047,245.44927978515625
1740465128278,Compass,44.5,58.31524645193571,3.0506942,331.50473,0.0,0.0,0.0,2,0.8118167000000085,285.5112043799518,44.5,58.63457616388941,0.4393842723794079,-2.6092017999999997,-17.27687000000003,-0.4770862087011139,0.878856501066697,0.5,170.96926879882812,244.0411376953125
1740465128573,Compass,45.0,58.23534552786649,9.964306,335.20892,0.0,0.0,0.0,2,7.725428500000021,285.5112043799518,45.0,58.61859597907558,0.4550744333422108,6.9136118,3.7041899999999828,-0.41931075150714076,0.9078427692450477,0.5,167.13177490234375,239.24192810058594
1740465128833,Compass,45.5,57.179371006946205,14.357741,332.77496,0.0,0.0,0.0,2,12.118863499999975,285.5112043799518,45.5,58.391420890077676,0.7983852358050213,4.393435,-2.4339599999999564,-0.45748658542761494,0.8892165226500133,0.5,162.79844665527344,233.32769775390625
1740465129073,Compass,46.0,50.2614259397801,12.980428,329.59567,0.0,0.0,0.0,2,10.741550500000017,285.5112043799518,46.0,56.6087868767886,3.610547411461355,-1.377313000000001,-3.1792900000000373,-0.5060989452116587,0.8624754243777886,0.5,158.4964599609375,221.7413787841797
1740465129255,Compass,46.5,44.95866156815614,10.708743,335.17154,0.0,0.0,0.0,2,8.469865500000026,285.5112043799518,46.5,53.79001009893693,5.961756484697241,-2.2716849999999997,5.575870000000009,-0.41990294255085064,0.9075690160186921,0.5,152.04986572265625,204.44679260253906
1740465129553,Compass,47.0,44.61239317723271,6.7523146,334.6662,0.0,0.0,0.0,2,4.513437099999976,15.750185224615905,47.0,51.049439443996334,6.487823446055712,-3.9564284,-0.5053399999999897,-0.4278911265358768,0.9038302848609678,0.5,145.0428466796875,171.64971923828125
1740465129936,Compass,47.5,44.61239317723271,5.894133,343.96362,0.0,0.0,0.0,2,3.6552555000000098,15.750185224615905,47.5,48.32484897386958,5.501108172756801,-0.8581816,9.297419999999988,-0.2762476540780904,0.9610864860231632,0.5,138.56735229492188,124.39584350585938
1740465130138,Compass,48.0,44.61239317723271,2.6481352,346.9614,0.0,0.0,0.0,2,0.40925770000001194,15.750185224615905,48.0,45.81145340792687,2.4921248848486712,-3.2459978,2.9977800000000343,-0.22560743352366053,0.9742182948081334,0.5,132.28173828125,82.03459167480469
1740465130515,Compass,48.5,44.61239317723271,-2.5813808,340.16135,0.0,0.0,0.0,2,355.1797417,15.750185224615905,48.5,44.6816468554174,0.15485593211552176,-5.229516,-6.800049999999999,-0.3393725328374094,0.9406520525441495,0.5,127.1496353149414,48.657989501953125
1740465130793,Compass,49.0,44.61239317723271,2.8593621,339.17758,0.0,0.0,0.0,2,0.6204845999999975,15.750185224615905,49.0,44.61239317723271,0.0,5.4407429,-0.9837700000000495,-0.35547273513397787,0.9346866504751038,0.5,121.2741470336914,32.399322509765625
1740465131076,Compass,49.5,46.31271086321767,5.8086424,335.69366,0.0,0.0,0.0,2,3.5697648999999956,15.750185224615905,49.5,44.9524567144297,0.7604051858420422,2.9492803000000003,-3.483919999999955,-0.41161520638941596,0.9113577353975761,0.5,117.81257629394531,20.37944793701172
1740465131333,Compass,50.0,46.31271086321767,6.77949,352.7057,0.0,0.0,0.0,2,4.540612500000009,15.750185224615905,50.0,45.2925202516267,0.9313023515393865,0.9708475999999999,17.012039999999956,-0.12696593057675723,0.9919070785475714,0.5,115.33308410644531,14.353446006774902
1740465131613,Compass,50.5,47.46664124677456,6.053685,353.6058,0.0,0.0,0.0,2,3.814807499999972,15.750185224615905,50.5,45.86336986553506,1.2353318517359495,-0.7258050000000003,0.900100000000009,-0.11136833340666626,0.9937791979681511,0.5,113.9322509765625,11.799216270446777
1740465131793,Compass,51.0,47.46664124677456,7.674922,345.3248,0.0,0.0,0.0,2,5.43604449999998,15.750185224615905,51.0,46.43421947944343,1.1705094162780625,1.6212369999999998,-8.281000000000006,-0.2533392470524125,0.967377499171299,0.5,113.63591003417969,9.707587242126465
1740465132033,Compass,51.5,47.46664124677456,11.985786,352.94937,0.0,0.0,0.0,2,9.746908500000018,15.750185224615905,51.5,47.0050690933518,0.6320337008653208,4.310864,7.624570000000006,-0.12274636924099336,0.9924380730494743,0.5,114.13516998291016,7.20023250579834
1740465132393,Compass,52.0,47.45330764288197,12.039989,342.69128,0.0,0.0,0.0,2,9.80111149999999,15.750185224615905,52.0,47.23318844928466,0.5145950038166817,0.05420300000000111,-10.258089999999982,-0.2975201782674509,0.954715530157389,0.5,114.92042541503906,5.311606407165527
1740465132756,Compass,52.5,47.45330764288197,10.300398,347.9983,0.0,0.0,0.0,2,8.061520500000029,15.750185224615905,52.5,47.46130780521752,0.007303115678276753,-1.7395910000000008,5.307019999999966,-0.20794071294978433,0.9781414314392042,0.5,115.45756530761719,6.170523643493652
1740465132913,Compass,53.0,47.45330764288197,12.086454,349.29544,0.0,0.0,0.0,2,9.847576500000002,15.750185224615905,53.0,47.458641084439,0.00730311567828178,1.7860560000000003,1.297140000000013,-0.18574481801576823,0.9825980167801527,0.5,115.41915893554688,10.44101619720459
1740465133274,Compass,53.5,55.883283781914606,16.905792,349.77316,0.0,0.0,0.0,2,14.666914500000019,15.750185224615905,53.5,49.14196959146701,3.7685136196735485,4.819338000000002,0.47772000000003345,-0.17754576373394568,0.9841125452813463,0.5,115.12963104248047,15.393790245056152
1740465133453,Compass,54.0,60.27456708679043,15.240597,344.06396,0.0,0.0,0.0,2,13.001719499999979,15.750185224615905,54.0,51.70355475947018,6.0234165693637225,-1.6651950000000024,-5.70920000000001,-0.2745641157635636,0.961568794384974,0.5,115.09174346923828,16.308509826660156
1740465133793,Compass,54.5,62.04471673720495,12.346434,329.96432,0.0,0.0,0.0,2,10.107556499999987,15.750185224615905,54.5,54.621836578334786,6.917719553769936,-2.894162999999999,-14.099640000000022,-0.5005392060268661,0.8657138691449933,0.5,115.39554595947266,11.549918174743652
1740465134114,Compass,55.0,62.04471673720495,13.907415,321.5212,0.0,0.0,0.0,2,11.668537500000014,15.750185224615905,55.0,57.54011839719938,6.175533867233444,1.560981,-8.443119999999965,-0.6222250213421342,0.7828384397918773,0.5,115.32813262939453,2.6053993701934814
1740465134394,Compass,55.5,62.04471673720495,13.765224,308.23468,0.0,0.0,0.0,2,11.526346499999988,15.750185224615905,55.5,60.45840021606398,2.6699571776143682,-0.1421910000000004,-13.286519999999996,-0.7854824388956891,0.6188839456525593,0.5,114.73867797851562,354.08324337005615
1740465134673,Compass,56.0,49.055373686274166,10.22672,312.52597,0.0,0.0,0.0,2,7.987842499999999,15.750185224615905,56.0,59.09281819693589,5.66321326014249,-3.5385039999999996,4.291289999999947,-0.7369710417118666,0.6759243180106234,0.5,113.81916809082031,355.6114110946655
1740465134953,Compass,56.5,49.055373686274166,7.341708,319.91245,0.0,0.0,0.0,2,5.102830499999982,15.750185224615905,56.5,56.84897951683263,7.114556196167794,-2.8850120000000006,7.386480000000006,-0.6439574021138617,0.7650613467315979,0.5,113.2282485961914,359.72161027789116
1740465135213,Compass,57.0,49.055373686274166,9.336425,325.29135,0.0,0.0,0.0,2,7.097547500000019,15.750185224615905,57.0,54.251110906646474,7.114556196167797,1.9947170000000005,5.378900000000044,-0.5694036368346159,0.8220580869740974,0.5,113.63577270507812,4.22965145111084
1740465135493,Compass,57.5,49.055373686274166,7.394805,321.21878,0.0,0.0,0.0,2,5.155927500000018,15.750185224615905,57.5,51.65324229646033,5.809010808989191,-1.9416200000000003,-4.0725700000000415,-0.6263483318963966,0.7795433067704458,0.5,114.73392486572266,7.515997886657715
1740465135776,Compass,58.0,49.055373686274166,0.1897727,320.33957,0.0,0.0,0.0,2,357.9508952,15.750185224615905,58.0,49.055373686274166,0.0,-7.2050323,-0.8792100000000005,-0.6382362972816914,0.7698405216875482,0.5,116.2612075805664,11.285513877868652
1740465136021,Compass,58.5,48.26805038014276,-4.6864157,312.76868,0.0,0.0,0.0,2,353.0747068,15.750185224615905,58.5,48.89790902504789,0.3521016865566682,-4.8761884,-7.570889999999963,-0.7341011626996281,0.6790401187875825,0.5,117.50588989257812,20.93138885498047
1740465136214,Compass,59.0,47.62483595772273,-1.1594801,321.98303,0.0,0.0,0.0,2,356.6016424,15.750185224615905,59.0,48.6118014793376,0.6485627701610617,3.5269356000000007,9.214349999999968,-0.6158948432138939,0.7878283709682795,0.5,119.96028137207031,33.581268310546875
1740465136433,Compass,59.5,45.308103234962296,1.714016,324.75253,0.0,0.0,0.0,2,359.4751385,15.750185224615905,59.5,47.862347389075225,1.5485310206307517,2.8734960999999997,2.7694999999999936,-0.5771091291721957,0.8166670392676013,0.5,122.94706726074219,46.89501953125
1740465136934,Compass,60.0,45.308103234962296,3.5312238,322.4704,0.0,0.0,0.0,2,1.2923463000000197,15.750185224615905,60.0,47.11289329881285,1.7236761277412123,1.8172077999999998,-2.282129999999995,-0.6091712079396523,0.7930387376524206,0.5,126.18054962158203,63.405250549316406
1740465137073,Compass,60.5,45.308103234962296,-0.19791895,323.78177,0.0,0.0,0.0,2,357.56320355,15.750185224615905,60.5,46.363439208550474,1.4628625640526374,-3.72914275,1.3113700000000108,-0.5908623911259359,0.806772356215148,0.5,130.3536376953125,78.74579620361328
1740465145121,Compass,61.0,55.61839848467412,-80.888725,302.24454,0.0,0.0,0.0,2,276.87239750000003,297.30448343420795,61.0,47.83350882945675,4.466012526891911,-80.69080604999999,-21.537230000000022,-0.8457786686469193,0.5335339198793688,0.5,135.81651306152344,92.09559631347656
1740465145514,Compass,61.5,57.67263486698003,-86.2137,299.4374,0.0,0.0,0.0,2,271.5474225,297.30448343420795,61.5,49.843068611308205,6.252085168008316,-5.324975000000009,-2.807139999999947,-0.8708931865699283,0.4914723365420235,0.5,144.00900268554688,106.87444305419922
1740465145773,Compass,62.0,57.8376634426046,-90.8971,296.01718,0.0,0.0,0.0,2,266.86402250000003,297.30448343420795,62.0,52.348980652836666,6.486600333469495,-4.683399999999992,-3.420220000000029,-0.8986625613753497,0.4386406282850413,0.5,153.76513671875,123.58905792236328
1740465146314,Compass,62.5,58.8698909672848,-91.48387,290.27307,0.0,0.0,0.0,2,266.27725250000003,297.30448343420795,62.5,55.06133819930117,5.578257675136884,-0.5867700000000013,-5.744109999999978,-0.9380518967207736,0.34649478936711164,0.5,163.6299591064453,138.88937377929688
1740465146457,Compass,63.0,58.98205500404339,-90.93478,294.02594,0.0,0.0,0.0,2,266.8263425,297.30448343420795,63.0,57.796128553117384,1.3526706322723787,0.5490899999999925,3.752869999999973,-0.9133612187229952,0.4071501984929454,0.5,171.35987854003906,155.4668731689453
1740465146803,Compass,63.5,59.46026772139528,-89.82924,293.49313,0.0,0.0,0.0,2,267.93188250000003,297.30448343420795,63.5,58.56450240046163,0.7735842603799548,1.1055400000000049,-0.5328099999999836,-0.9171078794487796,0.39863910677825215,0.5,175.30755615234375,171.9447479248047
1740465147044,Compass,64.0,59.54255962124907,-89.950935,291.5062,0.0,0.0,0.0,2,267.8101875,297.30448343420795,64.0,58.93848735131543,0.6810974497384168,-0.12169500000000255,-1.9869300000000294,-0.9303779032854055,0.3666019054482023,0.5,177.4006805419922,188.83628845214844
1740465151536,Compass,64.5,60.9846612374784,-38.85417,310.4736,0.0,0.0,0.0,3,318.9069525,297.30448343420795,64.5,59.56788691029019,0.8440779309990384,51.096765,18.967399999999998,-0.7607051290485802,0.6490976094850319,0.5,176.6795196533203,203.7196502685547
1740465152064,Compass,65.0,60.9846612374784,0.77673835,327.95886,0.0,0.0,0.0,3,358.53786085,297.30448343420795,65.0,59.99084096432891,0.9321307195060069,39.630908350000006,17.48526000000004,-0.5305280502406416,0.8476673804670457,0.5,175.24151611328125,224.08937072753906
1740465152270,Compass,65.5,62.70622227897325,9.225902,333.83853,0.0,0.0,0.0,3,6.987024500000018,297.30448343420795,65.5,60.73567441931489,1.3282726475488638,8.44916365,5.879669999999976,-0.44090236886177997,0.8975550685791212,0.5,173.73171997070312,243.52993774414062
1740465152703,Compass,66.0,62.40345668510681,11.859168,337.34122,0.0,0.0,0.0,3,9.62029050000001,297.30448343420795,66.0,61.32431221205718,1.272752537875596,2.6332660000000008,3.5026900000000296,-0.38524224580995925,0.9228154810379477,0.5,171.62107849121094,255.80821228027344
1740465154047,Compass,66.5,62.40345668510681,14.83598,337.76718,0.0,0.0,0.0,3,12.597102500000005,297.30448343420795,66.5,61.89649162482873,0.8415105744343363,2.976811999999999,0.425959999999975,-0.37837107926782093,0.9256539992749474,0.5,170.24093627929688,263.8095397949219
1740465154204,Compass,67.0,62.95391419522697,16.099766,343.31558,0.0,0.0,0.0,3,13.860888499999987,297.30448343420795,67.0,62.29034221637845,0.7654535554674562,1.2637859999999996,5.548400000000015,-0.28710005593559634,0.9579005991655801,0.5,170.2298583984375,268.68682861328125
1740465154623,Compass,67.5,62.95391419522697,12.412223,336.01245,0.0,0.0,0.0,3,10.173345499999982,297.30448343420795,67.5,62.68419280792816,0.27550412539666713,-3.687543,-7.30313000000001,-0.4065381259925542,0.91363381730016,0.5,170.15582275390625,269.3470458984375
1740465154743,Compass,68.0,62.40345668510681,11.510866,337.92398,0.0,0.0,0.0,3,9.27198850000002,297.30448343420795,68.0,62.62363968915488,0.30149799524155524,-0.9013569999999991,1.9115299999999706,-0.37583645021374895,0.926686010842253,0.5,170.9136962890625,266.13250732421875
1740465155344,Compass,68.5,61.148065688948826,13.15472,338.35422,0.0,0.0,0.0,4,10.915842499999997,297.30448343420795,68.5,62.372561489923285,0.7377738353832171,1.6438539999999993,0.43024000000002616,-0.3688673374166011,0.9294820532894583,0.5,173.38279724121094,261.6894226074219
1740465155623,Compass,69.0,56.56477895961408,13.475129,349.47226,0.0,0.0,0.0,4,11.23625149999998,297.30448343420795,69.0,61.204825944824734,2.6966920856185306,0.3204090000000015,11.118040000000008,-0.18271155124047095,0.9831665622076967,0.5,175.72401428222656,254.55029296875
1740465155783,Compass,69.5,54.34816147994336,11.396565,335.59106,0.0,0.0,0.0,4,9.157687500000009,297.30448343420795,69.5,59.483675401768004,3.8154729305650936,-2.078564,-13.881199999999978,-0.4132465209844472,0.9106191920304837,0.5,177.52320861816406,239.78042602539062
1740465156143,Compass,70.0,34.21862157510147,10.971217,357.03433,0.0,0.0,0.0,4,8.732339500000023,297.30448343420795,70.0,53.736616877742904,11.394826829787515,-0.4253480000000014,21.443269999999984,-0.051737596495822644,0.9986607137105351,0.5,178.47164916992188,210.02871704101562
1740465156489,Compass,70.5,27.35715742726207,18.477371,3.1319275,0.0,0.0,0.0,4,16.238493500000004,7.599820136054973,70.5,46.72735702617396,14.953941489138865,7.506154000000002,-353.9024025,0.05463522913090703,0.9985063804191805,0.5,178.1634521484375,157.4249267578125
1740465156724,Compass,71.0,27.35715742726207,19.070063,3.0430603,0.0,0.0,0.0,4,16.831185500000004,7.599820136054973,71.0,39.96917537383661,14.434023712893302,0.5926919999999996,-0.08886720000000015,0.05308645543908606,0.9985899199615996,0.5,173.16033935546875,105.86931610107422
1740465156923,Compass,71.5,27.35715742726207,14.907696,359.316,0.0,0.0,0.0,4,12.668818499999986,7.599820136054973,71.5,34.127651067366216,11.68755822841634,-4.1623670000000015,356.2729397,-0.011937768522926379,0.9999287423025168,0.5,166.8909454345703,71.633544921875
1740465157264,Compass,72.0,29.314365612272766,11.552455,356.2914,0.0,0.0,0.0,4,9.313577500000008,7.599820136054973,72.0,29.120891893832088,2.9730690283242067,-3.3552409999999995,-3.024599999999964,-0.06468209297894,0.997905920840168,0.5,160.5475616455078,50.337310791015625
1740465157503,Compass,72.5,31.3539521033633,14.433669,359.21075,0.0,0.0,0.0,4,12.194791500000008,7.599820136054973,72.5,28.547957999484453,1.782905041523352,2.881214,2.9193500000000085,-0.013774575488633345,0.9999051260345193,0.5,150.08656311035156,38.217552185058594
1740465157763,Compass,73.0,34.12488553094355,14.005742,0.256958,0.0,0.0,0.0,4,11.766864499999997,7.599820136054973,73.0,29.90150362022075,2.8826501478512294,-0.4279270000000004,-358.953792,0.004484748105606147,0.9999899434666477,0.5,144.53097534179688,28.810684204101562
1740465158049,Compass,73.5,38.47427102948151,10.032726,358.68027,0.0,0.0,0.0,4,7.793848500000024,7.599820136054973,73.5,32.124926340664636,4.34566703839458,-3.9730159999999994,358.423312,-0.023031597048900985,0.9997347375866146,0.5,138.53553771972656,20.69818878173828
1740465158303,Compass,74.0,40.48557806491097,10.905454,0.2062378,0.0,0.0,0.0,4,8.66657650000002,7.599820136054973,74.0,34.75061046819442,4.696729691739845,0.8727280000000004,-358.4740322,0.003599520879128532,0.9999935217037362,0.5,137.59373474121094,20.138832092285156
1740465158584,Compass,74.5,43.01898200213483,14.170979,2.317749,0.0,0.0,0.0,4,11.932101499999987,7.599820136054973,74.5,37.49153374616683,4.72987808511406,3.2655250000000002,2.1115112000000003,0.040441319531903726,0.9991819152058941,0.5,135.05027770996094,19.009254455566406
1740465158863,Compass,75.0,44.887881159618125,14.1698,5.491089,0.0,0.0,0.0,4,11.930922500000008,7.599820136054973,75.0,40.1983195574178,4.17999959026942,-0.0011790000000004852,3.1733399999999996,0.09569094108421011,0.9954110928628525,0.5,134.17323303222656,16.82129669189453
1740465159124,Compass,75.5,48.71016000281667,11.934158,7.1497803,0.0,0.0,0.0,4,9.695280500000024,7.599820136054973,75.5,43.11537445179242,3.965739745262801,-2.2356420000000004,1.6586913,0.12446359787492937,0.9922241746722501,0.5,133.47817993164062,14.820624351501465
1740465159404,Compass,76.0,50.84696709244319,10.887475,5.892029,0.0,0.0,0.0,4,8.648597499999994,7.599820136054973,76.0,45.58991366438475,4.1990870769645205,-1.0466829999999998,-1.2577512999999998,0.10265415254338522,0.9947171080089049,0.5,133.30499267578125,14.71262264251709
1740465159704,Compass,76.5,52.42636204716097,12.61157,3.9032593,0.0,0.0,0.0,4,10.372692499999971,7.599820136054973,76.5,47.97807046083476,3.9590292142101626,1.7240950000000002,-1.9887696999999998,0.06807204434048629,0.9976804081364467,0.5,133.14620971679688,12.742148399353027
1740465159983,Compass,77.0,52.57914421374696,13.58998,5.250458,0.0,0.0,0.0,4,11.351102500000025,7.599820136054973,77.0,49.89010290315718,3.2013134145197935,0.9784100000000002,1.3471986999999999,0.09150957873468867,0.9958041961147783,0.5,132.7637939453125,9.52731990814209
1740465160268,Compass,77.5,52.57914421374696,12.562631,7.477783,0.0,0.0,0.0,4,10.32375350000001,7.599820136054973,77.5,51.42835551398296,1.6860638805291082,-1.027349000000001,2.2273249999999996,0.13014173995580547,0.9914953996470561,0.5,132.19943237304688,5.35831356048584
1740465160504,Compass,78.0,52.42636204716097,11.619615,9.579498,0.0,0.0,0.0,4,9.38073750000001,7.599820136054973,78.0,52.17159592285181,0.7444199610037433,-0.9430160000000001,2.1017149999999996,0.16641591964550506,0.9860556483731234,0.5,131.42495727539062,2.3171913623809814
1740465160883,Compass,78.5,53.34941570673478,16.30441,15.628815,0.0,0.0,0.0,4,14.065532500000018,7.599820136054973,78.5,52.672085645710126,0.3862681726746662,4.684795000000001,6.049317,0.2694041770529776,0.9630272007510525,0.5,130.7689666748047,359.6352913081646
1740465161043,Compass,79.0,53.519491192461835,15.913516,12.111572,0.0,0.0,0.0,4,13.674638500000015,7.599820136054973,79.0,52.8907114747703,0.5038705719244977,-0.3908940000000012,-3.517242999999999,0.2098160410195868,0.9777408802596254,0.5,130.4270782470703,357.3339149951935
1740465167327,Compass,79.5,56.93794593678279,-80.06394,284.34995,0.0,0.0,0.0,4,277.6971825,7.599820136054973,79.5,53.76247181937747,1.837031869158642,-95.977456,272.23837799999995,-0.9688000314441497,0.24784369887857657,0.5,129.75592041015625,355.49994564056396
1740465167704,Compass,80.0,56.93794593678279,-76.71997,284.17288,0.0,0.0,0.0,4,281.0411525,7.599820136054973,80.0,54.634232163984635,2.143728382347788,3.3439699999999988,-0.17706999999995787,-0.9695613534441909,0.24484848765607808,0.5,131.33755493164062,3.1985085010528564
1740465167923,Compass,80.5,56.93794593678279,-78.08934,279.49417,0.0,0.0,0.0,4,279.6717825,7.599820136054973,80.5,55.536548941909,1.9198837441842564,-1.3693700000000035,-4.678710000000024,-0.9863023904701579,0.16494724778804962,0.5,132.67543029785156,13.263632774353027
1740465168123,Compass,81.0,54.481540738584116,-78.750595,274.08807,0.0,0.0,0.0,4,279.01052749999997,7.599820136054973,81.0,55.76297394827886,1.6444576209090216,-0.661254999999997,-5.406099999999981,-0.9974556483481092,0.07128975787904647,0.5,135.68304443359375,26.67430877685547
1740465168484,Compass,81.5,51.11265896282446,-78.97457,275.61905,0.0,0.0,0.0,4,278.78655249999997,7.599820136054973,81.5,55.28160750235139,2.561767445526245,-0.22397499999999582,1.5309799999999996,-0.9951949001008757,0.09791379276285869,0.5,140.5354766845703,36.815467834472656
1740465168869,Compass,82.0,49.692570496000705,-73.5842,281.05728,0.0,0.0,0.0,4,284.1769225,7.599820136054973,82.0,53.83253241419497,3.3258605793552722,5.390370000000004,5.438229999999976,-0.9814359364904669,0.19179025670007363,0.5,144.98873901367188,40.16294860839844
1740465169063,Compass,82.5,49.59527604772454,-74.349365,279.23102,0.0,0.0,0.0,4,283.4117575,7.599820136054973,82.5,52.363998436383326,3.231608830065303,-0.7651650000000103,-1.8262599999999907,-0.9870495605485876,0.16041560092721655,0.5,146.7896270751953,41.13414764404297
1740465169443,Compass,83.0,49.59527604772454,-75.42181,284.04263,0.0,0.0,0.0,4,282.3393125,7.599820136054973,83.0,50.895464458571674,2.1056501508641974,-1.0724449999999877,4.811609999999973,-0.9701154596395329,0.2426437614454115,0.5,147.8483123779297,44.28905487060547
1740465169644,Compass,83.5,49.59527604772454,-74.79457,287.33127,0.0,0.0,0.0,4,282.96655250000003,7.599820136054973,83.5,49.91821152039976,0.6690441919527654,0.6272400000000005,3.2886400000000435,-0.9545983606821786,0.2978959042734513,0.5,150.3991241455078,50.03562927246094
1740465169924,Compass,84.0,51.385833711734215,-73.54805,294.01685,0.0,0.0,0.0,5,284.2130725,7.599820136054973,84.0,49.97284647018171,0.7910066115774514,1.2465199999999896,6.685579999999959,-0.9134258017817533,0.4070052882203882,0.5,153.49557495117188,55.805328369140625
1740465170164,Compass,84.5,54.628182115552775,-75.4489,292.20776,0.0,0.0,0.0,5,282.3122225,7.599820136054973,84.5,50.95996879409212,2.192276714729729,-1.9008499999999913,-1.8090899999999692,-0.9258194024879369,0.37796618099623613,0.5,158.2003173828125,59.10693359375
1740465170425,Compass,85.0,56.41617814288735,-75.71803,298.74808,0.0,0.0,0.0,5,282.0430925,7.599820136054973,85.0,52.32414921312469,3.0751911267154326,-0.2691300000000041,6.540320000000008,-0.8767428733035989,0.4809593892537597,0.5,163.38616943359375,62.34276580810547
1740465170745,Compass,85.5,59.386018714424694,-75.7096,297.8754,0.0,0.0,0.0,5,282.05152250000003,7.599820136054973,85.5,54.282297746464714,3.9076439695409406,0.008430000000004156,-0.8726800000000026,-0.8839664547566438,0.4675503254891075,0.5,167.72576904296875,64.02103424072266
1740465171103,Compass,86.0,59.90871962828116,-73.49786,298.90494,0.0,0.0,0.0,5,284.2632625,7.599820136054973,86.0,56.34498646257604,3.517589823324176,2.211739999999992,1.0295399999999972,-0.8754228554941769,0.48335786336670006,0.5,170.61407470703125,62.950714111328125
1740465171323,Compass,86.5,60.05534556765118,-75.57944,295.88632,0.0,0.0,0.0,5,282.18168249999997,7.599820136054973,86.5,58.078888833759436,2.4308040942798126,-2.0815800000000024,-3.0186199999999985,-0.8996620445637138,0.43658699656705113,0.5,171.7721405029297,61.18994140625
1740465171685,Compass,87.0,60.55346939895352,-75.04965,295.31723,0.0,0.0,0.0,5,282.7114725,7.599820136054973,87.0,59.263946290439584,1.645417911919604,0.5297900000000055,-0.569090000000017,-0.9039539936284016,0.4276297199719212,0.5,171.5908203125,59.7119140625
1740465171883,Compass,87.5,60.55346939895352,-72.295616,295.79437,0.0,0.0,0.0,5,285.4655065,7.599820136054973,87.5,60.09140454165281,0.4897068146190725,2.7540340000000043,0.4771400000000199,-0.9003615337499843,0.4351426301149726,0.5,168.76443481445312,59.03429412841797
1740465172290,Compass,88.0,60.55346939895352,-71.53987,292.96027,0.0,0.0,0.0,5,286.2212525,7.599820136054973,88.0,60.32489467855858,0.31725289757307923,0.755746000000002,-2.834100000000035,-0.9207755726376274,0.3900927387607327,0.5,165.2989959716797,62.0975341796875
1740465172424,Compass,88.5,59.76062274817758,-72.54852,289.2898,0.0,0.0,0.0,5,285.2126025,7.599820136054973,88.5,60.29527530253786,0.368582489355256,-1.008650000000003,-3.670469999999966,-0.9438597759839179,0.33034636864901096,0.5,162.56201171875,66.35745239257812
1740465172803,Compass,89.0,56.56474443060801,-78.91154,280.55563,0.0,0.0,0.0,5,278.8495825,7.599820136054973,89.0,59.59715507512923,1.729584289286802,-6.363020000000006,-8.734170000000006,-0.9830775068046608,0.18319010785174025,0.5,160.2587890625,70.57804870605469
1740465173043,Compass,89.5,54.80793880680061,-77.77679,278.0749,0.0,0.0,0.0,5,279.9843325,7.599820136054973,89.5,58.448048956698656,2.616566370111325,1.1347499999999968,-2.480729999999994,-0.9900852883953418,0.1404675112013909,0.5,158.69715881347656,74.36571502685547
1740465173384,Compass,90.0,53.706159446566275,-77.77129,279.29947,0.0,0.0,0.0,5,279.98983250000003,7.599820136054973,90.0,57.0785869662212,3.0025517667317994,0.005500000000012051,1.2245699999999715,-0.9868572112395301,0.16159469243925512,0.5,157.5640411376953,77.77377319335938
1740465173665,Compass,90.5,52.53577650040018,-80.70055,281.29303,0.0,0.0,0.0,5,277.0605725,7.599820136054973,90.5,55.47504838651052,2.8181069697394454,-2.9292600000000135,1.9935600000000022,-0.9806384880311522,0.1958268515601881,0.5,156.39144897460938,81.25019073486328
1740465173923,Compass,91.0,50.397676347724605,-80.88141,277.12137,0.0,0.0,0.0,5,276.8797125,7.599820136054973,91.0,53.60245910641993,2.3263444351005296,-0.18085999999999558,-4.171659999999974,-0.9922857683732192,0.12397158498611643,0.5,155.9863739013672,84.60095977783203
1740465174253,Compass,91.5,48.38525408117643,-77.35548,274.9712,0.0,0.0,0.0,5,280.4056425,7.599820136054973,91.5,51.96656103653362,2.5841243768988007,3.5259300000000025,-2.150170000000003,-0.9962383814942759,0.08665498968706696,0.5,160.33782958984375,91.82286834716797
1740465174484,Compass,92.0,47.648165297837025,-75.53246,277.3179,0.0,0.0,0.0,5,282.2286625,7.599820136054973,92.0,50.5346063347409,2.599684498349034,1.8230199999999996,2.3466999999999985,-0.9918546974304903,0.12737448404241192,0.5,165.65792846679688,98.84236145019531
1740465174783,Compass,92.5,46.840278807347,-76.706245,280.37997,0.0,0.0,0.0,5,281.0548775,7.599820136054973,92.5,49.16143020689705,2.3018840822224003,-1.1737849999999952,3.0620700000000056,-0.9836345182981514,0.18017528801798469,0.5,173.4716339111328,112.2459716796875
1740465175048,Compass,93.0,45.79373763136178,-75.45376,275.7451,0.0,0.0,0.0,5,282.3073625,7.599820136054973,93.0,47.813022433089365,1.7362894390386072,1.252484999999993,-4.634870000000035,-0.994977082808946,0.1001029704104721,0.5,183.01678466796875,134.10626220703125
1740465175344,Compass,93.5,45.1843446339548,-72.34964,278.44366,0.0,0.0,0.0,5,285.41148250000003,7.599820136054973,93.5,46.770356090335405,1.3088687545102116,3.104120000000009,2.698560000000043,-0.9891607289197833,0.14683682223094766,0.5,192.56439208984375,158.5789337158203
1740465175623,Compass,94.0,44.90858770881134,-71.31104,278.0528,0.0,0.0,0.0,5,286.4500825,290.80086973444025,94.0,46.0750228158624,1.1503688363744726,1.0385999999999882,-0.39086000000003196,-0.9901393955568811,0.14008560727731523,0.5,201.61917114257812,183.89862060546875
1740465175863,Compass,94.5,44.61865326015567,-73.10982,283.18292,0.0,0.0,0.0,5,284.6513025,290.80086973444025,94.5,45.46912040832611,0.8809143283701428,-1.7987799999999936,5.1301200000000335,-0.9736469315186628,0.22806063392065803,0.5,209.78269958496094,198.1332244873047
1740465176143,Compass,95.0,44.204293131436906,-76.85484,272.6479,0.0,0.0,0.0,5,280.9062825,290.80086973444025,95.0,44.9419232731441,0.5987630591787344,-3.7450199999999967,-10.535020000000031,-0.9989322966615519,0.046198124274447416,0.5,213.7080841064453,207.962646484375
1740465176443,Compass,95.5,44.17388404079949,-73.96841,284.35797,0.0,0.0,0.0,5,283.7927125,290.80086973444025,95.5,44.617952555031636,0.4397670504743423,2.88642999999999,11.71007000000003,-0.9687653299309803,0.2479793046278636,0.5,217.1357879638672,215.00782775878906
1740465176665,Compass,96.0,44.16672071537573,-73.640976,279.77365,0.0,0.0,0.0,5,284.12014650000003,290.80086973444025,96.0,44.41442777131583,0.33514128843340135,0.3274340000000109,-4.584320000000048,-0.9854860726438097,0.1697562977479182,0.5,220.42025756835938,223.15536499023438
1740465176964,Compass,96.5,44.16672071537573,-75.456726,291.05508,0.0,0.0,0.0,5,282.3043965,290.80086973444025,96.5,44.26605437262871,0.19771832704529393,-1.8157500000000084,11.28143,-0.9332354862540153,0.35926526021344113,0.5,223.95620727539062,230.8589630126953
1740465177223,Compass,97.0,43.2811033391017,-77.8993,277.61218,0.0,0.0,0.0,5,279.8618225,290.80086973444025,97.0,43.99854438841792,0.4013616673577678,-2.4425739999999934,-13.442899999999952,-0.9911874026455735,0.13246710095990544,0.5,227.15457153320312,239.3314208984375
1740465177503,Compass,97.5,41.72538570822323,-74.04736,286.65286,0.0,0.0,0.0,5,283.71376250000003,290.80086973444025,97.5,43.50276290377518,1.065397365964309,3.851939999999999,9.040679999999952,-0.9580585959897926,0.28657237593680834,0.5,230.98260498046875,243.38577270507812
1740465177763,Compass,98.0,40.43411886946468,-74.33112,282.0914,0.0,0.0,0.0,5,283.4300025,290.80086973444025,98.0,42.754809869508215,1.636252586783119,-0.2837600000000009,-4.561459999999954,-0.9778146891372274,0.2094717969261431,0.5,234.8477783203125,251.20556640625
1740465177943,Compass,98.5,39.77200648697523,-74.72676,281.46155,0.0,0.0,0.0,5,283.0343625,290.80086973444025,98.5,41.87586702382812,1.8540638650899295,-0.3956400000000002,-0.6298500000000331,-0.9800582756111221,0.19871028258787682,0.5,238.3231201171875,265.4623107910156
1740465178307,Compass,99.0,37.78123707609374,-75.4031,281.8452,0.0,0.0,0.0,5,282.3580225,290.80086973444025,99.0,40.59877029597172,2.068412118910759,-0.6763399999999962,0.3836499999999887,-0.9787057595321201,0.205268205669207,0.5,241.17706298828125,278.4605407714844
1740465178485,Compass,99.5,37.2918179698979,-72.60039,287.38403,0.0,0.0,0.0,5,285.1607325,290.80086973444025,99.5,39.40091322213096,1.8493262327489965,2.8027099999999905,5.538830000000019,-0.9543236428131493,0.29877480611296653,0.5,243.87759399414062,290.7716979980469
1740465178824,Compass,100.0,36.47034325996946,-71.08098,292.3298,0.0,0.0,0.0,5,286.6801425,290.80086973444025,100.0,38.349904732480205,1.6838945779403935,1.5194100000000077,4.945769999999982,-0.925012235025655,0.3799373172680493,0.5,245.83738708496094,301.0899353027344
1740465179023,Compass,100.5,36.06038771976807,-72.459015,294.3593,0.0,0.0,0.0,5,285.30210750000003,290.80086973444025,100.5,37.47515850254088,1.4503481088341859,-1.378034999999997,2.0295000000000414,-0.9109768793388927,0.41245742242075434,0.5,245.97183227539062,309.1810607910156
1740465179384,Compass,101.0,35.81997086123884,-72.247375,302.6197,0.0,0.0,0.0,5,285.5137475,290.80086973444025,101.0,36.684751377393596,0.8298278276390963,0.2116399999999885,8.260400000000004,-0.8422671017288635,0.5390604134466379,0.5,245.1372833251953,312.8469543457031
1740465179683,Compass,101.5,35.717806746075546,-70.14228,314.2618,0.0,0.0,0.0,5,287.6188425,290.80086973444025,101.5,36.272065311389966,0.6394546468104982,2.1050950000000057,11.64209999999997,-0.716158219090766,0.6979379666050145,0.5,242.9011688232422,313.84002685546875
1740465179903,Compass,102.0,35.2439600321814,-70.25828,309.2364,0.0,0.0,0.0,5,287.5028425,290.80086973444025,102.0,35.86249372384667,0.45110130106750124,-0.11599999999999966,-5.0253999999999905,-0.7745428042253708,0.632521497202031,0.5,239.4235076904297,317.2499694824219
1740465180123,Compass,102.5,35.08761355521347,-70.57924,312.0106,0.0,0.0,0.0,5,287.18188250000003,290.80086973444025,102.5,35.58594778289547,0.4069826363595512,-0.32095999999999947,2.7742000000000075,-0.7430210203189684,0.6692680803416214,0.5,236.42906188964844,321.0320739746094
1740465180483,Compass,103.0,35.08761355521347,-70.521866,312.32098,0.0,0.0,0.0,5,287.2392565,290.80086973444025,103.0,35.39139294998454,0.35232275647746436,0.05737399999999582,0.3103800000000092,-0.7393846083551144,0.6732832991598366,0.5,233.63485717773438,325.3309020996094
1740465180764,Compass,103.5,35.08761355521347,-69.3554,316.22452,0.0,0.0,0.0,5,288.4057225,290.80086973444025,103.5,35.24492148877947,0.27288218559582517,1.1664659999999998,3.903539999999964,-0.6918342297930589,0.7220563679427286,0.5,230.4904327392578,325.97882080078125
1740465181007,Compass,104.0,36.036331493369296,-68.70775,314.2641,0.0,0.0,0.0,5,289.0533725,290.80086973444025,104.0,35.30862643823822,0.4123943727584602,0.6476499999999987,-1.9604199999999992,-0.7161302014881242,0.6979667144761121,0.5,226.7142333984375,328.3948059082031
1740465181205,Compass,104.5,36.91253386385171,-69.7556,315.12378,0.0,0.0,0.0,5,288.0055225,290.80086973444025,104.5,35.64234120457228,0.8203331692443688,-1.0478499999999968,0.8596800000000258,-0.7055775210235786,0.7086327411475013,0.5,223.42379760742188,327.1857604980469
1740465181565,Compass,105.0,39.66392016051868,-72.48328,310.44647,0.0,0.0,0.0,5,285.2778425,290.80086973444025,105.0,36.55760252563333,1.8952997216169665,-2.7276799999999923,-4.677310000000034,-0.7610123965563488,0.6487373368995826,0.5,220.22378540039062,325.8850402832031
1740465181863,Compass,105.5,42.0933208033056,-69.37034,316.08337,0.0,0.0,0.0,5,288.3907825,290.80086973444025,105.5,37.95874397525175,2.873846142647933,3.1129399999999947,5.636900000000026,-0.6936109377679077,0.7203498226616868,0.5,217.50680541992188,325.7454528808594
1740465182130,Compass,106.0,43.41001828495353,-68.32783,312.44962,0.0,0.0,0.0,5,289.4332925,290.80086973444025,106.0,39.623224921199764,3.188121869536765,1.042509999999993,-3.6337500000000205,-0.7378710960756086,0.6749416608686858,0.5,214.0814971923828,326.3757019042969
1740465182409,Compass,106.5,45.230745212742185,-69.5373,320.69604,0.0,0.0,0.0,5,288.2238225,290.80086973444025,106.5,41.46210766507434,3.252979974151459,-1.209469999999996,8.24642,-0.6334343551105077,0.7737964317349462,0.5,210.55783081054688,326.69757080078125
1740465182683,Compass,107.0,47.17773077681885,-71.36026,308.19037,0.0,0.0,0.0,5,286.4008625,290.80086973444025,107.0,43.51514704766777,2.8819432289368354,-1.8229599999999948,-12.50567000000001,-0.7859608211940087,0.6182763035634146,0.5,206.55364990234375,327.6092834472656
1740465182963,Compass,107.5,47.6133926143685,-68.08223,308.9501,0.0,0.0,0.0,5,289.6788925,290.80086973444025,107.5,45.10504153843773,2.3741963287098624,3.278030000000001,0.7597300000000473,-0.777693753927333,0.6286433210513039,0.5,203.5400848388672,327.6201171875
1740465183184,Compass,108.0,47.660788718295464,-66.06039,309.52994,0.0,0.0,0.0,5,291.7007325,290.80086973444025,108.0,46.21853512143571,1.8580416365810197,2.0218399999999974,0.5798399999999901,-0.7712920943751188,0.636481347059317,0.5,200.32546997070312,328.1241760253906
1740465183503,Compass,108.5,47.660788718295464,-64.80418,314.279,0.0,0.0,0.0,5,292.95694249999997,290.80086973444025,108.5,47.06868920810409,1.0473530510924414,1.2562099999999958,4.749059999999986,-0.7159486681980722,0.6981529234382727,0.5,196.9731903076172,330.5640869140625
1740465183764,Compass,109.0,48.00004069008692,-60.752674,312.5462,0.0,0.0,0.0,5,297.0084485,290.80086973444025,109.0,47.62254830357303,0.2929895984786206,4.051506000000003,-1.7327999999999975,-0.7367323403483854,0.676184485687738,0.5,193.20240783691406,335.3512268066406
1740465184063,Compass,109.5,48.00004069008692,-53.77824,314.57465,0.0,0.0,0.0,5,303.9828825,290.80086973444025,109.5,47.78701028622665,0.19542950797091876,6.974434000000002,2.0284500000000207,-0.7123366375644977,0.7018379547896405,0.5,190.00514221191406,342.33880615234375
1740465184345,Compass,110.0,47.660788718295464,-53.436493,311.6096,0.0,0.0,0.0,5,304.3246295,290.80086973444025,110.0,47.79648950701205,0.18581595762951045,0.341746999999998,-2.9650500000000193,-0.7476868380977318,0.6640514981049408,0.5,187.08468627929688,344.850830078125
1740465184563,Compass,110.5,47.56828972645537,-53.010033,315.26465,0.0,0.0,0.0,5,304.7510895,290.80086973444025,110.5,47.77798970864403,0.20619135743807357,0.42645999999999873,3.655050000000017,-0.7038331136235215,0.7103653624488029,0.5,185.95538330078125,347.264892578125
1740465185063,Compass,111.0,47.449191576358814,-47.173424,311.7085,0.0,0.0,0.0,5,310.5876985,290.80086973444025,111.0,47.7356702802567,0.25272365000581487,5.836609000000003,-3.5561500000000024,-0.7465394851597495,0.6653411133376743,0.5,184.64222717285156,349.2528076171875
1740465185283,Compass,111.5,46.6222351727156,-35.473663,325.13385,0.0,0.0,0.0,5,322.2874595,290.80086973444025,111.5,47.46010917678243,0.5112859741525878,11.699760999999995,13.42534999999998,-0.5716612328557021,0.8204897530438139,0.5,183.46995544433594,350.2784729003906
1740465185945,Compass,112.0,41.52883975323655,-3.1215687,349.19897,0.0,0.0,0.0,5,354.6395538,290.80086973444025,112.0,46.16586898941236,2.6248236136964325,32.352094300000005,24.06511999999998,-0.1873989730265741,0.9822838820364433,0.5,181.63241577148438,349.3161315917969
1740465186323,Compass,112.5,41.16520640966106,4.6232452,353.33478,0.0,0.0,0.0,5,2.3843676999999843,290.80086973444025,112.5,44.86675252768548,3.2362060868842306,7.7448139000000005,4.135810000000049,-0.11606783571707283,0.9932412886665327,0.5,178.5166473388672,348.58282470703125
1740465190283,Compass,113.0,33.29232503520894,10.39556,2.1755981,0.0,0.0,0.0,6,8.156682499999988,290.80086973444025,113.0,42.011559589436196,5.652445362766977,5.772314799999999,-351.1591819,0.03796222603926038,0.9992791749026616,0.5,175.58558654785156,348.10260009765625
1740465190623,Compass,113.5,31.85379196422304,9.011209,2.152649,0.0,0.0,0.0,6,6.772331500000007,290.80086973444025,113.5,38.892479667009034,6.180001173269473,-1.3843510000000006,-0.02294910000000039,0.037561974366827906,0.9992943000346123,0.5,171.90907287597656,349.7893981933594
1740465190843,Compass,114.0,31.85379196422304,10.260261,0.35906982,0.0,0.0,0.0,6,8.021383500000013,290.80086973444025,114.0,35.93879102531052,4.973486690574968,1.2490520000000007,-1.7935791799999998,0.006266909581554603,0.9999803627293371,0.5,166.82432556152344,350.4903869628906
1740465191205,Compass,114.5,31.85379196422304,13.815503,6.946472,0.0,0.0,0.0,6,11.576625499999977,290.80086973444025,114.5,34.00378146750782,4.051528787071167,3.555242,6.58740218,0.12094201419611496,0.9926595736717532,0.5,163.7845001220703,354.15899658203125
1740465191383,Compass,115.0,33.14421612438586,12.36664,3.4194946,0.0,0.0,0.0,6,10.127762500000017,290.80086973444025,115.0,32.399583410452784,0.7491879596556787,-1.4488629999999993,-3.5269774,0.05964601620324689,0.9982195914482354,0.5,161.2193603515625,357.1233825683594
1740465191743,Compass,115.5,36.76174344682254,8.170497,357.6524,0.0,0.0,0.0,6,5.931619500000011,290.80086973444025,115.5,33.0934670927755,2.1253946778735187,-4.196143000000001,354.2329054,-0.04096188603395327,0.9991607097422023,0.5,159.41448974609375,357.74261474609375
1740465191944,Compass,116.0,36.98870182231325,8.519279,356.992,0.0,0.0,0.0,6,6.280401499999982,290.80086973444025,116.0,34.12044906439355,2.570593777254338,0.3487819999999999,-0.6603999999999814,-0.05247539071944576,0.9986222175421702,0.5,158.59510803222656,354.95660400390625
1740465192264,Compass,116.5,37.27809343300701,10.16854,355.52563,0.0,0.0,0.0,6,7.929662500000006,290.80086973444025,116.5,35.20530935815034,2.5189374612456614,1.649261000000001,-1.4663700000000404,-0.07801313896809982,0.9969523309307943,0.5,159.16468811035156,350.0535583496094
1740465192504,Compass,117.0,37.41130135066141,8.431183,353.69205,0.0,0.0,0.0,6,6.192305499999975,290.80086973444025,117.0,36.31681123543801,1.7914193707659603,-1.7373569999999994,-1.8335799999999836,-0.10987222577017479,0.9939457198480749,0.5,159.34988403320312,343.53387451171875
1740465192843,Compass,117.5,37.75688058155758,6.7533255,351.61215,0.0,0.0,0.0,6,4.514448000000016,290.80086973444025,117.5,37.23934412687235,0.3840048020180822,-1.677857500000001,-2.079900000000009,-0.14587324265760448,0.9893032887221975,0.5,159.63601684570312,336.3610534667969
1740465193064,Compass,118.0,38.47508325202169,8.0561,352.15598,0.0,0.0,0.0,6,5.817222500000014,290.80086973444025,118.0,37.58201208791219,0.5704561486469526,1.3027745000000008,0.543830000000014,-0.13647671786328833,0.9906432786231704,0.5,160.2189178466797,330.9128723144531
1740465193304,Compass,118.5,39.08949067524416,10.74895,358.9223,0.0,0.0,0.0,6,8.510072499999978,290.80086973444025,118.5,38.00216985849837,0.7647700192207841,2.69285,6.766320000000007,-0.018808304258669358,0.9998231082001022,0.5,161.41685485839844,324.17376708984375
1740465193583,Compass,119.0,41.071726512894486,10.150143,354.29138,0.0,0.0,0.0,6,7.911265500000013,290.80086973444025,119.0,38.76089647447587,1.4456014081367083,-0.5988070000000008,-4.630920000000003,-0.0994694521240216,0.9950406163037502,0.5,162.98460388183594,316.94580078125
1740465193803,Compass,119.5,42.99518505018905,10.311335,356.85812,0.0,0.0,0.0,6,8.072457499999985,290.80086973444025,119.5,39.87767321438139,2.1348826100659606,0.16119199999999978,2.5667399999999816,-0.05480867275204739,0.9984968750032015,0.5,165.22361755371094,308.59149169921875
1740465194143,Compass,120.0,47.17806197005129,9.887187,356.32523,0.0,0.0,0.0,6,7.648309499999982,290.80086973444025,120.0,41.761909492080136,3.5098816887659834,-0.42414799999999886,-0.532890000000009,-0.0640928732906546,0.9979439381014086,0.5,167.0577392578125,300.5047302246094
1740465194483,Compass,120.5,51.09874784424761,12.602838,0.44747925,0.0,0.0,0.0,6,10.363960500000019,290.80086973444025,120.5,44.28664241052532,4.841978418252786,2.7156509999999994,-355.87775074999996,0.007809906850926254,0.9999695022124324,0.5,168.65576171875,293.2437438964844
1740465194663,Compass,121.0,54.428960294589494,11.866783,355.6851,0.0,0.0,0.0,6,9.627905499999997,290.80086973444025,121.0,47.35453633439438,5.535688310242232,-0.7360550000000003,355.23762074999996,-0.07523804632916663,0.9971656012842451,0.5,168.46221923828125,288.61669921875
1740465195004,Compass,121.5,57.26780563719899,12.553761,1.1008606,0.0,0.0,0.0,6,10.314883500000008,290.80086973444025,121.5,50.59375215925529,5.676970879995216,0.6869779999999999,-354.5842394,0.01921245993300633,0.9998154236574482,0.5,169.60623168945312,285.18133544921875
1740465195303,Compass,122.0,59.68213326658155,15.509864,5.4888306,0.0,0.0,0.0,6,13.270986499999992,290.80086973444025,122.0,53.93114180253379,4.951807608716286,2.9561030000000006,4.38797,0.09565170537278836,0.9954148638930792,0.5,168.24703979492188,283.5149230957031
1740465195584,Compass,122.5,59.68213326658155,17.007084,4.0761414,0.0,0.0,0.0,6,14.76820650000002,290.80086973444025,122.5,56.43195606183984,3.683783726445098,1.4972199999999987,-1.4126892,0.07108209270746671,0.9974704687840774,0.5,166.53701782226562,281.96038818359375
1740465195763,Compass,123.0,59.68213326658155,14.713948,1.2485657,0.0,0.0,0.0,6,12.475070500000015,290.80086973444025,123.0,58.148633146306636,2.3273746519011813,-2.2931359999999987,-2.8275757,0.021789857727504455,0.9997625728642852,0.5,164.9441680908203,279.9258117675781
1740465196123,Compass,123.5,59.35081744382297,13.2934475,0.55911255,0.0,0.0,0.0,6,11.054570000000012,290.80086973444025,123.5,59.133004576153326,1.052501363793582,-1.420500500000001,-0.6894531499999998,0.009758200013437716,0.9999523876327802,0.5,165.14659118652344,278.7359924316406
1740465196424,Compass,124.0,58.40192767580536,15.826316,8.675201,0.0,0.0,0.0,6,13.587438500000019,290.80086973444025,124.0,59.35982898387459,0.5543681709398488,2.532868500000001,8.11608845,0.1508329620152686,0.9885592635597021,0.5,165.39459228515625,278.22418212890625
1740465196645,Compass,124.5,57.20266192451187,15.597668,1.9046631,0.0,0.0,0.0,6,13.358790499999998,290.80086973444025,124.5,58.863934715460665,1.0664462386736167,-0.22864799999999974,-6.770537899999999,0.033236519982008494,0.9994475142494905,0.5,165.71304321289062,277.5191650390625
1740465196984,Compass,125.0,55.28311366276324,11.056975,12.406433,0.0,0.0,0.0,6,8.818097500000022,290.80086973444025,125.0,57.984130794697,1.7910741307490594,-4.540693000000001,10.5017699,0.21484498367679916,0.9766481623332508,0.5,166.16184997558594,277.0608825683594
1740465197243,Compass,125.5,53.60252297000581,10.2826,351.92902,0.0,0.0,0.0,6,8.043722500000001,290.80086973444025,125.5,56.76820873538185,2.3320982307022153,-0.7743749999999991,339.522587,-0.14039977229990877,0.9900948964307077,0.5,165.9747772216797,276.8241882324219
1740465197483,Compass,126.0,51.728935930482855,12.572062,347.7446,0.0,0.0,0.0,6,10.333184500000016,290.80086973444025,126.0,55.24383243271383,2.68609920382596,2.2894620000000003,-4.184419999999989,-0.21226977307590814,0.9772111048480274,0.5,168.15846252441406,275.8314514160156
1740465197823,Compass,126.5,49.28766009357717,16.144396,353.18423,0.0,0.0,0.0,6,13.905518499999971,290.80086973444025,126.5,53.42097891626819,3.0720092931234273,3.5723339999999997,5.439630000000022,-0.11867726607871762,0.9929328811737888,0.5,169.57066345214844,276.6656799316406
1740465198004,Compass,127.0,47.922830219531065,15.279239,349.89612,0.0,0.0,0.0,6,13.040361500000017,290.80086973444025,127.0,51.565012575272036,3.0188748653342463,-0.865157,-3.2881100000000174,-0.17543339503914449,0.9844913020971996,0.5,171.04600524902344,276.6921081542969
1740465198343,Compass,127.5,45.63925291073463,12.982815,336.26367,0.0,0.0,0.0,6,10.743937500000015,290.80086973444025,127.5,49.63624042486631,3.128256849842251,-2.296424,-13.632450000000006,-0.4025282974277094,0.915407542993802,0.5,171.64596557617188,274.4624938964844
1740465198543,Compass,128.0,44.54860407465087,13.182064,337.67264,0.0,0.0,0.0,6,10.943186500000024,290.80086973444025,128.0,47.82545664579531,2.8680097892860714,0.199249,1.4089700000000107,-0.3798979243212809,0.9250284142102784,0.5,171.51048278808594,272.7240905761719
1740465198884,Compass,128.5,43.28827785902322,15.369614,330.21487,0.0,0.0,0.0,6,13.130736500000012,290.80086973444025,128.5,46.13732503150339,2.449582601539215,2.18755,-7.457769999999982,-0.49674873272589265,0.8678944040234501,0.5,171.414794921875,270.8053283691406
1740465199083,Compass,129.0,43.22330281514822,14.477841,324.75708,0.0,0.0,0.0,6,12.238963500000011,290.80086973444025,129.0,44.9244535758176,1.9502210336938968,-0.8917730000000006,-5.457790000000045,-0.5770442737968292,0.8167128663601976,0.5,170.43289184570312,268.57281494140625
1740465199443,Compass,129.5,41.82819212265813,13.260282,319.8652,0.0,0.0,0.0,6,11.021404500000017,290.80086973444025,129.5,43.70552595644302,1.4475063128906174,-1.2175589999999996,-4.891879999999958,-0.6445881047373538,0.7645300355323564,0.5,169.96815490722656,265.8994140625
1740465199663,Compass,130.0,40.960537411025264,13.387152,314.36658,0.0,0.0,0.0,6,11.148274500000014,290.80086973444025,130.0,42.76978285650114,1.3963062467372411,0.12687000000000026,-5.498620000000017,-0.7148806640239632,0.6992464774345721,0.5,168.80540466308594,262.6177978515625
1740465199981,Compass,130.5,39.90237109182862,17.183659,317.6901,0.0,0.0,0.0,6,14.944781499999976,290.80086973444025,130.5,41.84053625993669,1.4610812481361037,3.7965069999999983,3.3235199999999736,-0.6731403025413468,0.7395147957238882,0.5,167.10183715820312,258.5920715332031
1740465200204,Compass,131.0,39.30300958578108,15.762232,312.3857,0.0,0.0,0.0,6,13.523354499999982,290.80086973444025,131.0,41.04348260528826,1.5576943616290486,-1.4214269999999996,-5.304399999999987,-0.7386236114189849,0.6741180613619371,0.5,165.02511596679688,253.4122772216797
1740465200403,Compass,131.5,39.30300958578108,15.248871,311.15872,0.0,0.0,0.0,6,13.009993500000007,290.80086973444025,131.5,40.25942395941483,1.1078737834787684,-0.5133609999999997,-1.226979999999969,-0.7528892808298626,0.6581471953989414,0.5,162.43211364746094,248.65969848632812
1740465200843,Compass,132.0,39.30300958578108,16.354599,316.45767,0.0,0.0,0.0,6,14.115721500000006,290.80086973444025,132.0,39.75438745203943,0.7224823208314891,1.105728000000001,5.298949999999991,-0.6888902928273486,0.7248656181998495,0.5,160.07164001464844,244.15103149414062
1740465201103,Compass,132.5,39.537660053422485,17.121117,320.7416,0.0,0.0,0.0,6,14.882239500000026,290.80086973444025,132.5,39.46981198051888,0.26228794408548095,0.7665180000000014,4.283929999999998,-0.6328188536537634,0.7742998763142976,0.5,157.739013671875,239.34329223632812
1740465201383,Compass,133.0,39.537660053422485,16.341545,336.19257,0.0,0.0,0.0,6,14.102667499999995,290.80086973444025,133.0,39.39686977283765,0.1285233542619662,-0.7795720000000017,15.450969999999984,-0.40366394306531467,0.9149073292246392,0.5,155.26976013183594,235.63429260253906
1740465201643,Compass,133.5,39.763264296332615,15.978891,328.52628,0.0,0.0,0.0,6,13.740013499999975,290.80086973444025,133.5,39.48892071494795,0.19309411097880838,-0.36265399999999914,-7.666290000000004,-0.5221074271487441,0.8528797303935173,0.5,153.06594848632812,233.5303192138672
1740465201943,Compass,134.0,39.763264296332615,19.82859,342.10358,0.0,0.0,0.0,6,17.58971250000002,290.80086973444025,134.0,39.58097165705826,0.19201296555222003,3.8496989999999975,13.577300000000037,-0.3072971589292111,0.9516136065200177,0.5,153.1299285888672,231.993896484375
1740465202184,Compass,134.5,39.84667881392375,21.046188,343.8483,0.0,0.0,0.0,6,18.80731049999997,290.80086973444025,134.5,39.689705502686785,0.14291435370142003,1.2175980000000024,1.7447199999999725,-0.2781814851613077,0.9605285322745228,0.5,153.74917602539062,231.1525421142578
1740465202463,Compass,135.0,42.5152086758374,18.477043,347.9567,0.0,0.0,0.0,6,16.23816549999998,290.80086973444025,135.0,40.28521522716977,1.251887500241979,-2.5691450000000025,4.108400000000017,-0.20865084448130647,0.9779901968308464,0.5,155.252197265625,229.73553466796875
1740465202743,Compass,135.5,44.01149530236391,18.784016,346.18872,0.0,0.0,0.0,6,16.545138500000007,290.80086973444025,135.5,41.17998227695806,1.9743463061926525,0.3069730000000028,-1.7679800000000228,-0.23872464320936584,0.9710873002591276,0.5,157.15701293945312,227.39859008789062
1740465203023,Compass,136.0,45.36772496775654,21.308855,350.49448,0.0,0.0,0.0,6,19.069977499999993,290.80086973444025,136.0,42.300874411242845,2.4920010268510544,2.524839,4.305760000000021,-0.16514262599429697,0.9862696959147167,0.5,158.99215698242188,225.00686645507812
1740465203264,Compass,136.5,45.36772496775654,21.056578,349.49585,0.0,0.0,0.0,6,18.8177005,290.80086973444025,136.5,43.42176654552763,2.319719154795059,-0.25227700000000297,-0.9986299999999915,-0.18230674331147842,0.9832417054535282,0.5,160.6040802001953,221.810302734375
1740465203443,Compass,137.0,45.36772496775654,19.028204,345.34818,0.0,0.0,0.0,6,16.789326500000016,290.80086973444025,137.0,44.52597577629418,1.26821721269668,-2.0283739999999995,-4.147670000000005,-0.25294447986408736,0.967480795729965,0.5,161.05276489257812,218.95054626464844
1740465203828,Compass,137.5,43.63310275753949,18.008615,349.21405,0.0,0.0,0.0,6,15.76973750000002,290.80086973444025,137.5,44.7495545926346,0.856971419313422,-1.0195889999999999,3.8658699999999726,-0.18714043369281558,0.9823331706082539,0.5,161.2017364501953,212.70974731445312
1740465204084,Compass,138.0,42.797396971077575,22.309679,351.63654,0.0,0.0,0.0,6,20.070801500000016,290.80086973444025,138.0,44.50673492637734,1.21541977994459,4.301064,2.422490000000039,-0.14545209708717968,0.989365295253953,0.5,160.9239959716797,205.8520965576172
1740465204223,Compass,138.5,42.51176307799995,23.043552,353.80618,0.0,0.0,0.0,6,20.804674499999976,290.80086973444025,138.5,43.93554254842602,1.3707923007551333,0.7338729999999991,2.1696399999999585,-0.10789212461513105,0.9941626071453468,0.5,160.5437469482422,197.99977111816406
1740465204523,Compass,139.0,41.0918369326561,22.604113,350.22183,0.0,0.0,0.0,6,20.365235499999983,12.413606529283925,139.0,43.08036494140593,1.572828469383862,-0.4394389999999966,-3.584349999999972,-0.1698340411142876,0.985472677692685,0.5,161.3709259033203,192.4536590576172
1740465204863,Compass,139.5,39.694684389096736,21.584225,348.67758,0.0,0.0,0.0,6,19.345347500000003,12.413606529283925,139.5,41.94575682567397,1.5563817500160355,-1.0198880000000017,-1.5442500000000337,-0.1963298465108481,0.9805379091952676,0.5,163.07595825195312,187.62037658691406
1740465205083,Compass,140.0,38.8201985118572,22.888266,348.95438,0.0,0.0,0.0,6,20.649388499999986,12.413606529283925,140.0,40.98317597653751,1.730496000486348,1.3040410000000016,0.276800000000037,-0.19159052522622486,0.9814749465185238,0.5,165.0032958984375,182.68438720703125
1740465205364,Compass,140.5,38.10496399748988,25.493069,358.10275,0.0,0.0,0.0,6,23.25419149999999,12.413606529283925,140.5,40.04468938181998,1.7725254982494678,2.604802999999997,9.14837,-0.033107208183666297,0.9994518061248794,0.5,167.69866943359375,173.48597717285156
1740465205723,Compass,141.0,38.10496399748988,24.150524,6.264038,0.0,0.0,0.0,6,21.911646500000018,12.413606529283925,141.0,39.16332956571796,1.2609017492268138,-1.3425449999999977,-351.838712,0.10911042464977433,0.9940296349871798,0.5,170.13458251953125,163.98377990722656
1740465205823,Compass,141.5,38.10496399748988,22.88513,352.9943,0.0,0.0,0.0,6,20.646252500000003,12.413606529283925,141.5,38.565954978684715,0.7028883108865105,-1.2653940000000006,346.730262,-0.12196808503236019,0.9925340227083095,0.5,171.53306579589844,146.60110473632812
1740465206163,Compass,142.0,38.39652287317173,21.022438,353.86548,0.0,0.0,0.0,6,18.78356050000002,12.413606529283925,142.0,38.306322675499715,0.3137835250962964,-1.8626919999999991,0.8711799999999812,-0.10686312835253067,0.9942737408775868,0.5,170.95774841308594,144.13241577148438
1740465206543,Compass,142.5,39.02172872259763,23.156403,359.54416,0.0,0.0,0.0,6,20.91752550000001,12.413606529283925,142.5,38.346628717647796,0.3979494171221247,2.133965,5.678679999999986,-0.007955824932378253,0.9999683519240223,0.5,170.99462890625,146.22604370117188
1740465206803,Compass,143.0,39.02172872259763,22.018473,10.345398,0.0,0.0,0.0,6,19.779595500000028,12.413606529283925,143.0,38.52998166266935,0.46441404528318053,-1.1379300000000008,-349.198762,0.17958173487894882,0.9837430561370519,0.5,170.75375366210938,145.0341796875
1740465207063,Compass,143.5,38.39652287317173,19.885973,0.35543823,0.0,0.0,0.0,6,17.647095499999978,12.413606529283925,143.5,38.58829343780572,0.413186259151644,-2.1325000000000003,-9.989959769999999,0.006203527611099211,0.9999807579374607,0.5,170.91531372070312,131.74496459960938
1740465207304,Compass,144.0,38.39540377766589,19.80576,354.90924,0.0,0.0,0.0,6,17.56688250000002,12.413606529283925,144.0,38.646381393840926,0.34264396935375613,-0.08021300000000053,354.55380177,-0.08873366573943171,0.9960553883014954,0.5,169.9110870361328,118.60018157958984
1740465207588,Compass,144.5,37.76681124016165,21.841724,1.5873108,0.0,0.0,0.0,6,19.6028465,12.413606529283925,144.5,38.52043906723891,0.5247681835060098,2.035964,-353.3219292,0.02770025606834805,0.9996162742841614,0.5,167.0122528076172,113.68280029296875
1740465207825,Compass,145.0,37.76681124016165,20.116356,0.7154541,0.0,0.0,0.0,6,17.877478499999995,12.413606529283925,145.0,38.26945557075171,0.5251729694376263,-1.7253679999999996,-0.8718567,0.012486705185843638,0.9999220380577687,0.5,166.7490692138672,101.57614135742188
1740465208003,Compass,145.5,37.71511218994317,19.758745,358.2229,0.0,0.0,0.0,6,17.519867499999975,12.413606529283925,145.5,38.00813226422082,0.3546684816447308,-0.35761099999999857,357.5074459,-0.03101127339936118,0.999519034797312,0.5,164.56744384765625,93.03001403808594
1740465208503,Compass,146.0,37.71511218994317,20.74808,1.1287537,0.0,0.0,0.0,6,18.509202500000015,12.413606529283925,146.0,37.87185012757511,0.293814704556113,0.9893350000000005,-357.0941463,0.01969919421404947,0.9998059520463545,0.5,161.318359375,95.51608276367188
1740465208623,Compass,146.5,38.12525614668051,21.652914,5.2848206,0.0,0.0,0.0,6,19.41403650000001,12.413606529283925,146.5,37.81782060137803,0.17379482151639952,0.9048339999999975,4.1560669,0.0921067863573927,0.9957491350269473,0.5,162.0693817138672,95.02760314941406
1740465209044,Compass,147.0,38.1864770730425,20.57519,3.9439697,0.0,0.0,0.0,6,18.33631250000002,12.413606529283925,147.0,37.9017537679542,0.23393392061355422,-1.077724,-1.3408509,0.06878090947662241,0.997631789034195,0.5,161.2045440673828,93.66268920898438
1740465209303,Compass,147.5,38.1864770730425,19.65808,357.25165,0.0,0.0,0.0,6,17.419202499999983,12.413606529283925,147.5,37.98568693453037,0.24826110712832725,-0.9171099999999974,353.30768029999996,-0.04794936373288447,0.9988497677416818,0.5,160.46815490722656,90.1513442993164
1740465209523,Compass,148.0,38.433129832866854,19.613087,353.36444,0.0,0.0,0.0,6,17.374209500000006,12.413606529283925,148.0,38.12929046311511,0.26000908493919406,-0.044993000000001615,-3.887209999999982,-0.11555365427813695,0.9933012397973582,0.5,159.22366333007812,91.96643829345703
1740465209843,Compass,148.5,39.72827629661272,22.36759,357.1862,0.0,0.0,0.0,6,20.128712500000006,12.413606529283925,148.5,38.531923284449014,0.6791658499007047,2.7545029999999997,3.8217599999999834,-0.04909033626483021,0.9987943426378655,0.5,159.218994140625,93.11087799072266
1740465210164,Compass,149.0,42.74744144390399,20.789772,3.9934692,0.0,0.0,0.0,6,18.550894500000027,12.413606529283925,149.0,39.45636034389371,1.9479066208410203,-1.5778180000000006,-353.1927308,0.06964276698763677,0.997571994898767,0.5,158.4454345703125,95.41983795166016
1740465210423,Compass,149.5,44.534089821730944,19.213377,351.56012,0.0,0.0,0.0,6,16.97449949999998,12.413606529283925,149.5,40.7258828936314,2.796857898656622,-1.576394999999998,347.5666508,-0.1467715635697784,0.9891704140982395,0.5,158.20352172851562,87.0676040649414
1740465210743,Compass,150.0,46.52922468728659,20.538334,351.38785,0.0,0.0,0.0,6,18.29945650000002,12.413606529283925,150.0,42.39443241648022,3.339145209573118,1.3249569999999977,-0.17226999999996906,-0.14974501329030138,0.9887246487241468,0.5,157.983154296875,91.87254333496094
1740465210987,Compass,150.5,46.752214185533504,21.371227,346.57544,0.0,0.0,0.0,6,19.132349499999975,12.413606529283925,150.5,44.058249287013545,2.917896237739381,0.8328930000000021,-4.81241,-0.23216486535683492,0.9726764494392998,0.5,157.87550354003906,89.85501861572266
1740465211283,Compass,151.0,47.931754870857795,20.111128,350.22232,0.0,0.0,0.0,6,17.872250500000007,12.413606529283925,151.0,45.69894500186257,2.0525862395832664,-1.2600990000000003,3.64688000000001,-0.16982561323404896,0.9854741300966146,0.5,156.97238159179688,83.18798828125
1740465211403,Compass,151.5,48.00329578528957,19.645523,339.48553,0.0,0.0,0.0,6,17.406645500000025,12.413606529283925,151.5,46.75011587013968,1.4076842146387283,-0.46560500000000005,-10.736790000000042,-0.3504439258470978,0.9365837148044343,0.5,157.16334533691406,87.74253845214844
1740465211763,Compass,152.0,48.00329578528957,16.802982,330.81732,0.0,0.0,0.0,6,14.564104499999985,12.413606529283925,152.0,47.44395706285141,0.7380565428141196,-2.8425410000000007,-8.668209999999988,-0.48759576034173197,0.8730695129809357,0.5,156.3023223876953,88.21086120605469
1740465212004,Compass,152.5,47.931754870857795,19.320045,332.58917,0.0,0.0,0.0,6,17.081167499999992,12.413606529283925,152.5,47.72446309956565,0.544679502319158,2.5170630000000003,1.771850000000029,-0.46036759067833705,0.8877283827010507,0.5,156.10211181640625,92.60272216796875
1740465212463,Compass,153.0,47.370382360711424,16.651384,336.25742,0.0,0.0,0.0,6,14.412506500000006,12.413606529283925,153.0,47.848096734601235,0.26943546593612144,-2.668661,3.6682500000000005,-0.40262815050528794,0.915363628521852,0.5,155.6546630859375,97.0414810180664
1740465212766,Compass,153.5,45.618492686628734,16.483976,324.7831,0.0,0.0,0.0,6,14.245098499999983,12.413606529283925,153.5,47.38544429775543,1.0227757600756855,-0.16740800000000178,-11.474320000000034,-0.5766733166760964,0.8169748379441013,0.5,155.1222686767578,103.56525421142578
1740465213063,Compass,154.0,44.415210051350776,17.369349,319.22855,0.0,0.0,0.0,6,15.130471499999999,12.413606529283925,154.0,46.66782715096766,1.5850836092018585,0.8853730000000013,-5.554550000000006,-0.653043318682505,0.7573205555932971,0.5,154.80941772460938,110.59335327148438
1740465213263,Compass,154.5,43.6404780591906,18.437813,319.70355,0.0,0.0,0.0,6,16.198935500000005,12.413606529283925,154.5,45.79526360574787,1.8455683772645022,1.0684639999999987,0.47500000000002274,-0.6467425239582347,0.7627084028015767,0.5,154.77273559570312,121.11094665527344
