Timestamp_(ms),Type,step,axisZAngle,gyroSumFromstart0,gyroHeading,GroundTruth,value_4,value_5,turns,GyroStartByGroundTruth,GroundTruthHeading,steps_since_start,axisZAngle_rolling_mean,axisZAngle_rolling_std,gyroSumFromstart0_diff,step_diff,Improved_Predicted_Heading
1740465065101,Gyro,0.0,-0.0637585661196912,1.959918983231696,226.93452560511977,0.0,0.0,0.0,0,0.0,12.885887056643298,0.0,-0.0637585661196912,0.0,0.0,0.0,0.0
1740465068540,Gyro,0.5,-0.0638390896986636,3.418443011582906,263.9913131545268,0.0,0.0,0.0,0,1.4585240283512348,12.885887056643298,0.5,-0.0637988279091774,5.693876873679227e-05,1.45852402835121,0.5,0.0
1740465068850,Gyro,1.0,-0.0656215647011956,4.65578652875964,293.62580952054054,0.0,0.0,0.0,0,2.6958675455279604,12.885887056643298,1.0,-0.06440640683985013,0.0010531274769394674,1.2373435171767335,0.5,0.0
1740465071512,Gyro,1.5,-0.0686954885074223,5.689868960088618,316.5213111828319,0.0,0.0,0.0,0,3.729949976856915,12.885887056643298,1.5,-0.06547867725674317,0.0023105065194092196,1.0340824313289785,0.5,0.0
1740465071979,Gyro,2.0,-0.0726503584974787,6.538609730896566,333.3611146210717,0.0,0.0,0.0,0,4.5786907476648935,12.885887056643298,2.0,-0.06691301350489028,0.00378026885894614,0.8487407708079475,0.5,0.0
1740465072291,Gyro,2.5,-0.0770756720514997,7.219928266510203,344.82851631493077,0.0,0.0,0.0,0,5.260009283278521,12.885887056643298,2.5,-0.06957643469125198,0.00536240988112748,0.6813185356136371,0.5,0.0
1740465072651,Gyro,3.0,-0.0815609265496204,7.7517439922562525,351.60681274408,0.0,0.0,0.0,0,5.791825009024535,12.885887056643298,3.0,-0.07312080206144334,0.006382005488045841,0.5318157257460498,0.5,0.0
1740465072904,Gyro,3.5,-0.0856956193719757,8.15197633346144,354.37930038819025,0.0,0.0,0.0,0,6.192057350229732,12.885887056643298,3.5,-0.07713561299559936,0.006786271277745695,0.4002323412051867,0.5,0.0
1740465073268,Gyro,4.0,-0.0890692478987006,8.438544715452483,353.82927572693234,0.0,0.0,0.0,0,6.478625732220792,12.885887056643298,4.0,-0.08121036487385501,0.006564522787272416,0.28656838199104406,0.5,0.0
1740465073506,Gyro,4.5,-0.0912713095099301,8.629368563556108,350.6400352399771,0.0,0.0,0.0,0,6.669449580324397,12.885887056643298,4.5,-0.08493455507634531,0.005722166813878662,0.19082384810362463,0.5,0.0
1740465073906,Gyro,5.0,-0.0918913015857982,8.742367303098948,345.49487540699164,0.0,0.0,0.0,0,6.782448319867228,12.885887056643298,5.0,-0.087897680983205,0.00429262379211365,0.11299873954284045,0.5,0.0
1740465074226,Gyro,5.5,-0.0807800711810582,9.106085144092733,339.5843182510584,0.0,0.0,0.0,0,7.146166160861014,12.885887056643298,5.5,-0.08774150990949256,0.004585042028303018,0.36371784099378424,0.5,0.0
1740465074586,Gyro,6.0,-0.0649376286918462,8.906378296959685,329.2395144230101,0.0,0.0,0.0,0,6.946459313727985,12.885887056643298,6.0,-0.08358991177346667,0.011332949050081522,-0.1997068471330472,0.5,0.0
1740465074826,Gyro,6.5,-0.0405786885807317,8.813032236645858,327.8250885256581,0.0,0.0,0.0,0,6.853113253414165,12.885887056643298,6.5,-0.07389179990987288,0.021583664333559363,-0.0933460603138272,0.5,0.0
1740465075409,Gyro,7.0,-0.0466128595365015,9.02106959967299,326.6291018306597,0.0,0.0,0.0,0,7.061150616441296,12.885887056643298,7.0,-0.06496010991518716,0.021832521999328638,0.20803736302713105,0.5,0.0
1740465075544,Gyro,7.5,-0.0344420539223467,9.231267599411463,325.6228711506989,0.0,0.0,0.0,0,7.2713486161797505,12.885887056643298,7.5,-0.05347026038249687,0.019056596710642717,0.2101979997384742,0.5,0.0
1740465076015,Gyro,8.0,-0.0286363354054785,9.147725808957068,323.81986634520695,0.0,0.0,0.0,0,7.187806825725374,12.885887056643298,8.0,-0.043041513227380916,0.013961731093891799,-0.08354179045439558,0.5,0.0
1740465076126,Gyro,8.5,-0.0270498628567698,8.685457989963938,322.61559646616155,0.0,0.0,0.0,0,6.72553900673222,12.885887056643298,8.5,-0.03546396006036564,0.008199332132871173,-0.46226781899312996,0.5,0.0
1740465076510,Gyro,9.0,-0.0413553188058053,8.656016275907056,321.5815341353345,0.0,0.0,0.0,0,6.696097292675347,12.885887056643298,9.0,-0.03561928610538036,0.008326812397755484,-0.02944171405688145,0.5,0.0
1740465076775,Gyro,9.5,-0.021997931557914,8.452227284896924,320.4330654429514,0.0,0.0,0.0,0,6.4923083016652186,12.885887056643298,9.5,-0.03069630050966286,0.00743045970774651,-0.20378899101013204,0.5,0.0
1740465077252,Gyro,10.0,-0.032815156687793,7.777397990552376,318.7650334030691,0.0,0.0,0.0,0,5.817479007320685,12.885887056643298,10.0,-0.03037092106275212,0.0072590710463940455,-0.6748292943445486,0.5,0.0
1740465077363,Gyro,10.5,-0.0194210378946908,6.8852679147106075,318.2782566230756,0.0,0.0,0.0,0,4.925348931478936,12.885887056643298,10.5,-0.02852786156059458,0.008813104761882906,-0.8921300758417683,0.5,0.0
1740465077972,Gyro,11.0,-0.0216836124738016,6.1356833237985535,317.69428656096386,0.0,0.0,0.0,0,4.175764340566843,12.885887056643298,11.0,-0.02745461148400094,0.009348572069234826,-0.749584590912054,0.5,0.0
1740465078091,Gyro,11.5,-0.0374840459182604,9.241961140078352,319.58533018960065,0.0,0.0,0.0,0,7.282042156846671,12.885887056643298,11.5,-0.026680356906491964,0.007967837523528356,3.106277816279799,0.5,0.0
1740465078471,Gyro,12.0,-0.045716562637188,10.591280292513776,320.70845144491284,0.0,0.0,0.0,0,8.631361309282056,12.885887056643298,12.0,-0.031424083122346756,0.010975917599759315,1.3493191524354238,0.5,0.0
1740465078724,Gyro,12.5,-0.0435143691794568,10.20778526734216,321.2245676560929,0.0,0.0,0.0,0,8.247866284110444,12.885887056643298,12.5,-0.033563925620679516,0.012280353927276859,-0.3834950251716158,0.5,0.0
1740465079105,Gyro,13.0,-0.027193835878509,7.7296097900620335,320.867839522716,0.0,0.0,0.0,0,5.76969080683034,12.885887056643298,13.0,-0.035118485217443166,0.010388718192234676,-2.4781754772801268,0.5,0.0
1740465079412,Gyro,13.5,-0.0218091487032883,3.432326676953225,319.97077844393215,0.0,0.0,0.0,0,1.47240769372155,12.885887056643298,13.5,-0.0351435924633405,0.010348204477720531,-4.297283113108809,0.5,0.0
1740465079873,Gyro,14.0,-0.0152694002075709,-2.285391356717841,317.51352412552745,0.0,0.0,0.0,0,355.7546896600505,12.885887056643298,14.0,-0.0307006633212026,0.013408477190617281,-5.717718033671066,0.5,0.0
1740465080010,Gyro,14.5,-0.0044428959917161,-9.411982645047276,314.3990419744977,0.0,0.0,0.0,0,348.628098371721,12.885887056643298,14.5,-0.022445929992108222,0.014512400244915942,-7.1265912883294344,0.5,0.0
1740465080586,Gyro,15.0,-0.0096942129761358,-17.496644546649012,310.95926454723394,0.0,0.0,0.0,0,340.5434364701193,12.885887056643298,15.0,-0.015681898751444018,0.009115997030160408,-8.084661901601736,0.5,0.0
1740465080683,Gyro,15.5,-0.0108731056717879,-26.341740929061466,307.56737751225523,0.0,0.0,0.0,0,331.6983400877068,12.885887056643298,15.5,-0.012417752710099799,0.006514064686985176,-8.845096382412454,0.5,0.0
1740465081032,Gyro,16.0,-0.0176640498486431,-35.34838119937846,304.43188520104246,0.0,0.0,0.0,0,322.69169981738986,12.885887056643298,16.0,-0.01158873293917076,0.005138606354036168,-9.006640270316993,0.5,0.0
1740465104930,Gyro,16.5,-0.0039877420912061,-44.55357875691349,301.11516342922164,0.0,0.0,0.0,0,313.48650225985483,12.885887056643298,16.5,-0.009332401315897802,0.005576595946592908,-9.20519755753503,0.5,0.0
1740465105185,Gyro,17.0,-0.0301100550202676,-53.67975024645246,297.98201257273263,0.0,0.0,0.0,0,304.36033077031584,12.885887056643298,17.0,-0.014465833121608101,0.010005457386226109,-9.126171489538969,0.5,0.0
1740465105565,Gyro,17.5,-0.0312812528842755,-62.307116130891714,295.27093459626974,0.0,0.0,0.0,0,295.7329648858766,12.885887056643298,17.5,-0.01878324110323604,0.011908260101850015,-8.627365884439257,0.5,0.0
1740465105863,Gyro,18.0,-0.04932823192285,-70.14583811379453,293.1633324844685,0.0,0.0,0.0,0,287.89424290297376,12.885887056643298,18.0,-0.02647426635344846,0.01689595742509637,-7.838721982902811,0.5,0.0
1740465106366,Gyro,18.5,-0.0706335976034643,-77.40518785423251,292.016507479565,0.0,0.0,0.0,0,280.6348931625358,12.885887056643298,18.5,-0.037068175904412706,0.024764720536277512,-7.259349740437983,0.5,0.0
1740465106645,Gyro,19.0,-0.0926837787554745,-83.22456971797875,291.2224689081364,0.0,0.0,0.0,0,274.81551129878954,12.885887056643298,19.0,-0.05480738323726638,0.02682605230082756,-5.819381863746244,0.5,0.0
1740465107025,Gyro,19.5,-0.1078041764998353,-87.57341069107449,290.8497942268681,0.0,0.0,0.0,0,270.4666703256938,12.885887056643298,19.5,-0.07034620753317991,0.031104561967450546,-4.348840973095733,0.5,0.0
1740465107284,Gyro,20.0,-0.1285879118120285,-89.98355035321894,291.23793296501776,0.0,0.0,0.0,0,268.0565306635493,12.885887056643298,20.0,-0.08980753931873052,0.030993077299597743,-2.4101396621444593,0.5,0.0
1740465107631,Gyro,20.5,-0.0971277386484133,-90.52795803942357,292.104852363514,0.0,0.0,0.0,0,267.51212297734475,12.885887056643298,20.5,-0.09936744066384318,0.021215181971468156,-0.5444076862046217,0.5,0.0
1740465107984,Gyro,21.0,-0.1200799142351408,-88.77014391552689,293.60767915658363,0.0,0.0,0.0,1,269.2699371012414,12.885887056643298,21.0,-0.10925670399017848,0.015122177117277525,1.7578141238966793,0.5,0.0
1740465108164,Gyro,21.5,-0.1340370554848954,-84.38820149885484,296.20835128473004,0.0,0.0,0.0,1,273.65187951791347,12.885887056643298,21.5,-0.11752735933606266,0.015100548277958866,4.381942416672047,0.5,0.0
1740465108544,Gyro,22.0,-0.1139695957938201,-83.31997309937789,296.5199039228471,0.0,0.0,0.0,1,274.7201079173904,12.885887056643298,22.0,-0.11876044319485964,0.014340686447321322,1.0682283994769506,0.5,0.0
1740465108746,Gyro,22.5,-0.093568646110754,-82.8108418440657,296.27146158221285,0.0,0.0,0.0,1,275.2292391727026,12.885887056643298,22.5,-0.11175659005460473,0.016698793803562303,0.5091312553121838,0.5,0.0
1740465109104,Gyro,23.0,-0.0707264925139906,-83.06570435795912,296.0353551487379,0.0,0.0,0.0,1,274.9743766588092,12.885887056643298,23.0,-0.1064763408277202,0.02472579275378936,-0.2548625138934142,0.5,0.0
1740465109444,Gyro,23.5,-0.0640521401532519,-83.21079195684764,295.8576711441612,0.0,0.0,0.0,1,274.82928905992065,12.885887056643298,23.5,-0.0952707860113424,0.029293312414762893,-0.14508759888852296,0.5,0.0
1740465109704,Gyro,24.0,-0.0378284969526964,-83.41513713991401,295.69469664922826,0.0,0.0,0.0,1,274.6249438768543,285.5112043799518,24.0,-0.0760290743049026,0.029060145325461695,-0.20434518306636562,0.5,0.0
1740465109983,Gyro,24.5,-0.0110127316869236,-84.30181597450046,295.0173805230432,0.0,0.0,0.0,1,273.7382650422678,285.5112043799518,24.5,-0.0554377014835233,0.03180246314584,-0.8866788345864478,0.5,0.0
1740465110264,Gyro,25.0,-0.0303864631599538,-85.51506801274824,294.8275699378847,0.0,0.0,0.0,1,272.52501300402,285.5112043799518,25.0,-0.042801264893363264,0.02460073476272464,-1.2132520382477878,0.5,0.0
1740465110463,Gyro,25.5,-0.0385091306020917,-86.23363437920787,295.57202714612265,0.0,0.0,0.0,1,271.80644663756044,285.5112043799518,25.5,-0.03635779251098348,0.01905122700025986,-0.7185663664596262,0.5,0.0
1740465110845,Gyro,26.0,-0.0452365930612286,-86.58266643543539,296.91631504412857,0.0,0.0,0.0,1,271.4574145813329,285.5112043799518,26.0,-0.03259468309257882,0.013161005340279919,-0.34903205622751443,0.5,0.0
1740465111050,Gyro,26.5,-0.0261146003003592,-87.39444117881555,297.59673645635473,0.0,0.0,0.0,1,270.64563983795273,285.5112043799518,26.5,-0.03025190376211138,0.013038441593829773,-0.8117747433801696,0.5,0.0
1740465111464,Gyro,27.0,-0.0391949341836543,-88.35087725596495,298.92156277214417,0.0,0.0,0.0,1,269.68920376080337,285.5112043799518,27.0,-0.035888344261457525,0.0075991542333908825,-0.9564360771493909,0.5,0.0
1740465111645,Gyro,27.5,-0.0362648426226867,-88.86707480254879,300.0289328211798,0.0,0.0,0.0,1,269.1730062142195,285.5112043799518,27.5,-0.037064020154004104,0.006963270901501653,-0.5161975465838395,0.5,0.0
1740465112043,Gyro,28.0,-0.0512227209335724,-89.12395133246052,300.71355826413503,0.0,0.0,0.0,1,268.91612968430775,285.5112043799518,28.0,-0.03960673822030024,0.009486858730971364,-0.25687652991173593,0.5,0.0
1740465112223,Gyro,28.5,-0.0576730288338665,-89.62029011964587,300.24685973847306,0.0,0.0,0.0,1,268.4197908971224,285.5112043799518,28.5,-0.04209402537482782,0.012487639472535915,-0.4963387871853513,0.5,0.0
1740465112626,Gyro,29.0,-0.0596976858129447,-94.81503405230356,296.3930473193819,0.0,0.0,0.0,1,263.22504696446475,285.5112043799518,29.0,-0.048810642477344915,0.01063892225492068,-5.194743932657687,0.5,0.0
1740465112803,Gyro,29.5,-0.0652789119237651,-96.9346094869227,294.13560196142174,0.0,0.0,0.0,1,261.1054715298456,285.5112043799518,29.5,-0.05402743802536708,0.011128948070305343,-2.1195754346191364,0.5,0.0
1740465113203,Gyro,30.0,-0.0688307850437389,-96.53936525531104,292.79148618175526,0.0,0.0,0.0,1,261.5007157614573,285.5112043799518,30.0,-0.06054062650957752,0.006836210700361889,0.395244231611656,0.5,261.488525390625
1740465113383,Gyro,30.5,-0.0669124037426601,-93.97404541435,292.63062918927403,0.0,0.0,0.0,1,264.0660356024183,285.5112043799518,30.5,-0.06367856307139506,0.004782208130500355,2.5653198409610383,0.5,260.4041748046875
1740465113745,Gyro,31.0,-0.1019684661244839,-89.13612345047295,301.78574426282734,0.0,0.0,0.0,1,268.90395756629533,285.5112043799518,31.0,-0.07253765052951855,0.016801124514426884,4.837921963877051,0.5,258.986328125
1740465113944,Gyro,31.5,-0.1089261748357293,-82.3280151629608,299.2557833246123,0.0,0.0,0.0,1,275.71206585380753,285.5112043799518,31.5,-0.08238334833407547,0.02123489063289853,6.808108287512155,0.5,260.10894775390625
1740465114343,Gyro,32.0,-0.1040537501286355,-73.93187241075428,298.7487275253315,0.0,0.0,0.0,1,284.10820860601405,285.5112043799518,32.0,-0.09013831597504954,0.020494080085631985,8.396142752206515,0.5,263.8631286621094
1740465114537,Gyro,32.5,-0.1078135950148728,-65.0074503502771,299.7571674534126,0.0,0.0,0.0,1,293.0326306664912,285.5112043799518,32.5,-0.09793487796927633,0.01756774028100183,8.924422060477184,0.5,267.85906982421875
1740465114945,Gyro,33.0,-0.1006842080053927,-54.98838276348415,302.416404236675,0.0,0.0,0.0,1,303.05169825328414,285.5112043799518,33.0,-0.10468923882182284,0.0035902628802531424,10.01906758679295,0.5,271.8840637207031
1740465115127,Gyro,33.5,-0.0753585062979723,-44.23068431497168,307.0623649950927,0.0,0.0,0.0,1,313.80939670179663,285.5112043799518,33.5,-0.09936724685652051,0.013809699708164022,10.757698448512464,0.5,273.7081298828125
1740465121860,Gyro,34.0,-0.0495779049118987,-33.500458257763576,312.3733272409247,0.0,0.0,0.0,1,324.5396227590047,285.5112043799518,34.0,-0.0874975928717544,0.024728491981391983,10.730226057208107,0.5,277.95947265625
1740465121947,Gyro,34.5,-0.0399899726652495,-23.637116265282486,316.8080153187278,0.0,0.0,0.0,1,334.4029647514858,285.5112043799518,34.5,-0.07468483737907719,0.030033428794804463,9.86334199248109,0.5,280.9540100097656
1740465122469,Gyro,35.0,-0.0550283899148408,-14.206102391467624,321.3514172899602,0.0,0.0,0.0,1,343.8339786253007,285.5112043799518,35.0,-0.0641277963590708,0.024184877246033694,9.431013873814862,0.5,282.1968994140625
1740465122564,Gyro,35.5,-0.0516811820632553,-5.0179124401764525,326.4670057763936,0.0,0.0,0.0,1,353.02216857659187,285.5112043799518,35.5,-0.054327191170643316,0.013018456266961683,9.188189951291172,0.5,282.15484619140625
1740465123066,Gyro,36.0,-0.0372003440933307,2.8545123623733075,330.800332553118,0.0,0.0,0.0,1,0.894593379141611,285.5112043799518,36.0,-0.046695558729715,0.007709157226258001,7.8724248025497605,0.5,280.7023010253906
1740465123344,Gyro,36.5,-0.0197305273126836,8.880455583360487,333.85084106243477,0.0,0.0,0.0,1,6.9205366001287985,285.5112043799518,36.5,-0.04072608320987198,0.013949518185713267,6.025943220987179,0.5,278.89605712890625
1740465123526,Gyro,37.0,-0.0220267383064724,13.52313874926432,336.570643180774,0.0,0.0,0.0,1,11.563219766032603,285.5112043799518,37.0,-0.03713343633811656,0.01630141338819201,4.642683165903833,0.5,277.1649475097656
1740465124487,Gyro,37.5,-0.0061183412806471,16.814971587610145,337.6722009251349,0.0,0.0,0.0,1,14.855052604378443,285.5112043799518,37.5,-0.027351426611277818,0.017508658573987163,3.291832838345826,0.5,274.9535217285156
1740465124783,Gyro,38.0,0.0083283143994768,17.641354094802026,336.7431545439646,0.0,0.0,0.0,2,15.681435111570352,285.5112043799518,38.0,-0.015349527318731399,0.01722709700835565,0.8263825071918802,0.5,275.16534423828125
1740465124885,Gyro,38.5,0.0067648680779665,15.660924462732735,334.84833743379784,0.0,0.0,0.0,2,13.70100547950102,285.5112043799518,38.5,-0.00655648488447196,0.014248612205510871,-1.9804296320692902,0.5,275.41015625
1740465125227,Gyro,39.0,-0.0002205984846355,11.096763369728537,331.4787092285021,0.0,0.0,0.0,2,9.136844386496819,285.5112043799518,39.0,-0.0026544991188623404,0.012273471362336185,-4.5641610930041985,0.5,274.8562316894531
1740465125484,Gyro,39.5,0.0006875485245177,11.497573899084532,333.09451176200974,0.0,0.0,0.0,2,9.53765491585284,285.5112043799518,39.5,0.00188835824733568,0.005814857332490967,0.40081052935599537,0.5,275.49237060546875
1740465125864,Gyro,40.0,0.0036529162280156,11.340178177443477,334.80019717554353,0.0,0.0,0.0,2,9.38025919421176,285.5112043799518,40.0,0.00384260974906822,0.0037135291861165663,-0.15739572164105553,0.5,276.70135498046875
1740465126105,Gyro,40.5,0.0137113174699246,11.070770450735402,338.0122922850564,0.0,0.0,0.0,2,9.110851467503721,285.5112043799518,40.5,0.00491921036315778,0.00562662637648577,-0.26940772670807434,0.5,279.8790283203125
1740465126403,Gyro,41.0,0.0077402144274271,10.964874336318926,341.55820788819466,0.0,0.0,0.0,2,9.004955353087212,285.5112043799518,41.0,0.0051142796330499,0.005722697112209667,-0.10589611441647584,0.5,283.159423828125
1740465126664,Gyro,41.5,0.0079719577373323,11.155791608303234,332.6859945243504,0.0,0.0,0.0,2,9.195872625071559,285.5112043799518,41.5,0.00675279087744346,0.004931502131183957,0.19091727198430775,0.5,286.5783386230469
1740465126864,Gyro,42.0,0.0340332915572078,11.505523071330362,332.7355140961059,0.0,0.0,0.0,2,9.545604088098685,285.5112043799518,42.0,0.013421939483981482,0.012065754120007864,0.349731463027128,0.5,290.4980163574219
1740465127210,Gyro,42.5,0.0400465954179465,11.639988667603651,332.713838989862,0.0,0.0,0.0,2,9.680069684371972,285.5112043799518,42.5,0.02070067532196766,0.015255066381111253,0.13446559627328902,0.5,292.3277893066406
1740465127506,Gyro,43.0,0.0489438474006205,12.074663937070795,333.093254887214,0.0,0.0,0.0,2,10.114744953839079,285.5112043799518,43.0,0.027747181308106838,0.01891710610786866,0.4346752694671441,0.5,291.3959655761719
1740465127744,Gyro,43.5,0.0671995027484464,12.32094120424961,334.6971620235331,0.0,0.0,0.0,2,10.36102222101789,285.5112043799518,43.5,0.0396390389723107,0.021682672596593625,0.24627726717881515,0.5,287.5103759765625
1740465128009,Gyro,44.0,0.0800098374130425,11.762372493036803,335.56054382150626,0.0,0.0,0.0,2,9.802453509805105,285.5112043799518,44.0,0.05404661490745274,0.01916806768358083,-0.558568711212807,0.5,279.9530029296875
1740465128276,Gyro,44.5,0.0699253274408295,10.67149881981027,335.8690328506007,0.0,0.0,0.0,2,8.71157983657855,285.5112043799518,44.5,0.061225022084177086,0.01630653264117838,-1.0908736732265343,0.5,270.04248046875
1740465128564,Gyro,45.0,0.0612677748389989,9.633482622687035,335.5078294344517,0.0,0.0,0.0,2,7.673563639455324,285.5112043799518,45.0,0.06546925796838755,0.011456661900923667,-1.038016197123234,0.5,254.1541290283203
1740465128823,Gyro,45.5,0.0538240509682896,8.609007948283649,336.0622586106531,0.0,0.0,0.0,2,6.649088965051931,285.5112043799518,45.5,0.06644529868192138,0.009782366558223385,-1.0244746744033861,0.5,233.70489501953125
1740465129071,Gyro,46.0,0.0556919130017973,7.357639329780886,336.8892843053245,0.0,0.0,0.0,2,5.3977203465491925,285.5112043799518,46.0,0.06414378073259157,0.010855417280946486,-1.251368618502763,0.5,201.0128936767578
1740465129250,Gyro,46.5,0.0271188347960114,6.2934420561620685,337.34984297482436,0.0,0.0,0.0,2,4.3335230729303476,285.5112043799518,46.5,0.05356558020918534,0.016054466456615166,-1.0641972736188174,0.5,158.8890380859375
1740465129543,Gyro,47.0,0.0100556072953578,5.83988251480869,338.7787318960404,0.0,0.0,0.0,2,3.8799635315770047,15.750185224615905,47.0,0.041591636180091,0.022020350293794257,-0.4535595413533784,0.5,114.18890380859375
1740465129930,Gyro,47.5,0.0016109523010787,5.738426098659622,339.3403467865275,0.0,0.0,0.0,2,3.778507115427942,15.750185224615905,47.5,0.029660271672506962,0.024693626020141198,-0.10145641614906786,0.5,74.9002914428711
1740465130128,Gyro,48.0,-0.0032572731328865,5.499781178587706,339.87284152010056,0.0,0.0,0.0,2,3.5398621953560223,15.750185224615905,48.0,0.01824400685227174,0.023911930484705038,-0.2386449200719163,0.5,48.149513244628906
1740465130504,Gyro,48.5,-0.0343609733765932,5.369163348414448,341.02578265118916,0.0,0.0,0.0,2,3.409244365182758,15.750185224615905,48.5,0.00023342957659364116,0.02252862334287868,-0.13061783017325812,0.5,35.994544982910156
1740465130789,Gyro,49.0,-0.0572372794058509,5.695276434226801,342.540130470738,0.0,0.0,0.0,2,3.7353574509950818,15.750185224615905,49.0,-0.01663779326377882,0.02822685802292825,0.3261130858123531,0.5,27.597694396972656
1740465131064,Gyro,49.5,-0.0623559210804177,5.980164034586393,345.71269483164025,0.0,0.0,0.0,2,4.0202450513547205,15.750185224615905,49.5,-0.031120098938933922,0.029647705411595754,0.2848876003595917,0.5,21.58623504638672
1740465131325,Gyro,50.0,-0.0739635613115388,5.959406177345464,347.646671876426,0.0,0.0,0.0,2,3.999487194113783,15.750185224615905,50.0,-0.04623500166145742,0.02800841336067963,-0.0207578572409286,0.5,16.420570373535156
1740465131604,Gyro,50.5,-0.1043126754991815,6.51594126511924,349.65563803857054,0.0,0.0,0.0,2,4.556022281887522,15.750185224615905,50.5,-0.06644608213471642,0.02559969265134616,0.556535087773776,0.5,10.597662925720215
1740465131784,Gyro,51.0,-0.1234555801771806,7.832244201536356,349.96243177508575,0.0,0.0,0.0,2,5.872325218304638,15.750185224615905,51.0,-0.0842650034948339,0.028523831817518913,1.3163029364171157,0.5,4.516287803649902
1740465132024,Gyro,51.5,-0.1173059219051964,9.39396532494268,348.45672977116294,0.0,0.0,0.0,2,7.434046341710996,15.750185224615905,51.5,-0.096278731994703,0.026897918059970823,1.5617211234063246,0.5,358.5992043018341
1740465132383,Gyro,52.0,-0.0980419747721466,10.719758686989085,346.2167626544581,0.0,0.0,0.0,2,8.759839703757393,15.750185224615905,52.0,-0.10341594273304877,0.019310910277558633,1.3257933620464044,0.5,353.73172664642334
1740465132751,Gyro,52.5,-0.1116570378548532,11.8726403022555,343.6305134782568,0.0,0.0,0.0,2,9.91272131902383,15.750185224615905,52.5,-0.11095463804171166,0.010098988385179003,1.1528816152664145,0.5,349.40058040618896
1740465132906,Gyro,53.0,-0.1131439955346505,13.22182875004888,341.29075466818813,0.0,0.0,0.0,2,11.261909766817212,15.750185224615905,53.0,-0.11272090204880544,0.009394645319511268,1.3491884477933809,0.5,345.7742223739624
1740465133269,Gyro,53.5,-0.0822743907054583,14.163576585256454,339.3693493134971,0.0,0.0,0.0,2,12.203657602024748,15.750185224615905,53.5,-0.104484664154461,0.014366768146639954,0.9417478352075737,0.5,343.6316146850586
1740465133449,Gyro,54.0,-0.0404989873339321,13.794363288362048,335.9987830402052,0.0,0.0,0.0,2,11.834444305130376,15.750185224615905,54.0,-0.08912327724020815,0.02989789815413751,-0.3692132968944062,0.5,342.7864761352539
1740465133784,Gyro,54.5,-0.023277098568813,13.050357431415344,332.2064005132356,0.0,0.0,0.0,2,11.090438448183647,15.750185224615905,54.5,-0.07417030199954142,0.04096875636799293,-0.7440058569467034,0.5,343.8557357788086
1740465134109,Gyro,55.0,0.008965500243707,12.05494253115383,328.157464720493,0.0,0.0,0.0,2,10.095023547922153,15.750185224615905,55.0,-0.05004579437982938,0.04824443725300025,-0.9954149002615136,0.5,346.5046453475952
1740465134384,Gyro,55.5,0.006511583204315,11.110712231039424,325.3456643870507,0.0,0.0,0.0,2,9.150793247807712,15.750185224615905,55.5,-0.02611467863203628,0.03762966040567123,-0.9442303001144072,0.5,349.41730403900146
1740465134668,Gyro,56.0,0.0176629814594637,14.294920995096277,324.3180451193162,0.0,0.0,0.0,2,12.33500201186456,15.750185224615905,56.0,-0.006127204199051879,0.024642645763268727,3.1842087640568533,0.5,351.8232488632202
1740465134944,Gyro,56.5,0.0076249185696305,15.095933132641216,322.6587471461223,0.0,0.0,0.0,2,13.136014149409505,15.750185224615905,56.5,0.0034975769816606404,0.01560095591419377,0.801012137544939,0.5,354.41092586517334
1740465135203,Gyro,57.0,0.0165191263872178,13.900352585158396,321.60653911735477,0.0,0.0,0.0,2,11.940433601926713,15.750185224615905,57.0,0.0114568219728668,0.005231847085028935,-1.1955805474828196,0.5,357.6213753223419
1740465135486,Gyro,57.5,0.0460122189011109,10.418656768143071,320.00828264792034,0.0,0.0,0.0,2,8.458737784911364,15.750185224615905,57.5,0.01886616570434758,0.015991136575761684,-3.481695817015325,0.5,0.8853523135185242
1740465135770,Gyro,58.0,0.0558559029363511,4.745647855835198,318.3595442235987,0.0,0.0,0.0,2,2.7857288726034994,15.750185224615905,58.0,0.0287350296507548,0.02092545321921204,-5.673008912307873,0.5,6.332282066345215
1740465136019,Gyro,58.5,0.0388453868784892,-2.5367042769695543,317.0133346845336,0.0,0.0,0.0,2,355.50337673979874,15.750185224615905,58.5,0.0329715107345599,0.020257027064531596,-7.2823521328047525,0.5,14.009222984313965
1740465136203,Gyro,59.0,0.0280905963054262,-10.66068128375272,316.22336745995045,0.0,0.0,0.0,2,347.3793997330156,15.750185224615905,59.0,0.037064646281719044,0.015321499438899884,-8.123977006783164,0.5,25.370681762695312
1740465136423,Gyro,59.5,0.0518351608685185,-22.60222856104909,314.3525713370345,0.0,0.0,0.0,2,335.4378524557192,15.750185224615905,59.5,0.04412785317797918,0.011018151334859476,-11.941547277296369,0.5,46.241065979003906
1740465136929,Gyro,60.0,0.0607086988361549,-35.89023106083645,311.2999583981656,0.0,0.0,0.0,2,322.14984995593187,15.750185224615905,60.0,0.047067149164987984,0.01335828337977005,-13.28800249978736,0.5,98.1012954711914
1740465137065,Gyro,60.5,0.0516992040296823,-47.08731295156859,308.39722694997994,0.0,0.0,0.0,2,310.95276806519973,15.750185224615905,60.5,0.04623580938365422,0.012791921764073524,-11.197081890732143,0.5,170.85562133789062
1740465145119,Gyro,61.0,0.0249972881254655,-55.65925419519386,305.16010183719806,0.0,0.0,0.0,2,302.38082682157443,297.30448343420795,61.0,0.043466189633049476,0.015910967304721742,-8.571941243625268,0.5,235.99903869628906
1740465145508,Gyro,61.5,0.0275372628882965,-61.89524374496496,302.7269676560931,0.0,0.0,0.0,2,296.14483727180334,297.30448343420795,61.5,0.04335552294962354,0.01604599734962623,-6.235989549771098,0.5,270.41339111328125
1740465145765,Gyro,62.0,-0.010520632925531,-65.61306438185606,301.80374429878685,0.0,0.0,0.0,2,292.4270166349122,297.30448343420795,62.0,0.03088436419081364,0.027762308227559318,-3.717820636891105,0.5,288.391357421875
1740465146305,Gyro,62.5,-0.0435261588949651,-66.21775765277792,302.7222313599179,0.0,0.0,0.0,2,291.8223233639904,297.30448343420795,62.5,0.010037392644589638,0.03727410940621041,-0.6046932709218567,0.5,297.8243103027344
1740465146444,Gyro,63.0,-0.059805664998757,-64.28126581533107,304.16998959136606,0.0,0.0,0.0,2,293.75881520143724,297.30448343420795,63.0,-0.01226358116109822,0.03941166051367127,1.9364918374468516,0.5,307.30963134765625
1740465146805,Gyro,63.5,-0.0473813140979726,-60.55043816595223,306.4234586237296,0.0,0.0,0.0,2,297.4896428508161,297.30448343420795,63.5,-0.02673930160578584,0.03539161734242662,3.7308276493788384,0.5,314.47930908203125
1740465147046,Gyro,64.0,-0.0492561442414835,-54.95292720483754,308.24246081725687,0.0,0.0,0.0,2,303.08715381193076,297.30448343420795,64.0,-0.042097983031741844,0.018653978032389457,5.597510961114686,0.5,319.7683410644531
1740465151538,Gyro,64.5,-0.0697606204641051,-46.819757592006646,312.0086653579564,0.0,0.0,0.0,3,311.22032342476166,297.30448343420795,64.5,-0.053945980539456664,0.010701645095516415,8.133169612830898,0.5,324.4593200683594
1740465152067,Gyro,65.0,-0.0677733357916631,-36.307469221215655,315.5139845406958,0.0,0.0,0.0,3,321.73261179555266,297.30448343420795,65.0,-0.05879541591879626,0.01028516873557886,10.51228837079099,0.5,325.91961669921875
1740465152272,Gyro,65.5,-0.0975762849283088,-23.880012132118058,328.39865817260153,0.0,0.0,0.0,3,334.16006888465023,297.30448343420795,65.5,-0.06634953990470663,0.020253086404510016,12.427457089097597,0.5,325.6481628417969
1740465152706,Gyro,66.0,-0.1062489369946702,-9.37023190621106,337.92712313173837,0.0,0.0,0.0,3,348.66984911055727,297.30448343420795,66.0,-0.07812306448404614,0.023344372600371907,14.509780225906997,0.5,323.06439208984375
1740465154048,Gyro,66.5,-0.1230435130754154,0.3603992462896459,334.1007524681229,0.0,0.0,0.0,3,358.40048026305794,297.30448343420795,66.5,-0.09288053825083252,0.023850950640867622,9.730631152500706,0.5,319.3519287109375
1740465154205,Gyro,67.0,-0.0859095521829673,8.805689718175786,331.2652131938503,0.0,0.0,0.0,3,6.845770734944097,297.30448343420795,67.0,-0.09611032459460497,0.02084093229112877,8.44529047188614,0.5,314.6969299316406
1740465154625,Gyro,67.5,-0.0573306685018626,15.1030324264137,328.7879689244812,0.0,0.0,0.0,3,13.143113443182017,297.30448343420795,67.5,-0.09402179113664486,0.024578673516291918,6.297342708237913,0.5,307.9892578125
1740465154744,Gyro,68.0,-0.0587102551280476,19.39638972177161,334.78939354363774,0.0,0.0,0.0,3,17.436470738539924,297.30448343420795,68.0,-0.08624858517659262,0.028933549998083556,4.293357295357909,0.5,299.5293884277344
1740465155345,Gyro,68.5,-0.0597755451227518,21.612200366590148,328.2213713664557,0.0,0.0,0.0,4,19.652281383358456,297.30448343420795,68.5,-0.07695390680220894,0.028361302016989658,2.2158106448185393,0.5,290.07904052734375
1740465155625,Gyro,69.0,-0.0069901357643019,21.004441190225325,330.5649803269003,0.0,0.0,0.0,4,19.044522206993634,297.30448343420795,69.0,-0.05374323133998624,0.02869866714134107,-0.6077591763648229,0.5,278.15216064453125
1740465155785,Gyro,69.5,0.0206844848282116,17.163415752337166,328.36340770185944,0.0,0.0,0.0,4,15.20349676910547,297.30448343420795,69.5,-0.032424423937750455,0.03717125561146026,-3.8410254378881596,0.5,261.03216552734375
1740465156144,Gyro,70.0,0.016607438518143,14.681683973487894,323.7534911572371,0.0,0.0,0.0,4,12.72176499025619,297.30448343420795,70.0,-0.017636802533749343,0.03942474717292424,-2.481731778849271,0.5,224.3622589111328
1740465156491,Gyro,70.5,0.0079154755024517,14.177232736188127,317.59673644654737,0.0,0.0,0.0,4,12.217313752956443,7.599820136054973,70.5,-0.004311656407649481,0.03276940481230044,-0.5044512372997669,0.5,173.76675415039062
1740465156725,Gyro,71.0,-0.0023041054529257,14.01683843609006,309.7817379797283,0.0,0.0,0.0,4,12.05691945285838,7.599820136054973,71.0,0.00718263152631574,0.011858853242406523,-0.16039430009806743,0.5,121.0243911743164
1740465156924,Gyro,71.5,0.0114100010565543,13.747959237986109,300.7502738215067,0.0,0.0,0.0,4,11.788040254754435,7.599820136054973,71.5,0.01086265889048698,0.008829211663077362,-0.2688791981039511,0.5,70.75042724609375
1740465157267,Gyro,72.0,-0.0195460892368418,13.660327548545112,291.09097655769517,0.0,0.0,0.0,4,11.70040856531341,7.599820136054973,72.0,0.0028165440774763004,0.014285865342754856,-0.08763168944099675,0.5,34.120994567871094
1740465157505,Gyro,72.5,-0.0263639549174563,13.780411958483,281.0083710460902,0.0,0.0,0.0,4,11.820492975251284,7.599820136054973,72.5,-0.005777734609643559,0.016645933555417783,0.12008440993788838,0.5,21.654029846191406
1740465157766,Gyro,73.0,-0.0334831854470411,13.701711001634358,270.4065613272279,0.0,0.0,0.0,4,11.741792018402634,7.599820136054973,73.0,-0.014057466799542118,0.01834166427135762,-0.07870095684864253,0.5,13.511237144470215
1740465158051,Gyro,73.5,-0.019745381123733,13.18350070055558,260.1592815756752,0.0,0.0,0.0,4,11.223581717323896,7.599820136054973,73.5,-0.01754572193370358,0.017168560219067344,-0.5182103010787777,0.5,7.55161190032959
1740465158305,Gyro,74.0,-0.0338702482956844,12.90207418339311,250.5246270774733,0.0,0.0,0.0,4,10.942155200161437,7.599820136054973,74.0,-0.026601771804151318,0.007018438408172468,-0.2814265171624708,0.5,3.270209550857544
1740465158585,Gyro,74.5,-0.025013139410101,18.064515899313292,238.56328734880393,0.0,0.0,0.0,4,16.10459691608162,7.599820136054973,74.5,-0.02769518183880316,0.005995775171540496,5.162441715920183,0.5,0.14899368584156036
1740465158865,Gyro,75.0,-0.0231053419968941,19.95453844001285,229.9545926479214,0.0,0.0,0.0,4,17.99461945678115,7.599820136054973,75.0,-0.027043459254690722,0.006343658894039228,1.890022540699558,0.5,358.30792927742004
1740465159125,Gyro,75.5,-0.0310179263855831,19.31914607159181,227.52425683556444,0.0,0.0,0.0,4,17.359227088360115,7.599820136054973,75.5,-0.026550407442399122,0.00578962105300883,-0.6353923684210407,0.5,356.634818315506
1740465159406,Gyro,76.0,-0.0461592061551155,17.061326210199223,216.76075641385813,0.0,0.0,0.0,4,15.101407226967524,7.599820136054973,76.0,-0.03183317244867562,0.009120545775201225,-2.257819861392587,0.5,355.63109493255615
1740465159707,Gyro,76.5,-0.0358679656435105,13.052995854527484,205.3016805590037,0.0,0.0,0.0,4,11.093076871295807,7.599820136054973,76.5,-0.03223271591824084,0.009274550179771818,-4.008330355671738,0.5,355.9913091659546
1740465159986,Gyro,77.0,-0.0262128802960114,6.9105185570447185,206.16635251389093,0.0,0.0,0.0,4,4.950599573813008,7.599820136054973,77.0,-0.03247266409542292,0.009053968528655471,-6.142477297482766,0.5,356.77048420906067
1740465160270,Gyro,77.5,-0.0356783601227521,-0.5992643203661138,211.72150845047145,0.0,0.0,0.0,4,357.4408166964022,7.599820136054973,77.5,-0.03498726772059452,0.007396130597058029,-7.509782877410832,0.5,357.9919044971466
1740465160506,Gyro,78.0,-0.0507179307520033,-8.770651457992694,222.1081636645936,0.0,0.0,0.0,4,349.2694295587756,7.599820136054973,78.0,-0.03892726859387856,0.009655193493678124,-8.17138713762658,0.5,358.87961506843567
1740465160885,Gyro,78.5,-0.0421870698204571,-17.670541478260656,224.1855143478234,0.0,0.0,0.0,4,340.36953953850764,7.599820136054973,78.5,-0.03813284132694688,0.009056225142635425,-8.899890020267962,0.5,0.5024482607841492
1740465161045,Gyro,79.0,-0.0304104585165017,-27.34410826119614,239.5201134684509,0.0,0.0,0.0,4,330.69597275557214,7.599820136054973,79.0,-0.03704133990154512,0.009703214840167349,-9.673566782935485,0.5,2.3101723194122314
1740465167329,Gyro,79.5,-0.050471240386884,-36.944871302059056,247.04989601503465,0.0,0.0,0.0,4,321.09520971470926,7.599820136054973,79.5,-0.04189301191971964,0.008972494019160967,-9.600763040862915,0.5,4.92087459564209
1740465167706,Gyro,80.0,-0.0558802871797247,-46.16170230042443,254.40838057207935,0.0,0.0,0.0,4,311.8783787163439,7.599820136054973,80.0,-0.045933397331114165,0.009967710326023558,-9.216830998365374,0.5,7.661093711853027
1740465167924,Gyro,80.5,-0.0511642702876358,-54.90010200065316,262.09309654788836,0.0,0.0,0.0,4,303.13997901611515,7.599820136054973,80.5,-0.04602266523824066,0.010023116089938264,-8.738399700228733,0.5,9.93167781829834
1740465168126,Gyro,81.0,-0.0592298910473284,-63.16786654952525,269.4221634847957,0.0,0.0,0.0,4,294.87221446724305,7.599820136054973,81.0,-0.04943122948361492,0.01121916769304445,-8.267764548872087,0.5,10.61936092376709
1740465168486,Gyro,81.5,-0.0606503593679234,-70.3586895377566,276.5603034030696,0.0,0.0,0.0,4,287.6813914790117,7.599820136054973,81.5,-0.05547920965389926,0.004600753236575858,-7.1908229882313535,0.5,10.066596031188965
1740465168870,Gyro,82.0,-0.0620063659519378,-76.18668532298048,282.67449914023854,0.0,0.0,0.0,4,281.85339569378783,7.599820136054973,82.0,-0.057786234766910013,0.00434683534812386,-5.827995785223877,0.5,7.714484214782715
1740465169064,Gyro,82.5,-0.0580546501063346,-80.48478146224161,287.83296709054906,0.0,0.0,0.0,4,277.5552995545267,7.599820136054973,82.5,-0.058221107352232,0.004215262445471637,-4.298096139261133,0.5,2.698004961013794
1740465169444,Gyro,83.0,-0.0740133105225162,-82.88814517718112,291.58063731938194,0.0,0.0,0.0,4,275.15193583958717,7.599820136054973,83.0,-0.06279091539920809,0.006446951869314933,-2.403363714939502,0.5,355.74225521087646
1740465169649,Gyro,83.5,-0.0738052092926699,-83.06100162863582,293.85833199084317,0.0,0.0,0.0,5,274.9790793881325,7.599820136054973,83.5,-0.06570597904827638,0.00762231180101101,-0.17285645145470596,0.5,348.9481267929077
1740465169927,Gyro,84.0,-0.0948820850947945,-79.95065591467704,294.346114066685,0.0,0.0,0.0,5,278.08942510209124,7.599820136054973,84.0,-0.0725523241936506,0.014350280600084801,3.110345713958779,0.5,343.7945327758789
1740465170165,Gyro,84.5,-0.0904980979462166,-74.22728109676277,292.3892973161129,0.0,0.0,0.0,5,283.81279992000555,7.599820136054973,84.5,-0.07825067059250636,0.01476651630497404,5.7233748179142765,0.5,341.09825897216797
1740465170427,Gyro,85.0,-0.100548812879953,-74.08039712978008,293.9890458221606,0.0,0.0,0.0,5,283.9596838869882,7.599820136054973,85.0,-0.08674950314723004,0.012251297351377215,0.1468839669826849,0.5,339.1106643676758
1740465170747,Gyro,85.5,-0.104001705708361,-73.70737623373563,295.0237500915296,0.0,0.0,0.0,5,284.3327047830327,7.599820136054973,85.5,-0.09274718218439901,0.011789235223705657,0.37302089604445143,0.5,336.87171173095703
1740465171104,Gyro,86.0,-0.0944599171002865,-73.66626833082618,295.63514418437046,0.0,0.0,0.0,5,284.3738126859421,7.599820136054973,86.0,-0.09687812374592232,0.005356211384386963,0.041107902909445215,0.5,333.91304779052734
1740465171325,Gyro,86.5,-0.0711061748268968,-74.14529708695564,295.23074852565844,0.0,0.0,0.0,5,283.89478392981266,7.599820136054973,86.5,-0.09212294169234278,0.012863770836651911,-0.47902875612945195,0.5,330.51558685302734
1740465171692,Gyro,87.0,-0.0647543877930623,-74.88523116835478,293.95951913696933,0.0,0.0,0.0,5,283.1548498484135,7.599820136054973,87.0,-0.08697419966171192,0.017858865469285518,-0.7399340813991415,0.5,327.8736038208008
1740465171885,Gyro,87.5,-0.0456224688212743,-75.19813777345448,292.30907597253656,0.0,0.0,0.0,5,282.84194324331384,7.599820136054973,87.5,-0.07598893084997618,0.023441795838548916,-0.31290660509969825,0.5,326.6681594848633
1740465172292,Gyro,88.0,-0.0408773441501727,-75.5929273337683,290.3899703170936,0.0,0.0,0.0,5,282.447153683,7.599820136054973,88.0,-0.06336405853833851,0.02150140768316297,-0.39478956031382495,0.5,326.94605255126953
1740465172426,Gyro,88.5,-0.0228333604736839,-76.20817846976044,288.1324212585778,0.0,0.0,0.0,5,281.83190254700787,7.599820136054973,88.5,-0.049038747213018,0.01935816670359733,-0.6152511359921391,0.5,328.0335006713867
1740465172804,Gyro,89.0,-0.0248951131884599,-76.68197478881896,285.7300193527263,0.0,0.0,0.0,5,281.35810622794935,7.599820136054973,89.0,-0.03979653488533062,0.017086586342543612,-0.47379631905852193,0.5,329.78035736083984
1740465173045,Gyro,89.5,-0.0144506495753512,-76.78665013827957,283.37089814971876,0.0,0.0,0.0,5,281.25343087848876,7.599820136054973,89.5,-0.0297357872417884,0.013050210688071742,-0.10467534946060653,0.5,332.08170318603516
1740465173386,Gyro,90.0,-0.0048128999321673,-76.70445588852475,281.74676070610974,0.0,0.0,0.0,5,281.3356251282436,7.599820136054973,90.0,-0.021573873463967,0.013387601294382314,0.0821942497548207,0.5,335.26932525634766
1740465173666,Gyro,90.5,0.0126432695724091,-76.85669690388924,280.0181573847629,0.0,0.0,0.0,5,281.183384112879,7.599820136054973,90.5,-0.010869750719450639,0.015347712794254089,-0.15224101536449552,0.5,339.8441696166992
1740465173924,Gyro,91.0,0.0181449756554427,-76.9713872111792,278.83609446877733,0.0,0.0,0.0,5,281.0686938055891,7.599820136054973,91.0,-0.0026740834936253197,0.01806301977754309,-0.11469030728996188,0.5,346.65204524993896
1740465174255,Gyro,91.5,0.0307320330382474,-76.74420119810304,277.4534395063713,0.0,0.0,0.0,5,281.29587981866524,7.599820136054973,91.5,0.008451345751716141,0.018085970498652352,0.22718601307616382,0.5,355.46539974212646
1740465174486,Gyro,92.0,0.0381353662239289,-76.49520022719751,277.3391106570741,0.0,0.0,0.0,5,281.5448807895708,7.599820136054973,92.0,0.01896854891157216,0.01667326591746347,0.2490009709055272,0.5,8.135031700134277
1740465174787,Gyro,92.5,0.0388361296662303,-76.48682851748846,277.25457242562595,0.0,0.0,0.0,5,281.55325249927984,7.599820136054973,92.5,0.02769835483125168,0.011833290797332134,0.008371709709052766,0.5,24.524734497070312
1740465175049,Gyro,93.0,0.0216722971238964,-76.12892621739039,277.78113546910424,0.0,0.0,0.0,5,281.9111547993779,7.599820136054973,93.0,0.029504160341549134,0.0094002685601683,0.35790230009807544,0.5,45.50365447998047
1740465175346,Gyro,93.5,0.0346593047182081,-75.55210467571011,278.7309176789767,0.0,0.0,0.0,5,282.4879763410582,7.599820136054973,93.5,0.03280702615410221,0.007008209827509762,0.5768215416802747,0.5,70.77851867675781
1740465175624,Gyro,94.0,0.0244034754946057,-74.82369488492881,279.7747199346158,0.0,0.0,0.0,5,283.2163861318395,290.80086973444025,94.0,0.03154131464537387,0.007980663491916893,0.7284097907812992,0.5,124.59779357910156
1740465175864,Gyro,94.5,0.0284702006456355,-74.7073490774754,280.1770634913337,0.0,0.0,0.0,5,283.3327319392929,290.80086973444025,94.5,0.029608281529715196,0.00710688220903584,0.11634580745341339,0.5,185.06912231445312
1740465176146,Gyro,95.0,0.0124522237178815,-74.56327008139827,280.17225875122256,0.0,0.0,0.0,5,283.47681093537005,290.80086973444025,95.0,0.02433150034004544,0.008246001132769956,0.14407899607712693,0.5,227.0130157470703
1740465176444,Gyro,95.5,0.0089951992850603,-74.29480849100925,280.41433802549517,0.0,0.0,0.0,5,283.74527252575905,290.80086973444025,95.5,0.021796080772278216,0.010816366593129257,0.2684615903890233,0.5,248.6663055419922
1740465176667,Gyro,96.0,0.0068780427116704,-74.30887418927664,280.9849644949296,0.0,0.0,0.0,5,283.73120682749163,290.80086973444025,96.0,0.01623982837097068,0.009626795555470058,-0.014065698267387461,0.5,263.5311584472656
1740465176966,Gyro,96.5,-0.0045696938067995,-74.57358266426847,281.0179649656717,0.0,0.0,0.0,5,283.4664983524998,290.80086973444025,96.5,0.01044519451068964,0.011928987191936814,-0.2647084749918349,0.5,271.2959899902344
1740465177224,Gyro,97.0,-0.0188780526626346,-74.60585389506285,281.9204115887511,0.0,0.0,0.0,5,283.4342271217055,290.80086973444025,97.0,0.0009755438490356184,0.012804135094333608,-0.03227123079437888,0.5,277.1822509765625
1740465177505,Gyro,97.5,-0.0320449382853869,-74.45803346354928,283.2859957437037,0.0,0.0,0.0,5,283.582047553219,290.80086973444025,97.5,-0.00792388855161806,0.01745295158679833,0.1478204315135656,0.5,280.4995422363281
1740465177765,Gyro,98.0,-0.0601679806917286,-74.37019596632798,285.3758019156553,0.0,0.0,0.0,5,283.6698850504403,290.80086973444025,98.0,-0.021756524546975842,0.02600433912726534,0.08783749722130096,0.5,285.48138427734375
1740465177945,Gyro,98.5,-0.0785134865230458,-74.2686993939187,287.28517044785536,0.0,0.0,0.0,5,283.7713816228496,290.80086973444025,98.5,-0.03883483039391908,0.03019923116338284,0.10149657240928889,0.5,288.61151123046875
1740465178310,Gyro,99.0,-0.0908080580970895,-73.89065614775983,289.7415832363483,0.0,0.0,0.0,5,284.1494248690085,290.80086973444025,99.0,-0.05608250325197708,0.030363135414909082,0.3780432461588674,0.5,292.21240234375
1740465178490,Gyro,99.5,-0.1008122195299105,-73.20701497417369,292.4932100261488,0.0,0.0,0.0,5,284.8330660425946,290.80086973444025,99.5,-0.07246933662543226,0.02721036017539598,0.683641173586139,0.5,296.08709716796875
1740465178825,Gyro,100.0,-0.1030430157839151,-72.39076206505307,296.0482586204607,0.0,0.0,0.0,5,285.64931895171526,290.80086973444025,100.0,-0.0866689521251379,0.017706547362013342,0.816252909120621,0.5,301.5163879394531
1740465179025,Gyro,100.5,-0.1048708498640066,-72.09404087675624,298.38252961424945,0.0,0.0,0.0,5,285.9460401400121,290.80086973444025,100.5,-0.09560952595959352,0.010993470446906035,0.2967211882968286,0.5,303.6267395019531
1740465179389,Gyro,101.0,-0.111804826899966,-71.64343960804099,301.6496483981657,0.0,0.0,0.0,5,286.3966414087273,290.80086973444025,101.0,-0.10226779403497754,0.007612097430781328,0.4506012687152463,0.5,302.01373291015625
1740465179684,Gyro,101.5,-0.1205788912013716,-71.03080315822079,303.73438472703134,0.0,0.0,0.0,5,287.00927785854753,290.80086973444025,101.5,-0.10822196065583396,0.008038755191402918,0.6126364498202008,0.5,298.4426574707031
1740465179905,Gyro,102.0,-0.1076678948443923,-70.48242359431102,307.7628375710979,0.0,0.0,0.0,5,287.5576574224573,290.80086973444025,102.0,-0.10959309571873033,0.006972965808677064,0.5483795639097764,0.5,292.5970764160156
1740465180124,Gyro,102.5,-0.0828250709607705,-70.46854201863269,310.32047321346477,0.0,0.0,0.0,5,287.5715389981356,290.80086973444025,102.5,-0.1055495067541014,0.014021051604568164,0.01388157567832593,0.5,285.7406311035156
1740465180484,Gyro,103.0,-0.0707191019983646,-70.32975791598479,312.94159932984263,0.0,0.0,0.0,5,287.7103231007835,290.80086973444025,103.0,-0.09871915718097299,0.021010638354237096,0.13878410264790375,0.5,279.7181701660156
1740465180765,Gyro,103.5,-0.0333154085300747,-70.26075995455946,314.4665761359884,0.0,0.0,0.0,5,287.77932106220885,290.80086973444025,103.5,-0.08302127350699474,0.03405908660914404,0.06899796142532466,0.5,277.3077697753906
1740465181009,Gyro,104.0,-0.0249206592043147,-70.36671779503021,315.49592911081675,0.0,0.0,0.0,5,287.6733632217381,290.80086973444025,104.0,-0.06388962710758336,0.03455102309739889,-0.10595784047075085,0.5,280.6451416015625
1740465181207,Gyro,104.5,-0.0250469999096106,-70.779965089244,315.571773082703,0.0,0.0,0.0,5,287.2601159275243,290.80086973444025,104.5,-0.04736544812062702,0.027395543861858638,-0.4132472942137895,0.5,282.98834228515625
1740465181567,Gyro,105.0,-0.0449678760071913,-70.6590688960436,315.59586475645256,0.0,0.0,0.0,5,287.3810121207247,290.80086973444025,105.0,-0.03979400912991118,0.01912977621452561,0.12089619320039446,0.5,284.89208984375
1740465181864,Gyro,105.5,-0.0494872523613919,-70.11446279110737,315.2067556521701,0.0,0.0,0.0,5,287.9256182256609,290.80086973444025,105.5,-0.035547639202516634,0.011305227327348316,0.5446061049362356,0.5,285.3454284667969
1740465182132,Gyro,106.0,-0.0530585556974494,-69.69958139882232,314.6929828179106,0.0,0.0,0.0,5,288.34049961794597,290.80086973444025,106.0,-0.03949626863599158,0.013554737459603262,0.4148813922850536,0.5,285.377685546875
1740465182411,Gyro,106.5,-0.0556051857520424,-69.49841145276152,313.38988313827673,0.0,0.0,0.0,5,288.5416695640068,290.80086973444025,106.5,-0.04563317394553712,0.012182614834780484,0.2011699460608014,0.5,287.5628662109375
1740465182685,Gyro,107.0,-0.0622338527927419,-70.23531483259151,311.39496294867234,0.0,0.0,0.0,5,287.8047661841768,290.80086973444025,107.0,-0.05307054452216338,0.006497768619508972,-0.7369033798299967,0.5,289.2299499511719
1740465182966,Gyro,107.5,-0.0889963546209534,-69.7158119814964,310.0628234096073,0.0,0.0,0.0,5,288.32426903527187,290.80086973444025,107.5,-0.0618762402449158,0.01586027424505173,0.5195028510951119,0.5,289.2870178222656
1740465183186,Gyro,108.0,-0.1380876531111458,-67.85389094995017,318.3817992709998,0.0,0.0,0.0,5,290.18619006681814,290.80086973444025,108.0,-0.07959632039486658,0.0356751994535366,1.8619210315462311,0.5,290.3896484375
1740465183506,Gyro,108.5,-0.1637921744110801,-64.33866169120552,323.14105140895333,0.0,0.0,0.0,5,293.70141932556277,290.80086973444025,108.5,-0.10174304413759272,0.04749521407441855,3.515229258744654,0.5,293.9491882324219
1740465183766,Gyro,109.0,-0.1599009360831952,-59.5297320686165,324.9254045080053,0.0,0.0,0.0,5,298.51034894815183,290.80086973444025,109.0,-0.12260219420382328,0.045003608609818814,4.8089296225890195,0.5,298.00811767578125
1740465184065,Gyro,109.5,-0.1859043979233387,-53.718872540175894,323.8737940274561,0.0,0.0,0.0,5,304.3212084765924,290.80086973444025,109.5,-0.14733630322994265,0.03676020523631972,5.810859528440602,0.5,299.8592529296875
1740465184347,Gyro,110.0,-0.2051488917307919,-46.942639995716995,320.28322995096056,0.0,0.0,0.0,5,311.0974410210513,290.80086973444025,110.0,-0.17056681065191034,0.02571825308085647,6.7762325444588996,0.5,300.0470275878906
1740465184565,Gyro,110.5,-0.2187053406539693,-39.55211231167001,305.8380636449784,0.0,0.0,0.0,5,318.4879687050983,290.80086973444025,110.5,-0.18669034816047506,0.02553573111042053,7.390527684046987,0.5,300.7569885253906
1740465185065,Gyro,111.0,-0.2171729808354012,-31.78510228829645,294.70083272637766,0.0,0.0,0.0,5,326.2549787284719,290.80086973444025,111.0,-0.19736650944533926,0.024714655005733048,7.767010023373558,0.5,300.7696838378906
1740465185285,Gyro,111.5,-0.2158013223123545,-24.02166460555708,286.03213148741077,0.0,0.0,0.0,5,334.0184164112112,290.80086973444025,111.5,-0.20854658669117115,0.013733710261464799,7.763437682739369,0.5,300.3356018066406
1740465185947,Gyro,112.0,-0.1883308717582521,-16.466144339293685,280.9138085125825,0.0,0.0,0.0,5,341.57393667747465,290.80086973444025,112.0,-0.20903188145815382,0.012740565658361075,7.555520266263397,0.5,299.6044616699219
1740465186324,Gyro,112.5,-0.1708781012804948,-9.49713503043466,277.1975125008139,0.0,0.0,0.0,5,348.5429459863336,290.80086973444025,112.5,-0.20217772336809436,0.0215349946028826,6.969009308859025,0.5,299.3498840332031
1740465190284,Gyro,113.0,-0.1474926190574484,-3.212488507714892,275.4451674403366,0.0,0.0,0.0,6,354.82759250905343,290.80086973444025,113.0,-0.1879351790487902,0.02982478888050129,6.284646522719767,0.5,299.239990234375
1740465190624,Gyro,113.5,-0.1291622946485241,2.1160738437070785,275.1275050931644,0.0,0.0,0.0,6,0.15615486047539662,290.80086973444025,113.5,-0.1703330418114148,0.03394222605348236,5.32856235142197,0.5,298.5778503417969
1740465190846,Gyro,114.0,-0.1172250629141339,6.518485718502711,277.25889025825103,0.0,0.0,0.0,6,4.558566735271029,290.80086973444025,114.0,-0.15061778993177066,0.02923155805510384,4.402411874795632,0.5,297.2770080566406
1740465191207,Gyro,114.5,-0.1172010747897142,9.98288400846671,280.87084370709044,0.0,0.0,0.0,6,8.02296502523501,290.80086973444025,114.5,-0.13639183053806309,0.022915315031616933,3.4643982899639996,0.5,296.16497802734375
1740465191385,Gyro,115.0,-0.093760484103804,12.68448861176841,286.40846413206583,0.0,0.0,0.0,6,10.724569628536699,290.80086973444025,115.0,-0.12096830710272492,0.01961600179234022,2.7016046033017,0.5,294.7431640625
1740465191744,Gyro,115.5,-0.0717126277325064,13.89086758741403,301.4762520071883,0.0,0.0,0.0,6,11.930948604182333,290.80086973444025,115.5,-0.10581230883773651,0.02298484018748555,1.2063789756456202,0.5,291.103515625
1740465191947,Gyro,116.0,-0.043019370848427,13.683638550637308,305.19370024190545,0.0,0.0,0.0,6,11.723719567405624,290.80086973444025,116.0,-0.0885837240777171,0.03172862301446607,-0.207229036776722,0.5,287.8271484375
1740465192266,Gyro,116.5,-0.0494400315983452,12.309403002255497,318.59232072572354,0.0,0.0,0.0,6,10.349484019023805,290.80086973444025,116.5,-0.07502671781455936,0.030902112994329083,-1.3742355483818116,0.5,284.0048522949219
1740465192506,Gyro,117.0,-0.0453448870965146,10.123328426740644,330.0623026348441,0.0,0.0,0.0,6,8.163409443508954,290.80086973444025,117.0,-0.06065548027591944,0.02173381407279872,-2.186074575514853,0.5,283.1588439941406
1740465192844,Gyro,117.5,-0.0610485078308394,9.47381813674392,341.9285924125491,0.0,0.0,0.0,6,7.513899153512227,290.80086973444025,117.5,-0.05411308502132652,0.01203778645019516,-0.6495102899967229,0.5,283.7098388671875
1740465193066,Gyro,118.0,-0.0671307795811499,9.379587886008387,344.9457984439319,0.0,0.0,0.0,6,7.419668902776664,290.80086973444025,118.0,-0.053196715391055215,0.010430136767988723,-0.09423025073553326,0.5,285.6717224121094
1740465193305,Gyro,118.5,-0.0536851739020392,9.77362398277203,347.46588265445814,0.0,0.0,0.0,6,7.8137049995403345,290.80086973444025,118.5,-0.055329876001777654,0.008790042531434372,0.39403609676364226,0.5,287.59674072265625
1740465193586,Gyro,119.0,-0.0352610440752986,9.943668137561174,344.21538595619074,0.0,0.0,0.0,6,7.983749154329473,290.80086973444025,119.0,-0.05249407849716834,0.012618621172483335,0.17004415478914403,0.5,288.9494323730469
1740465193805,Gyro,119.5,-0.0556592915870343,10.343786270774638,335.19430834912976,0.0,0.0,0.0,6,8.383867287542955,290.80086973444025,119.5,-0.05455695939527229,0.01198487222919842,0.40011813321346423,0.5,289.263916015625
1740465194146,Gyro,120.0,-0.047523147138391,11.371500776658904,320.402649833275,0.0,0.0,0.0,6,9.411581793427217,290.80086973444025,120.0,-0.0518518872567826,0.011675785699498122,1.0277145058842656,0.5,289.1592712402344
1740465194484,Gyro,120.5,-0.0268928153993262,12.356718924909954,291.75180463222927,0.0,0.0,0.0,6,10.396799941678239,290.80086973444025,120.5,-0.04380429442041786,0.012359084228098529,0.9852181482510503,0.5,288.9487609863281
1740465194665,Gyro,121.0,-0.0066231318493428,12.823650721412074,275.69709888852236,0.0,0.0,0.0,6,10.863731738180377,290.80086973444025,121.0,-0.03439188600987858,0.01905798889049792,0.46693179650212,0.5,288.8903503417969
1740465195006,Gyro,121.5,-0.0125076175541482,13.05660904161475,262.7940508826382,0.0,0.0,0.0,6,11.096690058383047,290.80086973444025,121.5,-0.029841200705648496,0.021374341209792178,0.23295832020267682,0.5,288.693359375
1740465195304,Gyro,122.0,-0.0092635448896827,13.495371292840636,254.0846452566167,0.0,0.0,0.0,6,11.535452309608957,290.80086973444025,122.0,-0.020562051366178183,0.0169838370841984,0.4387622512258851,0.5,288.4677734375
1740465195586,Gyro,122.5,-0.0220061606983782,13.949709242987735,249.31911045112483,0.0,0.0,0.0,6,11.989790259756035,290.80086973444025,122.5,-0.015458654078175621,0.008642400354347832,0.45433795014709943,0.5,289.7460632324219
1740465195765,Gyro,123.0,-0.0119847107912061,14.09339203170954,247.705111317421,0.0,0.0,0.0,6,12.133473048477867,290.80086973444025,123.0,-0.0124770331565516,0.005823277766451208,0.1436827887218044,0.5,292.05279541015625
1740465196125,Gyro,123.5,-0.0303458009616864,14.063579321346678,249.67338499836248,0.0,0.0,0.0,6,12.103660338114992,290.80086973444025,123.5,-0.01722156697902032,0.00877658749425871,-0.029812710362861594,0.5,294.0557861328125
1740465196426,Gyro,124.0,-0.0244735852612942,14.201108497221144,255.5672735992123,0.0,0.0,0.0,6,12.241189513989468,290.80086973444025,124.0,-0.01961476052044952,0.008801243172558126,0.1375291758744659,0.5,296.0002136230469
1740465196650,Gyro,124.5,-0.045277704494867,14.327741353710191,264.5613143380158,0.0,0.0,0.0,6,12.367822370478507,290.80086973444025,124.5,-0.026817592441486383,0.012266648029473316,0.12663285648904754,0.5,297.3976745605469
1740465196986,Gyro,125.0,-0.0379711719795026,14.30959388689097,277.2683749787479,0.0,0.0,0.0,6,12.349674903659263,290.80086973444025,125.0,-0.03001059469771126,0.012768699616316711,-0.018147466819222302,0.5,298.40106201171875
1740465197245,Gyro,125.5,-0.0517220327236999,13.937719472376427,292.65113081071894,0.0,0.0,0.0,6,11.977800489144727,290.80086973444025,125.5,-0.037958059084210016,0.010986376327514917,-0.37187441451454184,0.5,298.94708251953125
1740465197484,Gyro,126.0,-0.0606092038103948,13.853076109349294,298.3786182379827,0.0,0.0,0.0,6,11.893157126117615,290.80086973444025,126.0,-0.044010739653951705,0.013736402663407922,-0.08464336302713349,0.5,298.9678039550781
1740465197825,Gyro,126.5,-0.0747091963605744,13.73764296861703,315.00423908466445,0.0,0.0,0.0,6,11.777723985385308,290.80086973444025,126.5,-0.05405786187380773,0.014236630135212383,-0.1154331407322644,0.5,298.53106689453125
1740465198006,Gyro,127.0,-0.0659180626096755,13.54725953890144,321.0138519025788,0.0,0.0,0.0,6,11.587340555669755,290.80086973444025,127.0,-0.05818593349676944,0.01404541626031383,-0.19038342971558997,0.5,297.8594055175781
1740465198344,Gyro,127.5,-0.0770379837280148,13.5975326560966,324.4579354462204,0.0,0.0,0.0,6,11.637613672864916,290.80086973444025,127.5,-0.06599929584647188,0.010375631672151841,0.05027311719516092,0.5,297.2394104003906
1740465198544,Gyro,128.0,-0.0701915643609014,13.927895262994276,324.3367114874103,0.0,0.0,0.0,6,11.967976279762581,290.80086973444025,128.0,-0.06969320217391217,0.006635606295308237,0.33036260689767616,0.5,296.6383056640625
1740465198886,Gyro,128.5,-0.0729958537826078,14.227480290290773,336.05555464857395,0.0,0.0,0.0,6,12.267561307059054,290.80086973444025,128.5,-0.07217053216835477,0.004296153672139365,0.29958502729649616,0.5,296.3714294433594
1740465199085,Gyro,129.0,-0.06478372722589,14.223586493461744,336.11802459300026,0.0,0.0,0.0,6,12.26366751023005,290.80086973444025,129.0,-0.07018543834141791,0.005055809266749368,-0.003893796829029128,0.5,296.1000671386719
1740465199447,Gyro,129.5,-0.065706225799803,14.50221457012078,333.36832445570053,0.0,0.0,0.0,6,12.542295586889054,290.80086973444025,129.5,-0.0701430709794434,0.005101193579871479,0.2786280766590359,0.5,295.129638671875
1740465199664,Gyro,130.0,-0.0495553267497869,15.111348797973012,327.5306361752167,0.0,0.0,0.0,6,13.151429814741334,290.80086973444025,130.0,-0.06464653958379782,0.009073929792212962,0.6091342278522323,0.5,293.27655029296875
1740465199983,Gyro,130.5,-0.0371966358253673,15.416574410918416,318.42230145798897,0.0,0.0,0.0,6,13.456655427686712,290.80086973444025,130.5,-0.05804755387669099,0.014442659573737119,0.30522561294540473,0.5,290.383056640625
1740465200208,Gyro,131.0,-0.0435500219693685,15.478067276233878,318.54734845047017,0.0,0.0,0.0,6,13.518148293002184,290.80086973444025,131.0,-0.05215838751404315,0.01272474971603888,0.06149286531546139,0.5,286.30108642578125
1740465200405,Gyro,131.5,-0.0483896022274593,15.731319561621255,319.3274940732227,0.0,0.0,0.0,6,13.771400578389546,290.80086973444025,131.5,-0.048879562514357,0.010591601556744431,0.25325228538737754,0.5,280.807373046875
1740465200845,Gyro,132.0,-0.0450377718041838,16.4268764338017,322.1340172997673,0.0,0.0,0.0,6,14.466957450570021,290.80086973444025,132.0,-0.04474587171523316,0.004871187087674682,0.6955568721804433,0.5,273.7976989746094
1740465201105,Gyro,132.5,-0.0411480026855176,17.159193614906627,325.0837745243504,0.0,0.0,0.0,6,15.199274631674939,290.80086973444025,132.5,-0.0430644069023793,0.004200923672651564,0.7323171811049285,0.5,266.2358703613281
1740465201385,Gyro,133.0,-0.0262978442625037,17.417667747956642,328.10192397515135,0.0,0.0,0.0,6,15.457748764724954,290.80086973444025,133.0,-0.04088464858980658,0.008566230102155216,0.2584741330500151,0.5,258.6673583984375
1740465201645,Gyro,133.5,-0.0291629451006861,17.693875455704266,331.67788535141807,0.0,0.0,0.0,6,15.733956472472585,290.80086973444025,133.5,-0.0380072332160701,0.009777751708874413,0.2762077077476235,0.5,251.770751953125
1740465201944,Gyro,134.0,-0.0233813340310556,18.206230845374087,335.7656261719476,0.0,0.0,0.0,6,16.24631186214242,290.80086973444025,134.0,-0.03300557957678936,0.009532291945886963,0.5123553896698212,0.5,249.06747436523438
1740465202189,Gyro,134.5,-0.0362750038215098,18.773023879045212,339.6125425171584,0.0,0.0,0.0,6,16.813104895813524,290.80086973444025,134.5,-0.031253025980254555,0.007314653503718483,0.5667930336711251,0.5,245.72105407714844
1740465202465,Gyro,135.0,-0.0174394504671459,19.095697867276662,343.1272271820815,0.0,0.0,0.0,6,17.135778884044953,290.80086973444025,135.0,-0.026511315536580222,0.006973195793863952,0.32267398823145044,0.5,238.41424560546875
1740465202745,Gyro,135.5,-0.0240159453828045,19.25147669826718,345.2896471199697,0.0,0.0,0.0,6,17.29155771503548,290.80086973444025,135.5,-0.02605493576064038,0.007064731559626163,0.15577883099051704,0.5,225.14805603027344
1740465203025,Gyro,136.0,-0.032529370035959,19.822829175220424,355.8644109382109,0.0,0.0,0.0,6,17.862910191988703,290.80086973444025,136.0,-0.026728220747694965,0.007576835450848786,0.5713524769532441,0.5,208.95782470703125
1740465203266,Gyro,136.5,-0.0323061983176851,20.385435433474747,352.81979599868816,0.0,0.0,0.0,6,18.425516450243038,290.80086973444025,136.5,-0.02851319360502086,0.007642239272086777,0.5626062582543234,0.5,193.63360595703125
1740465203445,Gyro,137.0,-0.0218618095087607,20.937620647597004,349.7657863419376,0.0,0.0,0.0,6,18.977701664365327,290.80086973444025,137.0,-0.02563055474247104,0.006634426555232153,0.5521852141222574,0.5,178.65728759765625
1740465203829,Gyro,137.5,-0.0334405562591692,21.333864932003667,346.3279380581848,0.0,0.0,0.0,6,19.37394594877196,290.80086973444025,137.5,-0.0288307759008757,0.005448791609044002,0.3962442844066629,0.5,164.14385986328125
1740465204086,Gyro,138.0,-0.0285465285326246,21.776935028113503,351.5486479601135,0.0,0.0,0.0,6,19.817016044881825,290.80086973444025,138.0,-0.02973689253083972,0.004784095706303199,0.4430700961098353,0.5,153.18670654296875
1740465204224,Gyro,138.5,-0.0411609402039223,22.188153770839875,353.63522208237566,0.0,0.0,0.0,6,20.228234787608187,290.80086973444025,138.5,-0.031463206564432376,0.007059752488856234,0.4112187427263727,0.5,146.2813720703125
1740465204524,Gyro,139.0,-0.0252001274374956,22.3327865478912,342.94613275579843,0.0,0.0,0.0,6,20.372867564659487,12.413606529283925,139.0,-0.03004199238839448,0.007546136382265598,0.14463277705132427,0.5,140.3116912841797
1740465204865,Gyro,139.5,-0.0395215965965343,22.50374553841098,342.2358161784856,0.0,0.0,0.0,6,20.543826555179294,12.413606529283925,139.5,-0.0335739498059492,0.006862043886493319,0.1709589905197788,0.5,131.04490661621094
1740465205085,Gyro,140.0,-0.0361051159270018,22.8212325403724,330.1693438672729,0.0,0.0,0.0,6,20.861313557140704,12.413606529283925,140.0,-0.03410686173951573,0.006951971260908582,0.3174870019614211,0.5,122.87757110595703
1740465205366,Gyro,140.5,-0.0470895810932325,22.884877450473734,320.2283720169952,0.0,0.0,0.0,6,20.92495846724205,12.413606529283925,140.5,-0.0378154722516373,0.008096053891288951,0.06364491010133477,0.5,115.01718139648438
1740465205725,Gyro,141.0,-0.0475913523771488,22.74935040634167,312.1998465871162,0.0,0.0,0.0,6,20.78943142310999,12.413606529283925,141.0,-0.039101554686282604,0.009196330663744498,-0.13552704413206484,0.5,109.76675415039062
1740465205825,Gyro,141.5,-0.0425377232256288,22.662485274926176,314.4574226315752,0.0,0.0,0.0,6,20.702566291694495,12.413606529283925,141.5,-0.04256907384390925,0.004917548165566022,-0.08686513141549312,0.5,106.33799743652344
1740465206165,Gyro,142.0,-0.0312494853068646,22.60046105165059,314.062486413857,0.0,0.0,0.0,6,20.64054206841888,12.413606529283925,142.0,-0.0409146515859753,0.007104391632638832,-0.062024223275585655,0.5,105.60780334472656
1740465206545,Gyro,142.5,-0.0321025031686821,22.368347313173977,302.6155878849261,0.0,0.0,0.0,6,20.408428329942296,12.413606529283925,142.5,-0.04011412903431136,0.007956250162207176,-0.2321137384766132,0.5,107.99401092529297
1740465206804,Gyro,143.0,-0.0215097127986267,21.88166043412854,294.53410060150026,0.0,0.0,0.0,6,19.921741450896832,12.413606529283925,143.0,-0.0349981553753902,0.010244621835686621,-0.48668687904543617,0.5,113.2170181274414
1740465207065,Gyro,143.5,-0.0199476760693034,21.442655761359664,289.0675525400423,0.0,0.0,0.0,6,19.482736778127958,12.413606529283925,143.5,-0.029469420113821122,0.009150175611431789,-0.43900467276887767,0.5,122.89434051513672
1740465207306,Gyro,144.0,-0.0204167497371687,21.206653806799352,294.97931702843715,0.0,0.0,0.0,6,19.246734823567635,12.413606529283925,144.0,-0.0250452254161291,0.006086987267749322,-0.2360019545603116,0.5,130.28689575195312
1740465207590,Gyro,144.5,-0.0238166113439029,21.047011391957906,290.6937414122227,0.0,0.0,0.0,6,19.08709240872622,12.413606529283925,144.5,-0.023558650623536757,0.005004317752396347,-0.15964241484144637,0.5,134.99774169921875
1740465207827,Gyro,145.0,-0.0163010864493361,20.677214571428323,289.6329127067635,0.0,0.0,0.0,6,18.717295588196635,12.413606529283925,145.0,-0.02039836727966756,0.0027345315882964447,-0.36979682052958296,0.5,137.2684326171875
1740465208005,Gyro,145.5,-0.025562074757149,20.37603032755778,291.65129649885233,0.0,0.0,0.0,6,18.416111344326055,12.413606529283925,145.5,-0.02120883967137202,0.0036074613854993704,-0.3011842438705443,0.5,138.24301147460938
1740465208504,Gyro,146.0,-0.026255038339627,20.430785103628395,297.1100685746941,0.0,0.0,0.0,6,18.470866120396693,12.413606529283925,146.0,-0.02247031212543674,0.004122260732837385,0.05475477607061663,0.5,139.93295288085938
1740465208625,Gyro,146.5,-0.0296124192026541,20.51589763386703,292.96689134684186,0.0,0.0,0.0,6,18.555978650635325,12.413606529283925,146.5,-0.02430944601853382,0.004946024712691243,0.08511253023863574,0.5,142.67437744140625
1740465209046,Gyro,147.0,-0.0172361748885646,20.70546514547213,300.05875732591994,0.0,0.0,0.0,6,18.74554616224043,12.413606529283925,147.0,-0.022993358727466162,0.005894499374569434,0.1895675116050981,0.5,145.0921630859375
1740465209305,Gyro,147.5,-0.0208359826941873,20.556579065053693,308.7212747466455,0.0,0.0,0.0,6,18.596660081821994,12.413606529283925,147.5,-0.0239003379764364,0.004866600400208112,-0.14888608041843554,0.5,147.57659912109375
1740465209525,Gyro,148.0,-0.0251821460503821,20.73252203857445,320.2681952664231,0.0,0.0,0.0,6,18.772603055342756,12.413606529283925,148.0,-0.023824352235083023,0.00483704433168741,0.17594297352075827,0.5,148.6237030029297
1740465209845,Gyro,148.5,-0.0304017501675445,20.801302535795763,321.5929973455339,0.0,0.0,0.0,6,18.841383552564082,12.413606529283925,148.5,-0.02465369460066652,0.0056458585771608895,0.06878049722131152,0.5,149.02993774414062
1740465210165,Gyro,149.0,-0.0205592480772537,20.57168506309227,319.9604363909736,0.0,0.0,0.0,6,18.61176607986056,12.413606529283925,149.0,-0.022843060375586442,0.00508149676431014,-0.22961747270349164,0.5,148.50897216796875
1740465210425,Gyro,149.5,-0.0327198480132457,20.22108806701512,327.4973988591004,0.0,0.0,0.0,6,18.261169083783443,12.413606529283925,149.5,-0.02593979500052266,0.005510249085822424,-0.3505969960771509,0.5,147.95877075195312
1740465210744,Gyro,150.0,-0.0309721610077052,19.989698703676165,331.11395600671636,0.0,0.0,0.0,6,18.02977972044448,12.413606529283925,150.0,-0.027967030663226238,0.005004467138529546,-0.23138936333895543,0.5,146.46572875976562
1740465210989,Gyro,150.5,-0.0284973511170163,19.731540337807605,334.0686716117368,0.0,0.0,0.0,6,17.771621354575927,12.413606529283925,150.5,-0.02863007167655308,0.0047567401104268185,-0.2581583658685602,0.5,144.13377380371094
1740465211285,Gyro,151.0,-0.0254587365749873,19.449017671834373,336.21039357583675,0.0,0.0,0.0,6,17.489098688602667,12.413606529283925,151.0,-0.027641468958041638,0.004809837598306033,-0.2825226659732323,0.5,142.15902709960938
1740465211404,Gyro,151.5,-0.0220196356154263,19.14453540818117,337.38796980068736,0.0,0.0,0.0,6,17.184616424949468,12.413606529283925,151.5,-0.027933546465676157,0.004288320244100726,-0.3044822636532025,0.5,141.085205078125
1740465211767,Gyro,152.0,-0.0183433664721415,18.8204982492727,337.4502481879599,0.0,0.0,0.0,6,16.860579266040986,12.413606529283925,152.0,-0.02505825015745532,0.0050320221473985705,-0.32403715890847096,0.5,140.35623168945312
1740465212005,Gyro,152.5,-0.0145932473789409,18.479310897533665,336.24607663932545,0.0,0.0,0.0,6,16.51939191430199,12.413606529283925,152.5,-0.02178246743170246,0.005526598566151342,-0.34118735173903403,0.5,140.2991485595703
1740465212466,Gyro,153.0,-0.0109325965696327,18.12337805538878,333.62430305645523,0.0,0.0,0.0,6,16.16345907215708,12.413606529283925,153.0,-0.01826951652222574,0.005768428754866273,-0.35593284214488463,0.5,140.30628967285156
1740465212767,Gyro,153.5,-0.007524732278025,17.75510442526274,329.4337753410204,0.0,0.0,0.0,6,15.795185442031027,12.413606529283925,153.5,-0.014682715662833279,0.005756276632133253,-0.36827363012604053,0.5,140.97787475585938
1740465213064,Gyro,154.0,-0.0045329727379258,17.376894709580252,323.5233413946921,0.0,0.0,0.0,6,15.41697572634854,12.413606529283925,154.0,-0.011185383087333179,0.005490197947142995,-0.3782097156824875,0.5,142.34646606445312
1740465213265,Gyro,154.5,-0.0021206361831434,16.991153610766023,315.74184911914165,0.0,0.0,0.0,6,15.031234627534332,12.413606529283925,154.5,-0.007940837029533559,0.004971584473011644,-0.38574109881422913,0.5,144.19947814941406
