step,Walked_distance,Compass_X,Compass_Y,Gyro_X,Gyro_Y,Compass_LSTM_X,Compass_LSTM_Y,Gyro_LSTM_X,Gyro_LSTM_Y,Fusion_X,Fusion_Y,GT_X,GT_Y,Gyro_Error_X,Gyro_Error_Y,Gyro_Distance_Error,Compass_Error_X,Compass_Error_Y,Compass_Distance_Error,Gyro_LSTM_Error_X,Gyro_LSTM_Error_Y,Gyro_LSTM_Distance_Error,Compass_LSTM_Error_X,Compass_LSTM_Error_Y,Compass_LSTM_Distance_Error,Fusion_Error_X,Fusion_Error_Y,Fusion_Distance_Error
0.0,0.0,0.0,0.0,0.0,0.0,0.0,0.0,0.0,0.0,0.0,0.0,0.0,0.0,0.0,0.0,0.0,0.0,0.0,0.0,0.0,0.0,0.0,0.0,0.0,0.0,0.0,0.0,0.0
0.5,0.33,0.034775292778019135,0.3281625801522822,0.00839958811115055,0.3298930840735571,0.0,0.33,0.0,0.33,0.0,0.33,2.245352237019688,8.690167133463547,2.236952648908537,8.36027404938999,8.65437111143049,2.210576944241669,8.362004553311264,8.649264163847185,2.245352237019688,8.360167133463547,8.656442754834888,2.245352237019688,8.360167133463547,8.656442754834888,2.245352237019688,8.360167133463547,8.656442754834888
1.0,0.66,0.022278481326306596,0.6579258735970506,0.02392094199814116,0.6595278631450543,0.0,0.66,0.0,0.66,0.0,0.66,-7.496797759318724,11.472194356261753,7.5207187013168655,10.812666493116698,13.170989578452554,7.519076240645031,10.814268482664701,13.171367063740487,7.496797759318724,10.812194356261752,13.15695722580661,7.496797759318724,10.812194356261752,13.15695722580661,7.496797759318724,10.812194356261752,13.15695722580661
1.5,0.99,0.010705813623705712,0.9877228920223924,0.045388740732896844,0.9888288403945669,0.0,0.99,0.0,0.99,0.0,0.99,-2.7988005611114204,28.234244519029744,2.844189301844317,27.245415678635176,27.39346798575064,2.8095063747351263,27.24652162700735,27.390988789027983,2.7988005611114204,27.244244519029746,27.387627571470297,2.7988005611114204,27.244244519029746,27.387627571470297,2.7988005611114204,27.244244519029746,27.387627571470297
2.0,1.32,-0.03196596273426157,1.314952352038534,0.07173204678734753,1.3177756905483897,0.0,1.32,0.0,1.32,0.0,1.32,-5.597086388501339,29.67681857047137,5.668818435288686,28.359042879922978,28.92007634010635,5.565120425767077,28.361866218432834,28.902699194808285,5.597086388501339,28.35681857047137,28.90391903322068,5.597086388501339,28.35681857047137,28.90391903322068,5.597086388501339,28.35681857047137,28.90391903322068
2.5,1.6500000000000001,-0.12146924540984712,1.6325828958945905,0.10198498797525361,1.6463860366263565,0.0,1.6500000000000001,0.0,1.6500000000000001,0.0,1.6500000000000001,-4.319051508675329,39.29435267299414,4.421036496650583,37.647966636367784,37.906661097461196,4.197582263265482,37.66176977709954,37.89496799840487,4.319051508675329,37.64435267299414,37.89131159122565,4.319051508675329,37.64435267299414,37.89131159122565,4.319051508675329,37.64435267299414,37.89131159122565
3.0,1.98,-0.21293327665474499,1.9496543878146815,0.13528672217802898,1.9747014253900996,0.0,1.9800000000000002,0.0,1.9800000000000002,0.0,1.9800000000000002,-23.14694887364749,46.12930609192699,23.28223559582552,44.15460466653689,49.9168469316491,22.934015596992744,44.17965170411231,49.777612398544996,23.14694887364749,44.149306091926995,49.84919729100874,23.14694887364749,44.149306091926995,49.84919729100874,23.14694887364749,44.149306091926995,49.84919729100874
3.5,2.31,-0.332046721666317,2.257407514878364,0.17088103041229222,2.3027761809281087,0.0,2.31,0.0,2.31,0.0,2.31,-16.169066079426557,72.71493451099377,16.33994710983885,70.41215833006567,72.28323396369706,15.83701935776024,70.4575269961154,72.2154712824503,16.169066079426557,70.40493451099377,72.23775675765536,16.169066079426557,70.40493451099377,72.23775675765536,16.169066079426557,70.40493451099377,72.23775675765536
4.0,2.64,-0.4966616022379309,2.543417901218429,0.20811577276348275,2.6306688065878516,0.0,2.64,0.0,2.64,0.0,2.64,,,,,,,,,,,,,,,,,
4.5,2.97,-0.6730504526772366,2.8223210626216306,0.24644235443311063,2.958435603468685,0.0,2.97,0.0,2.97,0.0,2.97,,,,,,,,,,,,,,,,,
5.0,3.3000000000000003,-0.8027711833621559,3.1257556223385006,0.28541528284173295,3.286126175275773,0.0,3.3000000000000003,0.0,3.3000000000000003,0.0,3.3000000000000003,,,,,,,,,,,,,,,,,
5.5,3.6300000000000003,-0.9510248416178194,3.4205790488395387,0.326467615972821,3.613562743093868,0.0,3.6300000000000003,0.0,3.6300000000000003,0.0,3.6300000000000003,,,,,,,,,,,,,,,,,
6.0,3.96,-1.1192578072148627,3.7044763353472194,0.3663784081262044,3.9411404112424915,0.0,3.9600000000000004,0.0,3.9600000000000004,0.0,3.9600000000000004,,,,,,,,,,,,,,,,,
6.5,4.29,-1.2849376951538867,3.9898711053282274,0.40575545929032186,4.268782667127807,0.0,4.29,0.0,4.29,0.0,4.29,,,,,,,,,,,,,,,,,
7.0,4.62,-1.4432938762212948,4.279393677708597,0.44632189664698174,4.5962797879704,0.0,4.62,0.0,4.62,0.0,4.62,,,,,,,,,,,,,,,,,
7.5,4.95,-1.6214186398670594,4.557191389319295,0.4880895297052851,4.9236258813161236,0.0,4.95,0.0,4.95,0.0,4.95,,,,,,,,,,,,,,,,,
8.0,5.28,-1.7988044480070862,4.835461536964545,0.5293798219690715,5.251032527193649,0.0,5.28,0.0,5.28,0.0,5.28,,,,,,,,,,,,,,,,,
8.5,5.61,-2.0269952688143897,5.0738497692649025,0.5680272509441289,5.5787616474036446,0.0,5.61,0.0,5.61,0.0,5.61,,,,,,,,,,,,,,,,,
9.0,5.94,-2.2418465154667846,5.324327197014215,0.6065062696270724,5.906510583513585,0.0,5.94,0.0,5.94,0.0,5.94,,,,,,,,,,,,,,,,,
9.5,6.2700000000000005,-2.444150439681893,5.585043752390293,0.6438193136050937,6.234394307948169,0.0,6.2700000000000005,0.0,6.2700000000000005,0.0,6.2700000000000005,,,,,,,,,,,,,,,,,
10.0,6.6000000000000005,-2.651992365189575,5.841367247219111,0.6772680466087234,6.562694753059734,0.0,6.6000000000000005,0.0,6.6000000000000005,0.0,6.6000000000000005,,,,,,,,,,,,,,,,,
10.5,6.930000000000001,-2.876271800116342,6.083439003252172,0.7056010942605285,6.8914761978080055,0.0,6.930000000000001,0.0,6.930000000000001,0.0,6.930000000000001,,,,,,,,,,,,,,,,,
11.0,7.260000000000001,-3.098670684778647,6.327239610513439,0.7296304846420741,7.22060016897676,0.0,7.260000000000001,0.0,7.260000000000001,0.0,7.260000000000001,,,,,,,,,,,,,,,,,
11.5,7.590000000000001,-3.339412958230893,6.552945520433946,0.7714592120268798,7.547938461214878,0.0,7.590000000000001,0.0,7.590000000000001,0.0,7.590000000000001,,,,,,,,,,,,,,,,,
12.0,7.92,-3.569457208699061,6.789545695468832,0.8209844652224207,7.874201007787294,0.0,7.920000000000001,0.0,7.920000000000001,0.0,7.920000000000001,,,,,,,,,,,,,,,,,
12.5,8.25,-3.80621564031194,7.019427067180874,0.8683248683028101,8.200787728638259,0.0,8.25,0.0,8.25,0.0,8.25,,,,,,,,,,,,,,,,,
13.0,8.58,-4.002971236216911,7.284355803787682,0.9014997669610294,8.529115957852587,0.0,8.58,0.0,8.58,0.0,8.58,,,,,,,,,,,,,,,,,
13.5,8.91,-4.204721107707248,7.545501336687697,0.90997929308947,8.859006996889171,0.0,8.91,0.0,8.91,0.0,8.91,,,,,,,,,,,,,,,,,
14.0,9.24,-4.409430157560675,7.804333724359926,0.8855504276358592,9.188101558577221,0.0,9.24,0.0,9.24,0.0,9.24,,,,,,,,,,,,,,,,,
14.5,9.57,-4.631843339054894,8.04812128905021,0.8204821553367645,9.511622995177659,0.0,9.57,0.0,9.57,0.0,9.57,,,,,,,,,,,,,,,,,
15.0,9.9,-4.825817318266976,8.315093376333937,0.7105617498018211,9.822778108339943,0.0,9.9,0.0,9.9,0.0,9.9,,,,,,,,,,,,,,,,,
15.5,10.23,-5.03234861597101,8.572474073101755,0.5541042231587653,10.113331102399094,0.0,10.23,0.0,10.23,0.0,10.23,,,,,,,,,,,,,,,,,
16.0,10.56,-5.218229081486075,8.845143199590074,0.35409002506664267,10.37580837867566,0.0,10.56,0.0,10.56,0.0,10.56,,,,,,,,,,,,,,,,,
16.5,10.89,-5.537695525413651,8.927854693375817,0.11466297562542555,10.602908990730919,0.0,10.89,0.0,10.89,0.0,10.89,,,,,,,,,,,,,,,,,
17.0,11.22,-5.858668427834536,9.004512347341437,-0.15775349626913843,10.789159536610704,0.0,11.22,0.0,11.22,0.0,11.22,,,,,,,,,,,,,,,,,
17.5,11.55,-6.179734146680723,9.080780323463667,-0.45502652779694963,10.932438093018371,0.0,11.55,0.0,11.55,0.0,11.55,,,,,,,,,,,,,,,,,
18.0,11.88,-6.501393970212544,9.154502490587793,-0.7690628709758458,11.033834222938731,0.0,11.88,0.0,11.88,0.0,11.88,,,,,,,,,,,,,,,,,
18.5,12.21,-6.8228542728527,9.229089847602905,-1.0933945073085884,11.094735698074606,0.0,12.21,0.0,12.21,0.0,12.21,,,,,,,,,,,,,,,,,
19.0,12.540000000000001,-7.1402724179940025,9.319343496476815,-1.422229663143371,11.122438410705579,0.0,12.540000000000001,0.0,12.540000000000001,0.0,12.540000000000001,,,,,,,,,,,,,,,,,
19.5,12.870000000000001,-7.445573919374578,9.444607191355924,-1.7522187171129506,11.125126209109837,0.0,12.870000000000001,0.0,12.870000000000001,0.0,12.870000000000001,,,,,,,,,,,,,,,,,
20.0,13.200000000000001,-7.732069667530083,9.60837588888026,-2.0820288925430956,11.113934775656658,0.0,13.200000000000001,0.0,13.200000000000001,0.0,13.200000000000001,,,,,,,,,,,,,,,,,
20.5,13.530000000000001,-8.013098352910749,9.781358194314125,-2.4117178439364864,11.099610135028477,0.0,13.530000000000001,0.0,13.530000000000001,0.0,13.530000000000001,,,,,,,,,,,,,,,,,
21.0,13.860000000000001,-8.306744427511603,9.931930379233881,-2.7416910551302864,11.095405388371198,0.0,13.860000000000001,0.0,13.860000000000001,0.0,13.860000000000001,,,,,,,,,,,,,,,,,
21.5,14.190000000000001,-8.582140754682579,10.113745843319686,-3.071020978407728,11.116424466230951,0.0,14.190000000000001,0.0,14.190000000000001,0.0,14.190000000000001,,,,,,,,,,,,,,,,,
22.0,14.520000000000001,-8.867305855829281,10.279820721275357,-3.399901806235634,11.1435795962662,0.0,14.520000000000001,0.0,14.520000000000001,0.0,14.520000000000001,,,,,,,,,,,,,,,,,
22.5,14.850000000000001,-9.152320550234808,10.446153592268807,-3.728528351956982,11.173656056284871,0.0,14.850000000000001,0.0,14.850000000000001,0.0,14.850000000000001,,,,,,,,,,,,,,,,,
23.0,15.180000000000001,-9.456754496697606,10.573511247088163,-4.057285431884201,11.202270430255455,0.0,15.180000000000001,0.0,15.180000000000001,0.0,15.180000000000001,,,,,,,,,,,,,,,,,
23.5,15.510000000000002,-9.762892660218766,10.696716055581545,-4.386113916615302,11.230052216185237,0.0,15.510000000000002,0.0,15.510000000000002,0.0,15.510000000000002,,,,,,,,,,,,,,,,,
24.0,15.84,-10.0680334393504,10.82237076067029,-4.715039393442055,11.256661062351377,0.0,15.840000000000002,0.0,15.840000000000002,0.0,15.840000000000002,,,,,,,,,,,,,,,,,
24.5,16.17,-10.370244722812584,10.954916376018888,-5.0443372517037535,11.27817665075278,0.0,16.17,0.0,16.17,0.0,16.17,,,,,,,,,,,,,,,,,
25.0,16.5,-10.688267755921899,11.04301490274863,-5.374016849401642,11.292714974650625,0.0,16.5,0.0,16.5,0.0,16.5,,,,,,,,,,,,,,,,,
25.5,16.830000000000002,-10.990898912498748,11.174599031992845,-5.703852845954082,11.303117636726187,0.0,16.83,0.0,16.83,0.0,16.83,,,,,,,,,,,,,,,,,
26.0,17.16,-11.290929179634183,11.312010235330268,-6.033746092611246,11.311510836949925,0.0,17.159999999999997,0.0,17.159999999999997,0.0,17.159999999999997,,,,,,,,,,,,,,,,,
26.5,17.490000000000002,-11.577758951041936,11.475193206973072,-6.363725141130434,11.315229376766977,0.0,17.489999999999995,0.0,17.489999999999995,0.0,17.489999999999995,,,,,,,,,,,,,,,,,
27.0,17.82,-11.86665147212198,11.634695906837422,-6.693720286131662,11.313439327712157,0.0,17.819999999999993,0.0,17.819999999999993,0.0,17.819999999999993,,,,,,,,,,,,,,,,,
27.5,18.150000000000002,-12.135637639023592,11.825867144254502,-7.023685911691649,11.308676350827213,0.0,18.14999999999999,0.0,18.14999999999999,0.0,18.14999999999999,,,,,,,,,,,,,,,,,
28.0,18.48,-12.404838311038393,12.016736204572773,-7.353626867066109,11.30243407827722,0.0,18.47999999999999,0.0,18.47999999999999,0.0,18.47999999999999,,,,,,,,,,,,,,,,,
28.5,18.810000000000002,-12.683277928512258,12.193855879993116,-7.683501368065056,11.293333880988405,0.0,18.809999999999988,0.0,18.809999999999988,0.0,18.809999999999988,,,,,,,,,,,,,,,,,
29.0,19.14,-12.97421759859015,12.349593185655463,-8.011197035404988,11.254403820538455,0.0,19.139999999999986,0.0,19.139999999999986,0.0,19.139999999999986,,,,,,,,,,,,,,,,,
29.5,19.470000000000002,-13.247222704545978,12.534979841383556,-8.33722866512665,11.20338052761221,0.0,19.469999999999985,0.0,19.469999999999985,0.0,19.469999999999985,,,,,,,,,,,,,,,,,
30.0,19.8,-13.525605520133613,12.712188780169107,-8.663604509353442,11.154607499151298,-0.04972683528750398,19.14376811643817,-0.3263654597873742,19.421157532230882,-0.2801309489073956,19.295567630686712,,,,,,,,,,,,,,,,,
30.5,20.130000000000003,-13.820337810493156,12.86062353694601,-8.991836272962109,11.120491383335677,-0.08472978388058727,18.815629740764447,-0.6517481611362294,19.366147554382117,-0.5815966602829086,19.161334904182123,,,,,,,,,,,,,,,,,
31.0,20.46,-14.13203998551909,12.968982911640136,-9.321775894760634,11.114179017103758,-0.12483082426131895,18.488075307791263,-0.9756700973219912,19.303103290109565,-0.8809191276303665,19.022388653635264,,,,,,,,,,,,,,,,,
31.5,20.790000000000003,-14.439645502296457,13.088477037220134,-9.65013732340733,11.147023684511122,-0.1702169994826418,18.161211276275438,-1.3007650314174442,19.246417455675616,-1.1873223812527036,18.899844595559625,,,,,,,,,,,,,,,,,
32.0,21.12,-14.756689650576432,13.180035805459042,-9.970183567493105,11.227462491355759,-0.22375433009844645,17.83558303083206,-1.6288739184118255,19.211139158164137,-1.500108587577907,18.794655294142192,,,,,,,,,,,,,,,,,
32.5,21.45,-15.078494678629594,13.253121535391106,-10.27387668619877,11.356576741734354,-0.2851781758442645,17.511349918436373,-1.9586435657929218,19.19881115483239,-1.8180366898555835,18.70621479560156,,,,,,,,,,,,,,,,,
33.0,21.78,-15.396584138065796,13.340979920281706,-10.550475688953767,11.536557273111892,-0.35170256415648266,17.188124755802512,-2.2884651674897127,19.209660627361657,-2.140054629718501,18.634072946398465,,,,,,,,,,,,,,,,,
33.5,22.11,-15.70394460411466,13.46110295683267,-10.788619101461437,11.765003579887034,-0.4194347047210273,16.86515051977966,-2.617774296494333,19.231003016033466,-2.464431465748718,18.5734126773006,,,,,,,,,,,,,,,,,
34.0,22.44,-15.776705491366368,13.782981588130781,-10.980065241158263,12.03379415932609,-0.4863817752284332,16.542012639378,-2.9445951633150136,19.276698978771755,-2.7907234576655817,18.52408179436784,,,,,,,,,,,,,,,,,
34.5,22.77,-15.852915020114972,14.1040611853149,-11.12263813861183,12.331406270826438,-0.5433737243543199,16.2169712301163,-3.2685825716144237,19.3394059103139,-3.1207226475904633,18.524812991278427,,,,,,,,,,,,,,,,,
35.0,23.1,-15.873980198629338,14.433388163034852,-11.214517255231566,12.648357730720814,-0.5911178161910917,15.890443280784728,-3.5911335901144166,19.40912563825813,-3.44996872057577,18.54710701343133,,,,,,,,,,,,,,,,,
35.5,23.43,-15.937176976853447,14.757280378474022,-11.254607405434008,12.97591349674661,-0.6256265431082575,15.562252562197873,-3.9137356937226913,19.47860860557758,-3.7787483965174706,18.575460579127203,,,,,,,,,,,,,,,,,
36.0,23.76,-15.905158441896319,15.08572339243413,-11.249455126803165,13.305873273120808,-0.6452183154493086,15.232834647602239,-4.237995455689319,19.539891611128432,-4.1056934756501935,18.620259186593255,,,,,,,,,,,,,,,,,
36.5,24.09,-15.919776555985585,15.41539946184238,-11.209692546889844,13.63346896484864,-0.6399366935730145,14.902876916263274,-4.564025723986936,19.590923602602246,-4.425197946370987,18.702823665574385,,,,,,,,,,,,,,,,,
37.0,24.42,-15.94727476612161,15.744251781948709,-11.143544358752132,13.956771326742423,-0.6289509870876342,14.573059824145512,-4.891448817407626,19.63208326604628,-4.736927290844569,18.81110485412563,,,,,,,,,,,,,,,,,
37.5,24.75,-15.99765632826692,16.070383194412763,-11.0589407370025,14.275741900913216,-0.6213364869567707,14.243147685254325,-5.220216290822477,19.660577974755356,-5.037547887896389,18.94721971969221,,,,,,,,,,,,,,,,,
38.0,25.080000000000002,-16.0521235719616,16.395857186252822,-10.969745531372281,14.59345909480203,-0.6199237508927766,13.913150709242705,-5.548876172769554,19.690287939389016,-5.32921646609069,19.101587593597745,,,,,,,,,,,,,,,,,
38.5,25.41,-16.196311681652972,16.69269011741719,-10.891583316799675,14.914068932787558,-0.6265533855394715,13.58321730998696,-5.8774061109859845,19.721401918490194,-5.623583508356927,19.250745377261314,,,,,,,,,,,,,,,,,
39.0,25.740000000000002,-16.385626581222855,16.962986008619488,-10.839181627875515,15.239881859170007,-0.6433219585858605,13.253643623297643,-6.206221495321546,19.749338328858336,-5.932327579430339,19.36726618474657,,,,,,,,,,,,,,,,,
39.5,26.07,-16.53803121051812,17.25568522107038,-10.784502027307083,15.565320242403573,-0.6717425065757123,12.924869730702813,-6.534706449539745,19.780923687052724,-6.2533728915868645,19.443620015968843,,,,,,,,,,,,,,,,,
40.0,26.400000000000002,-16.656340219236785,17.563748491286105,-10.730716635113163,15.890907606388335,-0.7104754747896845,12.597150709019092,-6.862451853282517,19.819432781114873,-6.579873245859685,19.491552454460148,,,,,,,,,,,,,,,,,
40.5,26.73,-16.819401126809556,17.85064767291886,-10.67846276052619,16.216744271898293,-0.7561495909728374,12.27032678836626,-7.187558676143771,19.87605039082299,-6.909355401948187,19.510032411691473,,,,,,,,,,,,,,,,,
41.0,27.060000000000002,-16.97675751679155,18.140714848814092,-10.626811197855544,16.542676958313265,-0.8026901876545948,11.943625131100022,-7.508892999570313,19.951178631771427,-7.239126838440659,19.497752359831157,,,,,,,,,,,,,,,,,
41.5,27.39,-17.12238653900086,18.43684351660963,-10.5740738722308,16.868435725633425,-0.8446146393329969,11.616299085158877,-7.825175069187201,20.045336225404963,-7.566088764247078,19.45307687356679,,,,,,,,,,,,,,,,,
42.0,27.720000000000002,-17.29354970748943,18.71898385359276,-10.519349121118552,17.193866519529305,-0.8794005071609048,11.288137625813848,-8.134280892559623,20.160893959708023,-7.888663604541586,19.383467445979914,,,,,,,,,,,,,,,,,
42.5,28.05,-17.452997949563176,19.007906435090973,-10.463860778496974,17.51916798560825,-0.9021135507489506,10.95892019363419,-8.439539329893918,20.286262561982372,-8.206884265684051,19.296085463729266,,,,,,,,,,,,,,,,,
43.0,28.380000000000003,-17.568995811176066,19.316847361646904,-10.405906152031264,17.84403913125098,-0.9088031102929257,10.628988003944995,-8.74679622686754,20.406650265931493,-8.517710052860043,19.185237234034673,,,,,,,,,,,,,,,,,
43.5,28.71,-17.692294225351482,19.622947837082386,-10.34655565561977,18.168658167315886,-0.8957938031618121,10.299244531033144,-9.061504844873784,20.50594017353846,-8.82253538257975,19.05881920382825,,,,,,,,,,,,,,,,,
44.0,29.040000000000003,-17.756495516035322,19.946642437399614,-10.290372595948389,18.49384036825247,-0.8621465455008349,9.970964373162012,-9.386538297764519,20.562977481521276,-9.122701341039951,18.921704662726043,,,,,,,,,,,,,,,,,
44.5,29.37,-17.91393396490669,20.236665082751625,-10.240390598616953,18.82003325588609,-0.8103483596107038,9.645054956393347,-9.716538207062436,20.563222151434527,-9.419407165816354,18.777255178324907,,,,,,,,,,,,,,,,,
45.0,29.700000000000003,-18.052306512904046,20.53625319660249,-10.196326051715634,19.1470780780533,-0.7368542239853035,9.323342954707561,-10.033998107321624,20.473115482827666,-9.702987508371276,18.608488507099715,,,,,,,,,,,,,,,,,
45.5,30.03,-18.20327708609516,20.829694649076995,-10.158115947598446,19.47485847396397,-0.6392620209909158,9.00810374091159,-10.29997113029139,20.2777738563055,-9.967668777763775,18.41140013698931,,,,,,,,,,,,,,,,,
46.0,30.360000000000003,-18.370289738015007,21.114311539121665,-10.127073275818438,19.803395157652044,-0.5182976459688847,8.701073416716195,-10.418301880426498,19.969718936571272,-10.187372679847357,18.16516814189272,,,,,,,,,,,,,,,,,
46.5,30.69,-18.508857709056787,21.413809314407835,-10.10213776466421,20.132451718570493,-0.3636256766898407,8.40956598641751,-10.299444032880732,19.661867004505243,-10.323942530949893,17.864753968176114,,,,,,,,,,,,,,,,,
47.0,31.020000000000003,-18.650061780813626,21.712073308411956,-10.079807854650094,20.461695359539853,-0.17454765525336177,8.139104340689938,-9.998418202223007,19.52665069899135,-10.27601843989543,17.53825238855267,,,,,,,,,,,,,,,,,
47.5,31.35,-18.741223506659395,22.0292318487996,-10.05806098702594,20.790978024963554,0.043826273714584474,7.891692079176685,-9.679811796756608,19.61261556620919,-10.003717461046483,17.351833030872452,,,,,,,,,,,,,,,,,
48.0,31.68,-18.815673959722204,22.350723886086286,-10.037685812341314,21.120348412607267,0.2879753100808279,7.66967575535919,-9.433998628543588,19.83278796759746,-9.676901329942686,17.397562851015827,,,,,,,,,,,,,,,,,
48.5,32.01,-18.92766689555855,22.661139063425853,-10.018061559313127,21.449764393842372,0.5510054634203543,7.470389181716646,-9.24005491438225,20.099782041946135,-9.429143928562809,17.615545121078075,,,,,,,,,,,,,,,,,
49.0,32.34,-19.04497289815276,22.969585658082636,-9.996562681831339,21.779063343532503,0.8330542062978306,7.299075123212286,-9.087178991097518,20.392235375112026,-9.25232438085339,17.89417542730451,,,,,,,,,,,,,,,,,
49.5,32.67,-19.180805916261267,23.270333710763836,-9.97342672784945,22.10825132574532,1.1249321387190276,7.145103461645856,-8.965771605306873,20.699090791677357,-9.137406560002391,18.203519724893553,,,,,,,,,,,,,,,,,
50.0,33.0,-19.222704673351597,23.597663046684534,-9.950410037869988,22.437447668347104,1.4231978970023271,7.003903116619052,-8.872485274061578,21.01563093194837,-9.055598632199827,18.52321874420492,,,,,,,,,,,,,,,,,
50.5,33.33,-19.259456223375796,23.925610182014026,-9.924196878196554,22.766404915204404,1.7248263984600252,6.870036589404878,-8.811794559291297,21.340002072990035,-8.988119353664805,18.846245905552685,,,,,,,,,,,,,,,,,
51.0,33.660000000000004,-19.343058174903092,24.244844756740555,-9.890433895961484,23.094673191208337,2.027143236858626,6.737731906114096,-8.785809536922068,21.6689774195017,-8.932474784267924,19.171520684618994,,,,,,,,,,,,,,,,,
51.5,33.99,-19.38356447675262,24.572349320846882,-9.847736896980468,23.42189936112452,2.3282957453195525,6.602797971732519,-8.793876737236065,21.998878799127635,-8.891113488614277,19.498918368211672,,,,,,,,,,,,,,,,,
52.0,34.32,-19.48174613558088,24.88740544579882,-9.797480167236875,23.748050033537563,2.6275707195447082,6.463749455729894,-8.82990742551711,22.326905916149983,-8.86056463307222,19.827501337072004,,,,,,,,,,,,,,,,,
52.5,34.65,-19.550366570854308,25.210192118173758,-9.740671387038805,24.07312350599019,2.925529001297359,6.321901430241318,-8.89060808536194,22.651275196283603,-8.82509362902373,20.155589446993396,,,,,,,,,,,,,,,,,
53.0,34.980000000000004,-19.61166236079951,25.53444946371121,-9.676224304872346,24.39676925924555,3.2235822993373167,6.18025316329991,-8.971703446569895,22.971155708960683,-8.765289971053605,20.480125304015996,,,,,,,,,,,,,,,,,
53.5,35.31,-19.670252462831712,25.85920660365405,-9.606466531671808,24.71931205187639,3.522347568095051,6.040112825837355,-9.064701434056136,23.2877806832181,-8.677690934268355,20.798286283324106,,,,,,,,,,,,,,,,,
54.0,35.64,-19.760858621033687,26.17652430580109,-9.53878865420629,25.042297662858925,3.821205441131466,5.900170081387526,-9.16235949626892,23.602999500684387,-8.585023878329789,21.115008269841745,,,,,,,,,,,,,,,,,
54.5,35.97,-19.926036559022553,26.46220988261894,-9.475310446498272,25.366134839764506,4.119317090533817,5.7586446614425215,-9.254118249032718,23.919985827347276,-8.518950748739375,21.438325979758986,,,,,,,,,,,,,,,,,
55.0,36.300000000000004,-20.131370816065456,26.720546567750258,-9.417467645237926,25.691025914345442,4.417595050177467,5.617470092943727,-9.33112920282111,24.24087414592027,-8.503949896596756,21.767984855621588,,,,,,,,,,,,,,,,,
55.5,36.63,-20.390580020901034,26.924778269815604,-9.364986637551691,26.01682607369506,4.717309592557917,5.4793716024173005,-9.39173518237961,24.5652611296939,-8.537967432306838,22.096226850595134,,,,,,,,,,,,,,,,,
56.0,36.96,-20.63378046466595,27.14783329475911,-9.29448965364104,26.339208106785463,5.019201714539836,5.34610065027373,-9.43867019179372,24.891906357565514,-8.563219181602385,22.425259294523563,,,,,,,,,,,,,,,,,
56.5,37.29,-20.846286407363525,27.400303539180538,-9.219492708442715,26.66057309898424,5.322452245190925,5.215950292380126,-9.470809919995622,25.22033753433031,-8.56482258498747,22.75525539919388,,,,,,,,,,,,,,,,,
57.0,37.620000000000005,-21.034189607518947,27.67158270788199,-9.151217468241226,26.98343296266418,5.6247694007024736,5.083646333696321,-9.484505879739809,25.550053200756224,-8.540483661714783,23.08435662498,,,,,,,,,,,,,,,,,
57.5,37.95,-21.240884557044758,27.928831999116234,-9.102675418078823,27.30984324033023,5.924495398352704,4.9455727072046045,-9.4794068194053,25.880013803834387,-8.497318667030713,23.411521389638306,,,,,,,,,,,,,,,,,
58.0,38.28,-21.451502535147718,28.182879371273124,-9.086637092208132,27.639453270674068,6.220434847205821,4.799559548165725,-9.44300969399606,26.208000464023403,-8.432738258172432,23.73514056520072,,,,,,,,,,,,,,,,,
58.5,38.61,-21.693755918838594,28.406962610473027,-9.112509205081922,27.968437516156197,6.513132756550091,4.647152416227964,-9.363123926814618,26.52818519851559,-8.314845844209325,24.043363501936373,,,,,,,,,,,,,,,,,
59.0,38.940000000000005,-21.897001217099177,28.66694597289256,-9.18461226165503,28.290464144298678,6.7990354525585,4.482350570318633,-9.221727889349104,26.826358236513748,-8.132316503912756,24.318287200316306,,,,,,,,,,,,,,,,,
59.5,39.27,-22.087447229726003,28.93644609585087,-9.321786666486283,28.59060275004474,7.075962666328568,4.302875451503942,-8.98338336744761,27.05459471230048,-7.891382553547552,24.543788489805785,,,,,,,,,,,,,,,,,
60.0,39.6,-22.288473728346087,29.198148879276168,-9.524274147838902,28.851176770038048,7.342325717262226,4.1080659930648995,-8.656676611802068,27.008089918831804,-7.596298115950051,24.691521948060057,,,,,,,,,,,,,,,,,
60.5,39.93,-22.483458317417647,29.464383756827168,-9.773506696615524,29.067470867577278,7.593806342427042,3.8943898475392147,-8.6042320796102,26.682283885979164,-7.2726436978401905,24.755925501051856,,,,,,,,,,,,,,,,,
61.0,40.260000000000005,-22.76256527807113,29.64044995038736,-10.052194067557645,29.24420046124333,7.823802632589346,3.6577430505788975,-8.877811382424852,26.497745637717593,-6.942864399457742,24.743858423593746,,,,,,,,,,,,,,,,,
61.5,40.59,-23.049960029639205,29.802635821446227,-10.34842946511303,29.389612253183333,8.017729814507563,3.390736968039082,-9.207802793099214,26.500126578948457,-6.627073157512366,24.648067549756007,,,,,,,,,,,,,,,,,
62.0,40.92,-23.34651867489307,29.94738722878029,-10.653470325968101,29.515509327052417,8.163606886708315,3.094730414385052,-9.520947585655174,26.60424352711294,-6.35217427733528,24.46550083406724,,,,,,,,,,,,,,,,,
62.5,41.25,-23.656075800810925,30.061730509271438,-10.959822877578677,29.63818008200929,8.256614023128662,2.778108127464363,-9.812793979007745,26.758274961200584,-6.135194329887119,24.216865151983203,,,,,,,,,,,,,,,,,
63.0,41.580000000000005,-23.957485002989515,30.19609007477411,-11.261855213892314,29.77113296020651,8.30618915915878,2.4518531567932706,-10.075266608241016,26.958295257429178,-5.998171964949269,23.916657104944424,,,,,,,,,,,,,,,,,
63.5,41.910000000000004,-24.26013060320761,30.327640980010933,-11.554596328700994,29.92345708731897,8.333185492800387,2.1229592560138384,-10.310722769263267,27.18951030070419,-5.951929730911543,23.589913083130405,,,,,,,,,,,,,,,,,
64.0,42.24,-24.567155311291796,30.44861960880884,-11.83108390362851,30.1036087481792,8.34815136327649,1.7932987901995516,-10.523863046073702,27.441445257391766,-6.002621592881412,23.263829757690377,,,,,,,,,,,,,,,,,
64.5,42.57,-24.818188003877825,30.6628218199389,-12.079303705364488,30.321064329910627,8.367265253689427,1.463852801920316,-10.715685720070837,27.709967252283413,-6.135367983706773,22.961706611071584,,,,,,,,,,,,,,,,,
65.0,42.9,-24.993262260457236,30.942552055493028,-12.283683347829127,30.580156903609733,8.394640657726198,1.1349902360150075,-10.900603019802638,27.98329048997077,-6.3649752387846465,22.724682332957286,,,,,,,,,,,,,,,,,
65.5,43.230000000000004,-25.138760042181623,31.238745228124138,-12.427516637080764,30.87716192865654,8.430671384226764,0.8069631231907145,-11.086813180210559,28.255734568931675,-6.660380475249873,22.577591387386448,,,,,,,,,,,,,,,,,
66.0,43.56,-25.26588998329891,31.54327433686666,-12.492349145982953,31.200730693820066,8.478758679373922,0.48048554042976876,-11.285115821093253,28.519507316991344,-6.980309040306231,22.49668580500192,,,,,,,,,,,,,,,,,
66.5,43.89,-25.39075243945729,31.848740156627393,-12.501560521723235,31.530602109006303,8.534695464207172,0.15526088561018292,-11.500081457196053,28.769886579900472,-7.308384787923834,22.461100642010148,,,,,,,,,,,,,,,,,
67.0,44.22,-25.485495457916038,32.164847354352034,-12.462225458605275,31.858249408414533,8.590695128716419,-0.169952948005258,-11.734657720890702,29.00199426290786,-7.638298119182245,22.453537979914184,,,,,,,,,,,,,,,,,
67.5,44.550000000000004,-25.61965303949358,32.46634651406109,-12.387188694915674,32.17960510557111,8.647114976538395,-0.49509414928824674,-11.994739356329568,29.205113791529424,-7.968276690311383,22.449777315667994,,,,,,,,,,,,,,,,,
68.0,44.88,-25.743679068064118,32.77215289763903,-12.28830480921299,32.49444153476624,8.699229245141277,-0.820953172499185,-12.281873348042387,29.367760865905396,-8.297525183754042,22.427519068528117,,,,,,,,,,,,,,,,,
68.5,45.21,-25.865405289411598,33.078881975224554,-12.177322165779298,32.80521935388541,8.737256927239129,-1.1487547823095468,-12.591815916372914,29.481055192050512,-8.624059894199396,22.37982123970575,,,,,,,,,,,,,,,,,
69.0,45.54,-25.925700101320952,33.4033269407531,-12.069642248410199,33.11715690435888,8.761861981916855,-1.4778362179517082,-12.918481257964483,29.527850005896315,-8.942135231300476,22.291911741197143,,,,,,,,,,,,,,,,,
69.5,45.870000000000005,-26.06207145324582,33.703831274123154,-11.983100384241467,33.43560706646623,8.77612283375173,-1.807527934718969,-13.244447340068183,29.47640961983668,-9.227289189839642,22.125817731884815,,,,,,,,,,,,,,,,,
70.0,46.2,-26.079144860089443,34.03338930964763,-11.910428851622335,33.75750588340532,8.78492445873314,-2.1374105371666983,-13.475180885240428,29.240481598753455,-9.392432408223481,21.840112083670036,,,,,,,,,,,,,,,,,
70.5,46.53,-26.061115234476244,34.36289641518596,-11.840594204007528,34.08003204047249,8.79550040375015,-2.4672410230029795,-13.439350741507404,28.91243251584044,-9.265747507020015,21.53539756841507,,,,,,,,,,,,,,,,,
71.0,46.86,-26.043596704181347,34.69243108877328,-11.771662711359594,34.402752429232365,8.834800525944866,-2.7948925152862905,-13.156557912039373,28.742349549022872,-8.948324504508951,21.445161004446458,,,,,,,,,,,,,,,,,
71.5,47.190000000000005,-26.04753616779391,35.02240757373311,-11.704246443227495,34.72579274682622,8.909646249850246,-3.1162927604838937,-12.845007724028585,28.85114513877927,-8.635134489401679,21.549141841320886,,,,,,,,,,,,,,,,,
72.0,47.52,-26.06888125847696,35.351716527610364,-11.637324331486473,35.04893579713076,9.019544252587846,-3.427455786877273,-12.659896739164573,29.12433723837711,-8.381095422242955,21.75976983650938,,,,,,,,,,,,,,,,,
72.5,47.85,-26.07342686838821,35.68168521920175,-11.56972510193801,35.37193787787399,9.184112292126768,-3.713493127730379,-12.538126354085877,29.431048785792242,-8.17694121646285,22.019040082126374,,,,,,,,,,,,,,,,,
73.0,48.18,-26.07194690151336,36.011681900545746,-11.50256960871493,35.695032507556945,9.375598997103669,-3.9822548099268724,-12.46102645244434,29.75191574446338,-8.017908581841727,22.308191636031008,,,,,,,,,,,,,,,,,
73.5,48.510000000000005,-26.079547328539498,36.341594363949326,-11.438339043992288,36.018721300312286,9.594110272780254,-4.229545777012595,-12.417658106449267,30.079053615346055,-7.901271641881791,22.616891853453645,,,,,,,,,,,,,,,,,
74.0,48.84,-26.078359486649386,36.67159222611156,-11.375699148555581,36.34272167608318,9.816656706735069,-4.4732117055582075,-12.398833276270024,30.40851624717055,-7.787653933919784,22.926716023649355,,,,,,,,,,,,,,,,,
74.5,49.17,-26.065013851203858,37.0013222581295,-11.284159875348704,36.65977145365881,10.04979709156379,-4.706761616630587,-12.39797513521092,30.73851513140188,-7.680166046473007,23.238719796146146,,,,,,,,,,,,,,,,,
75.0,49.5,-26.033435840646067,37.32980791877424,-11.182213740614747,36.97362967899759,10.286485045888073,-4.936715551751919,-12.407719346406877,31.06837123692089,-7.584668135129466,23.55459975582865,,,,,,,,,,,,,,,,,
75.5,49.830000000000005,-25.99236285334734,37.65724189641609,-11.083754393273358,37.28859913294687,10.525945079628075,-5.163781384146924,-12.427090259967821,31.39780221255587,-7.500256193711922,23.873621109574948,,,,,,,,,,,,,,,,,
76.0,50.160000000000004,-25.958486983008026,37.98549854205903,-10.997780080247622,37.60720298964003,10.766090367523317,-5.390122367403848,-12.452228969409559,31.726843312249517,-7.416445752503548,24.19280101173744,,,,,,,,,,,,,,,,,
76.5,50.49,-25.936023208375666,38.314733076744055,-10.934286960173582,37.93103724308346,11.00686198792479,-5.615796971223705,-12.475298539157876,32.056035953345315,-7.343659706534564,24.51467395485662,,,,,,,,,,,,,,,,,
77.0,50.82,-25.90582504739322,38.64334846146193,-10.905809019044067,38.25980616933566,11.249134480047374,-5.839859550787345,-12.493889367037664,32.38551187222065,-7.2890388094025464,24.84012219589733,,,,,,,,,,,,,,,,,
77.5,51.150000000000006,-25.8628782732078,38.97054194334546,-10.920543956059152,38.589477037977645,11.493602192863813,-6.06152492334314,-12.50545279917982,32.71530921459486,-7.2582221053041724,25.16868015235024,,,,,,,,,,,,,,,,,
78.0,51.480000000000004,-25.807961019724786,39.29594030730859,-10.981986942089693,38.91370652378615,11.741043763021818,-6.279865641849198,-12.511905341908552,33.04524612476457,-7.244879678993902,25.498410314240466,,,,,,,,,,,,,,,,,
78.5,51.81,-25.719057641297304,39.61373928355644,-11.092851218698478,39.22452658776532,11.990968886563353,-6.4953591049118815,-12.509011484763805,33.37523343602187,-7.246980236078253,25.828403628809014,,,,,,,,,,,,,,,,,
79.0,52.14,-25.649818347760842,39.936393774042116,-11.254367655252569,39.51229809560247,12.242175419528493,-6.709357417511851,-12.495709452282272,33.704965229957274,-7.262330242598722,26.15804643139967,,,,,,,,,,,,,,,,,
79.5,52.470000000000006,-25.96952235813741,40.01818219467204,-11.461616935329783,39.76910100817839,12.495871418454467,-6.92039850386461,-12.467402079881971,34.033748886284336,-7.288222056311629,26.48702912696686,,,,,,,,,,,,,,,,,
80.0,52.800000000000004,-26.289477604773992,40.09898219559855,-11.707322893052593,39.989393046934936,12.743645770324676,-7.138361506585938,-12.423408712482049,34.3608032909708,-7.269809536692887,26.816515058565297,,,,,,,,,,,,,,,,,
80.5,53.13,-26.614957393629144,40.15341478736861,-11.983644255390791,40.16979954547521,12.986263531696576,-7.362050178330594,-12.36649238375532,34.685857950257926,-7.194096980924515,27.137712208146393,,,,,,,,,,,,,,,,,
81.0,53.46,-26.94411775758402,40.1769404074687,-12.283036124607635,40.30859619041608,13.216810458238239,-7.598160564934387,-12.305678833500007,35.01020608437518,-7.045953919182304,27.432591222756866,,,,,,,,,,,,,,,,,
81.5,53.79,-27.27253207461731,40.20925195908044,-12.597446982309105,40.40882499146362,13.426558563852607,-7.85292659915242,-12.247997235282508,35.33512581788958,-6.848204803054998,27.69677919952884,,,,,,,,,,,,,,,,,
82.0,54.120000000000005,-27.596405933659163,40.27254274379146,-12.92041019020969,40.47660969727963,13.615891913267719,-8.123209567167896,-12.203699124629122,35.662139085804725,-6.63536680523532,27.94896957738674,,,,,,,,,,,,,,,,,
82.5,54.45,-27.922132288640196,40.32547989209744,-13.247545269154001,40.51999909833679,13.79663776550338,-8.399309072599552,-12.188165473748032,35.991773285623715,-6.418284804591892,28.197516162550663,,,,,,,,,,,,,,,,,
83.0,54.78,-28.24227039032124,40.40555233337442,-13.57621209484823,40.549632148940454,13.972251412983926,-8.678700995923363,-12.212665759411685,36.3208625379587,-6.18785288145938,28.43373878805773,,,,,,,,,,,,,,,,,
83.5,55.11,-28.55728784934636,40.50385798178466,-13.904966825054315,40.57827350657456,14.13525661515679,-8.965631830907308,-12.27592598105083,36.6447423680781,-5.934926357749011,28.645701458365,,,,,,,,,,,,,,,,,
84.0,55.440000000000005,-28.858718363934337,40.63816972689739,-14.231683208413004,40.624710612912246,14.282524701745185,-9.260948797356228,-12.368023284264837,36.9616304977717,-5.66197251952772,28.831163589810384,,,,,,,,,,,,,,,,,
84.5,55.77,-29.164238766755357,40.76289856662615,-14.552139927563786,40.70349824614943,14.405074390208574,-9.567349799080318,-12.474925519186847,37.2738354179262,-5.378790594630809,29.000597935241526,,,,,,,,,,,,,,,,,
85.0,56.1,-29.453563914945544,40.92161516507989,-14.87239361322791,40.78310714526595,14.499427887094072,-9.883573481978166,-12.592591675890732,37.582144800797586,-5.086496282720085,29.153777683330613,,,,,,,,,,,,,,,,,
85.5,56.43,-29.745272845015236,41.0759067724913,-15.192122226277268,40.86479933582009,14.569582895300412,-10.206030106694682,-12.722212773935176,37.885621934930874,-4.789841159409941,29.29833126444794,,,,,,,,,,,,,,,,,
86.0,56.760000000000005,-30.034162387328315,41.23541486740231,-15.511792145486446,40.94672090045845,14.623400485242616,-10.531612150138132,-12.867325209560443,38.18200408862253,-4.495937987817635,29.448401000664084,,,,,,,,,,,,,,,,,
86.5,57.09,-30.331050862034342,41.37948857626944,-15.832135800108558,41.02596699148727,14.670626846481559,-10.858215381604278,-13.029746843219295,38.46926566440249,-4.206784697459187,29.60743047804134,,,,,,,,,,,,,,,,,
87.0,57.42,-30.629355679931713,41.52060638386017,-16.15347612007421,41.101069579754075,14.718886549308023,-11.184667523706457,-13.205237144705004,38.748735079695926,-3.9218295511961885,29.773865344034718,,,,,,,,,,,,,,,,,
87.5,57.75,-30.92647498606921,41.66420345179811,-16.475221800032603,41.17441613678377,14.783184812452337,-11.508342875496835,-13.386567923869602,39.02445078205537,-3.638862662319104,29.943658570634675,,,,,,,,,,,,,,,,,
88.0,58.080000000000005,-31.230330925039627,41.79293405558915,-16.797465223692807,41.24554402096254,14.86693052765681,-11.827539766435471,-13.566559313241864,39.30104271930561,-3.3472266502484875,30.09808796053034,,,,,,,,,,,,,,,,,
88.5,58.410000000000004,-31.54180465111432,41.90194835724332,-17.120453836686778,41.31320757005828,14.965822752119255,-12.14237357647002,-13.741269009662632,39.581000791124524,-3.0449251410462743,30.230427665585413,,,,,,,,,,,,,,,,,
89.0,58.74,-31.866220228359857,41.9624010928344,-17.443990930732866,41.378197944547225,15.077287624133001,-12.452978763656194,-13.907363360709757,39.86615455061269,-2.733703682023706,30.340160083055657,,,,,,,,,,,,,,,,,
89.5,59.07,-32.19294837353032,42.00875537153086,-17.76764621761477,41.44259713144731,15.197175776292504,-12.760430924116614,-14.06187332460385,40.1577478822536,-2.4159131947444226,30.429093801041557,,,,,,,,,,,,,,,,,
90.0,59.400000000000006,-32.518611253239364,42.06208162003581,-18.09120878697721,41.50746055494297,15.323120456754975,-13.06545213233533,-14.19992994881694,40.4574817116938,-2.093397905206462,30.49897862066818,,,,,,,,,,,,,,,,,
90.5,59.730000000000004,-32.84222195428964,42.12670448105067,-18.414942562981434,41.5714640101157,15.45528076723134,-13.36783211238492,-14.313639569218045,40.767272160591496,-1.7672384396381617,30.549178252342134,,,,,,,,,,,,,,,,,
91.0,60.06,-33.16967625785281,42.16761510409609,-18.738803807535554,41.634819311992146,15.589575551331617,-13.669270183907846,-14.389824747418187,41.08835753650048,-1.4387024711416854,30.58022849234253,,,,,,,,,,,,,,,,,
91.5,60.39,-33.49843492374592,42.196211250692826,-19.062411293927227,41.69945826890872,15.700611832144524,-13.98002884322925,-14.415914913130932,41.41732456106842,-1.1088694696738755,30.56973129544356,,,,,,,,,,,,,,,,,
92.0,60.720000000000006,-33.82574697389798,42.23824483042682,-19.385734811675512,41.76550297248799,15.78235629104209,-14.299744096915315,-14.369217760094536,41.74400387767462,-0.7827915190892152,30.519004870944016,,,,,,,,,,,,,,,,,
92.5,61.050000000000004,-34.15034636493637,42.297702675472756,-19.709048675923363,41.83159491742172,15.819875673733474,-14.627604274311805,-14.232239369257847,42.0442319916876,-0.47735436831778405,30.39407230141697,,,,,,,,,,,,,,,,,
93.0,61.38,-34.47868880226332,42.330736655708215,-20.031943386880425,41.899705163610925,15.802508268654833,-14.957146947179575,-13.996851968571718,42.275517035731156,-0.24039779146150228,30.16439517873264,,,,,,,,,,,,,,,,,
93.5,61.71,-34.80511184280685,42.379192807044426,-20.354136050861378,41.971062624866605,15.730721160567535,-15.279244154731057,-13.68524847684124,42.38415986311232,-0.11987549289547554,29.85719105189128,,,,,,,,,,,,,,,,,
94.0,62.040000000000006,-35.131857843340626,42.42542105744594,-20.675395524522123,42.04651029271141,15.60913740105901,-15.586029730375957,-13.413606259227041,42.196781887860055,-0.14231261246414725,29.527954699606997,,,,,,,,,,,,,,,,,
94.5,62.370000000000005,-35.453161330741786,42.50068106663976,-20.996501130598652,42.12261015963787,15.445222468354,-15.872441837027042,-13.442764234307436,41.86807257480487,-0.24501770702918801,29.214344011730475,,,,,,,,,,,,,,,,,
95.0,62.7,-35.7828089886401,42.51592644765032,-21.317414356876757,42.199517254237634,15.262085072410919,-16.14696086042467,-13.684162075840298,41.643067947956276,-0.39975333178177225,28.922870365524805,,,,,,,,,,,,,,,,,
95.5,63.03,-36.10250154751732,42.59775961817752,-21.637963710606076,42.27792715044797,15.062862074206976,-16.410039170033485,-13.99154963301585,41.523014252912574,-0.5890704851976054,28.65257605292736,,,,,,,,,,,,,,,,,
96.0,63.36,-36.427711951489776,42.653779196434336,-21.95853230373674,42.35625835175516,14.848893667578102,-16.661271176284085,-14.319448612328184,41.48583550406421,-0.8147835589529163,28.411840496068947,,,,,,,,,,,,,,,,,
96.5,63.690000000000005,-36.735679661953604,42.77233673230477,-22.279459367211196,42.4331076844111,14.619837909898417,-16.898828453322245,-14.649364196583278,41.49329923407137,-1.0707297435497418,28.20353410972823,,,,,,,,,,,,,,,,,
97.0,64.02,-37.06277150482664,42.81605087562154,-22.600429664337195,42.50977624617436,14.377884905965828,-17.12323599305297,-14.976774844752839,41.53455777821908,-1.3545733441624976,28.03521058079901,,,,,,,,,,,,,,,,,
97.5,64.35000000000001,-37.378930841503276,42.91061975968069,-22.92120109216492,42.58727264021539,14.12148980093033,-17.33098957332016,-15.301249444707924,41.59469290924902,-1.6496075423494396,27.887376816387125,,,,,,,,,,,,,,,,,
98.0,64.68,-37.70160968891856,42.97974545266632,-23.241853336971534,42.665260702766524,13.85167345366677,-17.520987306857563,-15.61927613047724,41.68277824933796,-1.9620121286154795,27.78105948722605,,,,,,,,,,,,,,,,,
98.5,65.01,-38.02502891987023,43.04531984592032,-23.562366926837772,42.743816661872486,13.570835837395633,-17.694279641619218,-15.932018552489062,41.788097656258905,-2.290977746122741,27.754951586160164,,,,,,,,,,,,,,,,,
99.0,65.34,-38.34800182051583,43.11305835379115,-23.882355223700642,42.824485676189006,13.28171829952339,-17.853374108193933,-16.237528848254843,41.91285125011938,-2.6173864961034217,27.803503907794145,,,,,,,,,,,,,,,,,
99.5,65.67,-38.66292862264417,43.21165403980843,-24.20135824000133,42.908966890616014,12.985425996035724,-17.99866991299907,-16.533910634810645,42.057964435591934,-2.925936816890838,27.920536807194196,,,,,,,,,,,,,,,,,
100.0,66.0,-38.968182660202636,43.337033354506886,-24.519125380806987,42.99798399135626,12.684338151358356,-18.133748074770455,-16.815232560072054,42.230469433685364,-3.208534893108762,28.090943166576494,,,,,,,,,,,,,,,,,
100.5,66.33,-39.26880503038447,43.473144303905734,-24.836427264141705,43.0886455313401,12.382934173459226,-18.268119359301718,-17.0900113125878,42.413216901973954,-3.4643355034373107,28.29942829255804,,,,,,,,,,,,,,,,,
101.0,66.66,-39.546753173955,43.65103424034312,-25.153006336836572,43.18179965487555,12.083519300348474,-18.406866372819383,-17.3698252618483,42.58815733126131,-3.7062825309498164,28.523842275807443,,,,,,,,,,,,,,,,,
101.5,66.99000000000001,-39.78308538625495,43.88135376932278,-25.46857127880866,43.27833341787147,11.789746008187583,-18.55719019931722,-17.65999235462928,42.74532939705874,-3.9443037827157594,28.75241586069374,,,,,,,,,,,,,,,,,
102.0,67.32000000000001,-40.03868451164932,44.09008586339945,-25.78319785395826,43.37788299451363,11.505632241738319,-18.725057312576524,-17.964658196888593,42.87213130777157,-4.1683081578124614,28.994742169495606,,,,,,,,,,,,,,,,,
102.5,67.65,-40.283881448354585,44.31094432991219,-26.097800301082046,43.47750879570852,11.230675638515994,-18.907537082261936,-18.282283067862046,42.96165472001159,-4.3758402899520465,29.251316552725104,,,,,,,,,,,,,,,,,
103.0,67.98,-40.527878369111775,44.53312781863494,-26.412160507962618,43.577896346380925,10.964941598034983,-19.103203685773206,-18.60754756344573,43.01735936894407,-4.563556177444341,29.52272536905755,,,,,,,,,,,,,,,,,
103.5,68.31,-40.756183664943485,44.77140642005604,-26.726399596065143,43.678662389810704,10.71034053918146,-19.313152014727418,-18.934867040261395,43.059335077361204,-4.748190951827334,29.796239537042577,,,,,,,,,,,,,,,,,
104.0,68.64,-40.992506631434566,45.001735435833154,-27.040824494691833,43.77884713477517,10.470119314212786,-19.539412402499003,-19.25918777801963,43.12029456439935,-4.92113178019754,30.077293748686216,,,,,,,,,,,,,,,,,
104.5,68.97,-41.225347213372345,45.23558424041183,-27.355963793882925,43.87676149585335,10.243280867701657,-19.779087848017348,-19.580744996770544,43.194462988065865,-5.099964421999337,30.35463629180968,,,,,,,,,,,,,,,,,
105.0,69.3,-41.47648130423594,45.4496675615887,-27.670895788799456,43.97534059393146,10.030175213581677,-20.031052091873683,-19.899660814679287,43.279272781648906,-5.285046631053358,30.62784788726581,,,,,,,,,,,,,,,,,
105.5,69.63000000000001,-41.70537291369935,45.687383003067055,-27.984876560103324,44.076908675785106,9.829252846827183,-20.292834831063594,-20.217895620557652,43.36660323640301,-5.470793904601683,30.900607764024404,,,,,,,,,,,,,,,,,
106.0,69.96000000000001,-41.9488703754043,45.91011375115372,-28.298113647248915,44.18074762433788,9.644330233432504,-20.56615447370803,-20.536081209635118,43.45411284103831,-5.65352966424306,31.175394303265847,,,,,,,,,,,,,,,,,
106.5,70.29,-42.157903712590766,46.165466573626254,-28.610984217765182,44.28568573040439,9.476555666236557,-20.850322900177634,-20.850698733381897,43.55369102013115,-5.834718887953434,31.451203050790706,,,,,,,,,,,,,,,,,
107.0,70.62,-42.41727078358479,46.36949775380218,-28.925178524564682,44.386591317835325,9.329033916661034,-21.145513234372668,-21.162286163707762,43.66237990301677,-6.011496582759621,31.729859912574174,,,,,,,,,,,,,,,,,
107.5,70.95,-42.67390972238081,46.57695004974911,-29.23844501433884,44.490341529327054,9.197235032552724,-21.448050924830905,-21.473765182949343,43.771379079950826,-6.188221584730027,32.00855019528701,,,,,,,,,,,,,,,,,
108.0,71.28,-42.928436113524604,46.786988894278686,-29.548175167701036,44.60421528441676,9.08260869382591,-21.757503348427953,-21.783089016549955,43.88635197226297,-6.362488005530482,32.28878440908218,,,,,,,,,,,,,,,,,
108.5,71.61,-43.16469917402997,47.01737935901332,-29.850340537596477,44.73686553596553,8.986273707464967,-22.073129029263395,-22.08467793242716,44.02030765829388,-6.524666418196595,32.57618336952759,,,,,,,,,,,,,,,,,
109.0,71.94,-43.40782084634494,47.24052023929027,-30.140321738680363,44.89438030675845,8.910904418661543,-22.394406900124846,-22.376028685258706,44.17527455419262,-6.662294446471282,32.876114237951,,,,,,,,,,,,,,,,,
109.5,72.27000000000001,-43.64289193674122,47.47212676437085,-30.412865321323736,45.080444799770724,8.853571353196797,-22.71938831436944,-22.66222152828617,44.33957201795837,-6.762412406697143,33.19056040828897,,,,,,,,,,,,,,,,,
110.0,72.60000000000001,-43.889628593313475,47.69126375874548,-30.66155092936594,45.29736752415127,8.81287039169934,-23.0468687439117,-22.947874385552936,44.5048065335274,-6.848652283183298,33.509092484701455,,,,,,,,,,,,,,,,,
110.5,72.93,-44.12189352080924,47.92568432835358,-30.880267439555286,45.54447699011847,8.778631575264523,-23.375087730944966,-23.23145791917227,44.67356784265947,-6.921398774203452,33.83097436993928,,,,,,,,,,,,,,,,,
111.0,73.26,-44.36825155091196,48.145246895755015,-31.063581773021383,45.818877892350734,8.751923509802017,-23.704005166237245,-23.515004052543052,44.84239198267055,-6.982935819087904,34.15518601702632,,,,,,,,,,,,,,,,,
111.5,73.59,-44.55689975775434,48.416008514259474,-31.20814890808453,46.11552641073509,8.731950215973182,-24.03340016852724,-23.799821075006253,45.00906310708986,-7.0386595250232356,34.480447248341754,,,,,,,,,,,,,,,,,
112.0,73.92,-44.618741418853105,48.7401621953315,-31.312455519032014,46.42860807885485,8.722549448030254,-24.36326624068696,-24.08674170786415,45.17208626630481,-7.099838209842055,34.804726708875165,,,,,,,,,,,,,,,,,
112.5,74.25,-44.65704380463974,49.067931820591454,-31.37800453345322,46.75203245441799,8.731091991676143,-24.69315565389699,-24.37438385355247,45.333832969590595,-7.165162100194724,35.128196629191095,,,,,,,,,,,,,,,,,
113.0,74.58,-44.644516270046786,49.39769394830933,-31.40775501407019,47.08068867131197,8.756492041013583,-25.022176682850546,-24.662335701538638,45.49502767558726,-7.233194827656532,35.451107681950376,,,,,,,,,,,,,,,,,
113.5,74.91,-44.63212081850573,49.72746106732075,-31.406855627752382,47.410687445710074,8.802937712279842,-25.348891848737633,-24.952131129873933,45.652883970095786,-7.29169288793583,35.77588141386778,,,,,,,,,,,,,,,,,
114.0,75.24000000000001,-44.63005273834382,50.05745458702143,-31.38062785941308,47.73964352814045,8.878157089184889,-25.670204850867982,-25.245435529286606,45.804120636566495,-7.346213204895327,36.101346519583636,,,,,,,,,,,,,,,,,
114.5,75.57000000000001,-44.5901418736591,50.38503224633311,-31.33456975797219,48.06641355628204,8.970309878998716,-25.987076849204108,-25.541619793024083,45.949636552927174,-7.379796728154036,36.42963320369606,,,,,,,,,,,,,,,,,
115.0,75.9,-44.57045868831203,50.71444471151103,-31.27316073010983,48.390649475478234,9.076551993749456,-26.299507022288097,-25.841323521797175,46.08775850976063,-7.39635789553617,36.759217377671305,,,,,,,,,,,,,,,,,
115.5,76.23,-44.58397611070323,51.04416774572596,-31.204938938499026,48.713520637320556,9.192581615212562,-26.60843602212969,-26.149190898297952,46.20657634716954,-7.409356137844128,37.08896128693561,,,,,,,,,,,,,,,,,
116.0,76.56,-44.60129298964065,51.37371307751487,-31.13788536034237,49.03663643336957,9.313017186765304,-26.91567415958135,-26.46334576296124,46.30760466502346,-7.4383665165635,37.41768365904703,,,,,,,,,,,,,,,,,
116.5,76.89,-44.62703732550012,51.702707346722036,-31.078600236790237,49.36126741483223,9.430392588699629,-27.22409435188522,-26.783536590441454,46.38746600734586,-7.495366602665285,37.74272364148671,,,,,,,,,,,,,,,,,
117.0,77.22,-44.663295160004274,52.0307094342719,-31.031741290104357,49.687923562968905,9.546770479231238,-27.532892322402212,-27.104871674150253,46.46259099638319,-7.588904581267282,38.05918951098776,,,,,,,,,,,,,,,,,
117.5,77.55,-44.711433330081285,52.35717951955022,-30.98858827943029,50.015089908533,9.661604800352077,-27.842267626349887,-27.425469457924116,46.5408026389902,-7.721225286229229,38.36149933722298,,,,,,,,,,,,,,,,,
118.0,77.88000000000001,-44.75647064697617,52.68409180149587,-30.94597339384902,50.34232678226042,9.77328579053755,-28.152795171716143,-27.743201767492845,46.62994398437001,-7.8816511769377975,38.64988022006781,,,,,,,,,,,,,,,,,
118.5,78.21000000000001,-44.76267738738153,53.0140334272019,-30.90110905141733,50.66926284753645,9.878450351524357,-28.46558969710374,-28.05776036347035,46.729708154775324,-8.074809733659643,38.917442870609946,,,,,,,,,,,,,,,,,
119.0,78.54,-44.795502306582456,53.34239683058214,-30.855274617207673,50.99606432342155,9.975017811185538,-28.781144329037083,-28.36987619316083,46.83687022295537,-8.300097394845523,39.15857658811415,,,,,,,,,,,,,,,,,
119.5,78.87,-44.81358916859063,53.671900799333194,-30.807159140654495,51.32253775406493,10.059183389728597,-29.100230767778235,-28.68139913583263,46.94574380188571,-8.558029720679588,39.36441855489894,,,,,,,,,,,,,,,,,
120.0,79.2,-44.83473981677655,54.00122229890666,-30.753195763596892,51.64809566586641,10.133093169115476,-29.42184753430477,-28.993120405072595,47.05404823532879,-8.842353515211133,39.53192968844887,,,,,,,,,,,,,,,,,
120.5,79.53,-44.83216254751574,54.331212234636766,-30.693642573975488,51.97267757787926,10.19800523235281,-29.74540034923036,-29.30523749045699,47.16120664615665,-9.145568836388263,39.66216205387103,,,,,,,,,,,,,,,,,
121.0,79.86,-44.856991102804365,54.66027688306057,-30.63144621182127,52.29676338832887,10.264009869542388,-30.06873204868074,-29.61746365713783,47.26804681107504,-9.45830172071145,39.767509778397475,,,,,,,,,,,,,,,,,
121.5,80.19,-44.85065099102647,54.990215972867524,-30.56793267023419,52.62059363712454,10.323545884820174,-30.393317111314317,-29.93005530926114,47.37381286906539,-9.776785332351547,39.85392846339487,,,,,,,,,,,,,,,,,
122.0,80.52000000000001,-44.81908592825345,55.31870287795224,-30.501941173026417,52.94392801868066,10.390764354898614,-30.71639864480132,-30.24306096142289,47.47834736918279,-10.097647330368995,39.93104900688525,,,,,,,,,,,,,,,,,
122.5,80.85000000000001,-44.79562883765998,55.647868132650984,-30.433387835022035,53.26672894781262,10.4675939924925,-31.037330423824827,-30.553656707699886,47.58983854549122,-10.420483396035866,39.99943668636581,,,,,,,,,,,,,,,,,
123.0,81.18,-44.78843818460991,55.977789781696195,-30.364025213350327,53.589356948325324,10.553314848300323,-31.35600256706859,-30.859513339553722,47.713740606616234,-10.745543880821192,40.056319735080955,,,,,,,,,,,,,,,,,
123.5,81.51,-44.78521797860547,56.307774069615014,-30.29483047407369,53.912020996611524,10.63790931888861,-31.674975568349087,-31.160852511158836,47.84825716194064,-11.071715442508667,40.10644071218987,,,,,,,,,,,,,,,,,
124.0,81.84,-44.73544310114043,56.633998626589715,-30.224861432444296,54.23451802483576,10.72112234720319,-31.994311742182738,-31.457454007072222,47.992920746238624,-11.39832170439304,40.15364611122342,,,,,,,,,,,,,,,,,
124.5,82.17,-44.72447504954637,56.963816306292046,-30.15417979216337,54.55685962272098,10.8025592234241,-32.31410548069458,-31.750439247643843,48.144774784074926,-11.72548408250985,40.1968291906059,,,,,,,,,,,,,,,,,
125.0,82.5,-44.653576204933024,57.286110199862016,-30.083600251662556,54.87922359164848,10.881488632709242,-32.634527309460815,-32.04072036736635,48.301736153630145,-12.052981393131699,40.237394095825266,,,,,,,,,,,,,,,,,
125.5,82.83,-44.69990812979199,57.61284151568415,-30.01511446479541,55.20203885925085,10.96146380806893,-32.95468972344189,-32.32949250923917,48.461456691064086,-12.380643486251248,40.27660573609337,,,,,,,,,,,,,,,,,
126.0,83.16000000000001,-44.76995715490704,57.935321180284,-29.947105649217434,55.524954948976465,11.029181670369145,-33.27766695348371,-32.618206868133626,48.62128165459657,-12.708935764641137,40.31013452893738,,,,,,,,,,,,,,,,,
126.5,83.49000000000001,-44.80912065271302,58.26298903107135,-29.87974754651315,55.848007399826294,11.088919171002534,-33.602214994639525,-32.90813109349026,48.77890127124169,-13.036705082424968,40.34843954583493,,,,,,,,,,,,,,,,,
127.0,83.82000000000001,-44.86701367307594,58.58787116076343,-29.813463258085957,56.17128188553109,11.140280818875349,-33.92819349259267,-33.19988308367986,48.93311144023326,-13.3644566967883,40.38689574536412,,,,,,,,,,,,,,,,,
127.5,84.15,-44.99984801122708,58.88995564995138,-29.74689534401969,56.49449808688378,11.188226300173994,-34.2546919318279,-33.49328666187465,49.084155606961055,-13.693456295139503,40.41257188769016,,,,,,,,,,,,,,,,,
128.0,84.48,-45.1252143262531,59.195215026640774,-29.67846490961436,56.817325092642434,11.236943691689643,-34.58107608549335,-33.78825870734143,49.232113345498604,-14.023083388636904,40.42825561277243,,,,,,,,,,,,,,,,,
128.5,84.81,-45.28914140805264,59.481620179968516,-29.608347438205065,57.139789881732916,11.28620609884745,-34.90737842266092,-34.083916718229545,49.37869554290907,-14.353050791644915,40.43289381847606,,,,,,,,,,,,,,,,,
129.0,85.14,-45.4795660184056,59.75113542586738,-29.538251881527717,57.4622594352323,11.341052985732922,-35.232788654520604,-34.380265648109834,49.523875816220595,-14.682948420678136,40.4246746726409,,,,,,,,,,,,,,,,,
129.5,85.47,-45.69228009296893,60.00343033759306,-29.46658899773155,57.784384304011496,11.398537503590703,-35.55774331321418,-34.67903089820675,49.66401619346615,-15.012103637741582,40.40107714989135,,,,,,,,,,,,,,,,,
130.0,85.8,-45.928190712096836,60.234181675146466,-29.391505590674758,58.10572910634187,11.462604303423275,-35.88146455928742,-34.982171601283596,49.794422152448384,-15.339368308152558,40.358676259561136,,,,,,,,,,,,,,,,,
130.5,86.13000000000001,-46.15032701193548,60.47822155773535,-29.31471139167685,58.426669367138594,11.536266527456036,-36.20313811547529,-35.29150866030265,49.90935945673836,-15.662848766719309,40.29340457408079,,,,,,,,,,,,,,,,,
131.0,86.46000000000001,-46.39407280370374,60.70068051798479,-29.237572786886716,58.747527023508255,11.62153707564184,-36.52193104766183,-35.608242650363955,50.001985476515976,-15.979115410548438,40.19919517963916,,,,,,,,,,,,,,,,,
131.5,86.79,-46.6425262663776,60.91786909246645,-29.159016721743136,59.06804058738529,11.72114282051057,-36.83653984536009,-35.93238948314155,50.06386302333432,-16.286489121703415,40.079106039035956,,,,,,,,,,,,,,,,,
132.0,87.12,-46.86986006301063,61.1570747464724,-29.076575583689706,59.387576905753725,11.833621646660209,-37.1467792910597,-36.2616648457374,50.08572018663088,-16.583471455911607,39.93522590431176,,,,,,,,,,,,,,,,,
132.5,87.45,-47.078690284716366,61.412593705656114,-28.990057186411946,59.70603344428369,11.958634253244803,-37.45218369213298,-36.590952957829074,50.06405594800817,-16.86734992604545,39.766961189667036,,,,,,,,,,,,,,,,,
133.0,87.78,-47.21189938592792,61.71451312430025,-28.902103045392362,60.024096439738216,12.096688602471422,-37.75191856941557,-36.914518904344625,49.99920937326829,-17.139748919017997,39.58068508108748,,,,,,,,,,,,,,,,,
133.5,88.11,-47.384194836887005,61.995963435330104,-28.812616635242932,60.341731737522586,12.246166931852034,-38.04612296952811,-37.22795702560845,49.895978834479585,-17.405125517480617,39.3845339633532,,,,,,,,,,,,,,,,,
134.0,88.44,-47.48560289933364,62.30999592548171,-28.720293454326185,60.65855413298322,12.395316640806898,-38.34049410316502,-37.53617762323309,49.77808030522706,-17.66514742190035,39.181337976134124,,,,,,,,,,,,,,,,,
134.5,88.77000000000001,-47.577402789436874,62.6269703411323,-28.62484070652092,60.97444774313769,12.541276164900635,-38.636460008847294,-37.836990585590584,49.64239109534761,-17.922157587617455,38.9743457668168,,,,,,,,,,,,,,,,,
135.0,89.10000000000001,-47.64625756811571,62.94970710608648,-28.527610456350672,61.28979878317376,12.6794223853244,-38.936152554271146,-38.11810345758316,49.46954563489208,-18.17397046323182,38.76106127212761,,,,,,,,,,,,,,,,,
135.5,89.43,-47.7250367003748,63.270165915171994,-28.429523173326803,61.60488430316634,12.80753073481317,-39.24027136459248,-38.352050894945066,49.23680415480785,-18.41687700532917,38.53768622471562,,,,,,,,,,,,,,,,,
136.0,89.76,-47.779533766952916,63.59563491482385,-28.328298792150637,61.91897604876864,12.925834329252677,-39.54833671406024,-38.51182557046145,48.94806196346125,-18.650250206063095,38.30436895321777,,,,,,,,,,,,,,,,,
136.5,90.09,-47.839694992245704,63.92010467762351,-28.223995169485363,62.23205871245173,13.035425336512933,-39.85960799626867,-38.58961058371618,48.6273604017049,-18.870250153854887,38.05840142899636,,,,,,,,,,,,,,,,,
137.0,90.42,-47.92316667060085,64.2393733402144,-28.116679118835904,62.544121631224534,13.14257543512202,-40.17172793534348,-38.58187782328258,48.29745101351463,-19.07770444870167,37.80176410600997,,,,,,,,,,,,,,,,,
137.5,90.75,-47.98492301371948,64.56354328651513,-28.00720749716488,62.85543492045054,13.248913646837387,-40.4841254140932,-38.49171425755003,47.98000726823936,-19.256030994716145,37.524095881348686,,,,,,,,,,,,,,,,,
138.0,91.08,-48.03292220575825,64.89003383394893,-27.895331777034936,63.1658923623736,13.35676494559779,-40.79600375151934,-38.34285633245884,47.68548847743384,-19.39992734291775,37.2271214026906,,,,,,,,,,,,,,,,,
138.5,91.41000000000001,-48.06852660688124,65.21810749430689,-27.78123076681274,63.47553886964644,13.466683665023412,-41.10715946032095,-38.15966842140985,47.41100316043946,-19.5019016973164,36.9132723449495,,,,,,,,,,,,,,,,,
139.0,91.74000000000001,-48.12457184044896,65.54331347794547,-27.666348474653393,63.78489636341088,13.572098931879964,-41.419869584099445,-37.948926855047034,47.15705829987531,-19.573066168621377,36.59103699924099,,,,,,,,,,,,,,,,,
139.5,92.07000000000001,-48.18936068979754,65.86689098797991,-27.550543635219025,64.09390969510319,13.668163137800539,-41.73557778535631,-37.700042455483185,46.94036368606652,-19.616827104408785,36.263951413347925,,,,,,,,,,,,,,,,,
140.0,92.4,-48.252585563122196,66.19077772033103,-27.433028279756364,64.40227658896582,13.753555086361274,-42.05433822066942,-37.42289775351461,46.76122459437867,-19.63228240916087,35.934313530884424,,,,,,,,,,,,,,,,,
140.5,92.73,-48.26351094182281,66.52059681635224,-27.315170458839145,64.71051275499545,13.823862601413888,-42.37676162758512,-37.12385801858704,46.62167088810595,-19.594845103224213,35.606443971266266,,,,,,,,,,,,,,,,,
141.0,93.06,-48.22750450168838,66.84862659589801,-27.198042066668478,65.01902683854354,13.880402979109016,-42.70188189101096,-36.81330255477306,46.510067555291556,-19.50379497739499,35.28925337464259,,,,,,,,,,,,,,,,,
141.5,93.39,-48.26775396974906,67.17616282339175,-27.081381541746772,65.32771814377418,13.9289917232342,-43.028285221178315,-36.49662830184378,46.41723750879968,-19.322141645191127,35.01375007720455,,,,,,,,,,,,,,,,,
142.0,93.72,-48.30301880210539,67.50427315788136,-26.96505525176042,65.63653555626578,13.980855438247286,-43.354184216367074,-36.17879674409128,46.32845068040367,-19.128790034370507,34.746326902081165,,,,,,,,,,,,,,,,,
142.5,94.05000000000001,-48.30564422433308,67.83426271401629,-26.84998097825733,65.9458216884763,14.03250936589829,-43.68011652798749,-35.86493743601274,46.22650787912541,-18.94533714867622,34.4720186106818,,,,,,,,,,,,,,,,,
143.0,94.38000000000001,-48.24638225182303,68.15889792254151,-26.737537990235225,66.25607412512211,14.0855330740246,-44.005828803433985,-35.5616614005904,46.096416963460584,-18.75621821733263,34.2015855694175,,,,,,,,,,,,,,,,,
143.5,94.71000000000001,-48.24433508771136,68.48889157266088,-26.627475457606597,66.56717899315116,14.13763814376696,-44.331689297675226,-35.28456914117235,45.9171967643462,-18.50999997273001,33.98186625751069,,,,,,,,,,,,,,,,,
144.0,95.04,-48.27361719740538,68.81758985080037,-26.518695299447156,66.87873456955897,14.195446295126722,-44.65658653933229,-35.03283978246451,45.70381370512045,-18.22026609146736,33.82389702617598,,,,,,,,,,,,,,,,,
144.5,95.37,-48.26447611290283,69.14746322131414,-26.410783645283033,67.1905920288181,14.26961137899041,-44.978144528403455,-34.79948534760203,45.47047766476232,-17.918057631047482,33.6913449743222,,,,,,,,,,,,,,,,,
145.0,95.7,-48.2603555001915,69.47743749387321,-26.304887006446084,67.50313946823016,14.345252726215815,-45.299358454922725,-34.57555907196791,45.228079184815286,-17.594770195400123,33.6251238753238,,,,,,,,,,,,,,,,,
145.5,96.03,-48.27058922041329,69.80727877535632,-26.200634777725337,67.81623924914155,14.433067008336488,-45.61746009254132,-34.355788094254414,44.98190705529032,-17.26523154138229,33.60768038060188,,,,,,,,,,,,,,,,,
146.0,96.36,-48.264088486322656,70.13721473953161,-26.096083382497866,68.12923925833641,14.5387691295032,-45.930073370539645,-34.14337250981417,44.72936078331841,-16.936759687060324,33.57595907989889,,,,,,,,,,,,,,,,,
146.5,96.69,-48.233693246824714,70.46581195409051,-25.99106714319734,68.44208361178262,14.640364611292677,-46.24404527705353,-33.94327896545453,44.466943989828366,-16.608029331097715,33.547039310385706,,,,,,,,,,,,,,,,,
147.0,97.02000000000001,-48.210995546697426,70.79503044447179,-25.885016410869405,68.7545787992219,14.746687514727876,-46.55644796623067,-33.75443380947309,44.196319698490086,-16.27870337923942,33.525958099969124,,,,,,,,,,,,,,,,,
147.5,97.35000000000001,-48.22681883672928,71.12465086782655,-25.779778070772142,69.06734850966966,14.857016655432963,-46.867458385206106,-33.57749718388079,43.91776372471819,-15.948704530491852,33.525086420394814,,,,,,,,,,,,,,,,,
148.0,97.68,-48.264951542641064,71.45244027695968,-25.673579780087774,69.37979358173148,14.974074534713381,-47.175999229987426,-33.40568054640776,43.63602085774999,-15.618898868028916,33.51376277224665,,,,,,,,,,,,,,,,,
148.5,98.01,-48.28115135360846,71.78204241003017,-25.567006492533125,69.6921109433683,15.091157557440635,-47.48453053437816,-33.23586580540666,43.353066879621515,-15.28938516094527,33.495854203236426,,,,,,,,,,,,,,,,,
149.0,98.34,-48.25816924050254,72.11124116834677,-25.46168569454713,70.00485289692043,15.212395313711747,-47.79145301067201,-33.06348534217848,43.07166862821039,-14.96086048498376,33.4646847103887,,,,,,,,,,,,,,,,,
149.5,98.67,-48.306603856480564,72.43766740499919,-25.358280546887144,70.3182334570026,15.334927866083751,-48.097860865677724,-32.888410649871254,42.79193866536492,-14.631292589789172,33.481566726175025,,,,,,,,,,,,,,,,,
150.0,99.0,-48.35601971086636,72.76394653907816,-25.25614182837939,70.63202906274239,15.458637995917016,-48.40379517852386,-32.70610687811138,42.51686533913694,-14.301468813270581,33.47078357065288,,,,,,,,,,,,,,,,,
150.5,99.33,-48.432634116434116,73.08492976739313,-25.155418014957668,70.94628168947729,15.58292271484527,-48.7094965174822,-32.51276160584492,42.249437581242944,-13.9714698697546,33.47161860258998,,,,,,,,,,,,,,,,,
151.0,99.66000000000001,-48.48867656880135,73.41013623032502,-25.056244983987373,71.26102715795645,15.712010397531289,-49.01320092999337,-32.310315863588094,41.988831131894344,-13.64379945076673,33.510760607141535,,,,,,,,,,,,,,,,,
151.5,99.99000000000001,-48.60432306433089,73.71920885621049,-24.958745971548147,71.57629520672349,15.840085134666339,-49.317333897143904,-32.10302174532566,41.732064411827665,-13.314055558810928,33.52375928853006,,,,,,,,,,,,,,,,,
152.0,100.32000000000001,-48.765229665243666,74.00732179549419,-24.863031512126014,71.89210961782204,15.972715652957508,-49.619507929148334,-31.892477653443382,41.47795580242321,-12.984216434883297,33.5340623136515,,,,,,,,,,,,,,,,,
152.5,100.65,-48.91715097016752,74.30027216178554,-24.769199363734895,72.20848839070086,16.106401256260096,-49.92121666198453,-31.68168050059354,41.22405708176791,-12.65455685845085,33.51907686516377,,,,,,,,,,,,,,,,,
153.0,100.98,-49.05001825983427,74.60234215919776,-24.677334421471492,72.52544395916897,16.242438939398063,-50.22187219372552,-31.470914994286353,40.97013209018363,-12.327045830479324,33.4786228597127,,,,,,,,,,,,,,,,,
153.5,101.31,-49.24032045433738,74.87194385571931,-24.58750862243866,72.84298344620659,16.38126441133068,-50.52125069720011,-31.263140247261703,40.71375413774068,-12.006251702306328,33.40122048681802,,,,,,,,,,,,,,,,,
154.0,101.64,-49.455824749502604,75.1218596390651,-24.499780844856886,73.161108951378,16.521722495839512,-50.81986671568557,-31.061548141790592,40.45248679762385,-11.697338588245486,33.285148578238754,,,,,,,,,,,,,,,,,
154.5,101.97,-49.66924978240882,75.37355341198962,-24.414196804027043,73.4798178655226,16.662371732669072,-51.1183927483515,-30.868509671284034,40.184837495542766,-11.414803021985243,33.1146385967186,,,,,,,,,,,,,,,,,
