step,Walked_distance,Compass_X,Compass_Y,Gyro_X,Gyro_Y,Compass_LSTM_X,Compass_LSTM_Y,Gyro_LSTM_X,Gyro_LSTM_Y,GT_X,GT_Y,Gyro_Error_X,Gyro_Error_Y,Gyro_Distance_Error,Compass_Error_X,Compass_Error_Y,Compass_Distance_Error,Gyro_LSTM_Error_X,Gyro_LSTM_Error_Y,Gyro_LSTM_Distance_Error,Compass_LSTM_Error_X,Compass_LSTM_Error_Y,Compass_LSTM_Distance_Error
0.0,0.0,0.0,0.0,0.0,0.0,0.0,0.0,0.0,0.0,0.0,0.0,0.0,0.0,0.0,0.0,0.0,0.0,0.0,0.0,0.0,0.0,0.0,0.0
0.5,0.33,0.034775292778019135,0.3281625801522822,0.00839958811115055,0.3298930840735571,0.0,0.33,0.0,0.33,2.245352237019688,8.690167133463547,2.236952648908537,8.36027404938999,8.65437111143049,2.210576944241669,8.362004553311264,8.649264163847185,2.245352237019688,8.360167133463547,8.656442754834888,2.245352237019688,8.360167133463547,8.656442754834888
1.0,0.66,0.022278481326306596,0.6579258735970506,0.02392094199814116,0.6595278631450543,0.0,0.66,0.0,0.66,-7.496797759318724,11.472194356261753,7.5207187013168655,10.812666493116698,13.170989578452554,7.519076240645031,10.814268482664701,13.171367063740487,7.496797759318724,10.812194356261752,13.15695722580661,7.496797759318724,10.812194356261752,13.15695722580661
1.5,0.99,0.010705813623705712,0.9877228920223924,0.045388740732896844,0.9888288403945669,0.0,0.99,0.0,0.99,-2.7988005611114204,28.234244519029744,2.844189301844317,27.245415678635176,27.39346798575064,2.8095063747351263,27.24652162700735,27.390988789027983,2.7988005611114204,27.244244519029746,27.387627571470297,2.7988005611114204,27.244244519029746,27.387627571470297
2.0,1.32,-0.03196596273426157,1.314952352038534,0.07173204678734753,1.3177756905483897,0.0,1.32,0.0,1.32,-5.597086388501339,29.67681857047137,5.668818435288686,28.359042879922978,28.92007634010635,5.565120425767077,28.361866218432834,28.902699194808285,5.597086388501339,28.35681857047137,28.90391903322068,5.597086388501339,28.35681857047137,28.90391903322068
2.5,1.6500000000000001,-0.12146924540984712,1.6325828958945905,0.10198498797525361,1.6463860366263565,0.0,1.6500000000000001,0.0,1.6500000000000001,-4.319051508675329,39.29435267299414,4.421036496650583,37.647966636367784,37.906661097461196,4.197582263265482,37.66176977709954,37.89496799840487,4.319051508675329,37.64435267299414,37.89131159122565,4.319051508675329,37.64435267299414,37.89131159122565
3.0,1.98,-0.21293327665474499,1.9496543878146815,0.13528672217802898,1.9747014253900996,0.0,1.9800000000000002,0.0,1.9800000000000002,-23.14694887364749,46.12930609192699,23.28223559582552,44.15460466653689,49.9168469316491,22.934015596992744,44.17965170411231,49.777612398544996,23.14694887364749,44.149306091926995,49.84919729100874,23.14694887364749,44.149306091926995,49.84919729100874
3.5,2.31,-0.332046721666317,2.257407514878364,0.17088103041229222,2.3027761809281087,0.0,2.31,0.0,2.31,-16.169066079426557,72.71493451099377,16.33994710983885,70.41215833006567,72.28323396369706,15.83701935776024,70.4575269961154,72.2154712824503,16.169066079426557,70.40493451099377,72.23775675765536,16.169066079426557,70.40493451099377,72.23775675765536
4.0,2.64,-0.4966616022379309,2.543417901218429,0.20811577276348275,2.6306688065878516,0.0,2.64,0.0,2.64,,,,,,,,,,,,,,
4.5,2.97,-0.6730504526772366,2.8223210626216306,0.24644235443311063,2.958435603468685,0.0,2.97,0.0,2.97,,,,,,,,,,,,,,
5.0,3.3000000000000003,-0.8027711833621559,3.1257556223385006,0.28541528284173295,3.286126175275773,0.0,3.3000000000000003,0.0,3.3000000000000003,,,,,,,,,,,,,,
5.5,3.6300000000000003,-0.9510248416178194,3.4205790488395387,0.326467615972821,3.613562743093868,0.0,3.6300000000000003,0.0,3.6300000000000003,,,,,,,,,,,,,,
6.0,3.96,-1.1192578072148627,3.7044763353472194,0.3663784081262044,3.9411404112424915,0.0,3.9600000000000004,0.0,3.9600000000000004,,,,,,,,,,,,,,
6.5,4.29,-1.2849376951538867,3.9898711053282274,0.40575545929032186,4.268782667127807,0.0,4.29,0.0,4.29,,,,,,,,,,,,,,
7.0,4.62,-1.4432938762212948,4.279393677708597,0.44632189664698174,4.5962797879704,0.0,4.62,0.0,4.62,,,,,,,,,,,,,,
7.5,4.95,-1.6214186398670594,4.557191389319295,0.4880895297052851,4.9236258813161236,0.0,4.95,0.0,4.95,,,,,,,,,,,,,,
8.0,5.28,-1.7988044480070862,4.835461536964545,0.5293798219690715,5.251032527193649,0.0,5.28,0.0,5.28,,,,,,,,,,,,,,
8.5,5.61,-2.0269952688143897,5.0738497692649025,0.5680272509441289,5.5787616474036446,0.0,5.61,0.0,5.61,,,,,,,,,,,,,,
9.0,5.94,-2.2418465154667846,5.324327197014215,0.6065062696270724,5.906510583513585,0.0,5.94,0.0,5.94,,,,,,,,,,,,,,
9.5,6.2700000000000005,-2.444150439681893,5.585043752390293,0.6438193136050937,6.234394307948169,0.0,6.2700000000000005,0.0,6.2700000000000005,,,,,,,,,,,,,,
10.0,6.6000000000000005,-2.651992365189575,5.841367247219111,0.6772680466087234,6.562694753059734,0.21269860343191707,6.017692045115276,0.3136451201043552,6.372599895880672,,,,,,,,,,,,,,
10.5,6.930000000000001,-2.876271800116342,6.083439003252172,0.7056010942605285,6.8914761978080055,0.5133607466151188,5.881668974805553,0.6393009965354108,6.425968895739402,,,,,,,,,,,,,,
11.0,7.260000000000001,-3.098670684778647,6.327239610513439,0.7296304846420741,7.22060016897676,0.8397149853068788,5.832751586405091,0.9690814839724875,6.438003433776409,,,,,,,,,,,,,,
11.5,7.590000000000001,-3.339412958230893,6.552945520433946,0.7714592120268798,7.547938461214878,1.1696095291846995,5.841093643684002,1.2980825314490345,6.412345866484578,,,,,,,,,,,,,,
12.0,7.92,-3.569457208699061,6.789545695468832,0.8209844652224207,7.874201007787294,1.4942419597003056,5.900370832024293,1.619862956200759,6.339151889638119,,,,,,,,,,,,,,
12.5,8.25,-3.80621564031194,7.019427067180874,0.8683248683028101,8.200787728638259,1.8087026980513525,6.000443026142911,1.9328836243916423,6.234662362481887,,,,,,,,,,,,,,
13.0,8.58,-4.002971236216911,7.284355803787682,0.9014997669610294,8.529115957852587,2.1055232020897776,6.144656716139302,2.247360255999284,6.134640124091059,,,,,,,,,,,,,,
13.5,8.91,-4.204721107707248,7.545501336687697,0.90997929308947,8.859006996889171,2.3821104176861194,6.324655361047153,2.574431121607474,6.0907693038307835,,,,,,,,,,,,,,
14.0,9.24,-4.409430157560675,7.804333724359926,0.8855504276358592,9.188101558577221,2.6364348659277907,6.534938681894455,2.9004069176189553,6.142148097264271,,,,,,,,,,,,,,
14.5,9.57,-4.631843339054894,8.04812128905021,0.8204821553367645,9.511622995177659,2.872344405750246,6.765691122879935,3.185994746966394,6.307494980296937,,,,,,,,,,,,,,
15.0,9.9,-4.825817318266976,8.315093376333937,0.7105617498018211,9.822778108339943,3.092247700145847,7.011745062319973,3.4234294690394247,6.536677773617253,,,,,,,,,,,,,,
15.5,10.23,-5.03234861597101,8.572474073101755,0.5541042231587653,10.113331102399094,3.2947781562639507,7.272285681695518,3.5964157941396633,6.817703984722756,,,,,,,,,,,,,,
16.0,10.56,-5.218229081486075,8.845143199590074,0.35409002506664267,10.37580837867566,3.4789924189344945,7.546083244556746,3.758867195916933,7.104948727164807,,,,,,,,,,,,,,
16.5,10.89,-5.537695525413651,8.927854693375817,0.11466297562542555,10.602908990730919,3.6407952218052544,7.833693837169685,3.9134621283286948,7.396497019686994,,,,,,,,,,,,,,
17.0,11.22,-5.858668427834536,9.004512347341437,-0.15775349626913843,10.789159536610704,3.833404610505409,8.101652086500719,4.067318219800747,7.688435888488227,,,,,,,,,,,,,,
17.5,11.55,-6.179734146680723,9.080780323463667,-0.45502652779694963,10.932438093018371,4.047517350659064,8.352761095705674,4.218123204502328,7.981962474318465,,,,,,,,,,,,,,
18.0,11.88,-6.501393970212544,9.154502490587793,-0.7690628709758458,11.033834222938731,4.2699366955105065,8.596543037276117,4.369386691940964,8.275253042472134,,,,,,,,,,,,,,
18.5,12.21,-6.8228542728527,9.229089847602905,-1.0933945073085884,11.094735698074606,4.4855340719506716,8.84637852569223,4.520393956756878,8.56867561483632,,,,,,,,,,,,,,
19.0,12.540000000000001,-7.1402724179940025,9.319343496476815,-1.422229663143371,11.122438410705579,4.687398454950027,9.107435551792449,4.668799361436975,8.863422685834042,,,,,,,,,,,,,,
19.5,12.870000000000001,-7.445573919374578,9.444607191355924,-1.7522187171129506,11.125126209109837,4.882454441544505,9.373618124651108,4.809757935644222,9.161802779602812,,,,,,,,,,,,,,
20.0,13.200000000000001,-7.732069667530083,9.60837588888026,-2.0820288925430956,11.113934775656658,5.062769851981856,9.649998935777369,4.962314234657033,9.454422969664117,,,,,,,,,,,,,,
20.5,13.530000000000001,-8.013098352910749,9.781358194314125,-2.4117178439364864,11.099610135028477,5.223792464513933,9.938047053725299,5.119620338514408,9.744517419264955,,,,,,,,,,,,,,
21.0,13.860000000000001,-8.306744427511603,9.931930379233881,-2.7416910551302864,11.095405388371198,5.371057208567115,10.233365686999514,5.282392681331057,10.031580416556455,,,,,,,,,,,,,,
21.5,14.190000000000001,-8.582140754682579,10.113745843319686,-3.071020978407728,11.116424466230951,5.504828208408372,10.535036566604209,5.463249806151819,10.307607046434022,,,,,,,,,,,,,,
22.0,14.520000000000001,-8.867305855829281,10.279820721275357,-3.399901806235634,11.1435795962662,5.687753204964293,10.809697167410032,5.695126028963742,10.542412108761212,,,,,,,,,,,,,,
22.5,14.850000000000001,-9.152320550234808,10.446153592268807,-3.728528351956982,11.173656056284871,5.955201248824539,11.003014377806126,5.9877639055606,10.694934478205441,,,,,,,,,,,,,,
23.0,15.180000000000001,-9.456754496697606,10.573511247088163,-4.057285431884201,11.202270430255455,6.281428051972433,11.052774531623271,6.316800427652505,10.720133032323943,,,,,,,,,,,,,,
23.5,15.510000000000002,-9.762892660218766,10.696716055581545,-4.386113916615302,11.230052216185237,6.5990075953272385,10.963090454761472,6.626420325635277,10.605959835937323,,,,,,,,,,,,,,
24.0,15.84,-10.0680334393504,10.82237076067029,-4.715039393442055,11.256661062351377,6.839956378663789,10.737605014414127,6.875470739347042,10.389456045139104,,,,,,,,,,,,,,
24.5,16.17,-10.370244722812584,10.954916376018888,-5.0443372517037535,11.27817665075278,6.946624904079666,10.425320167382443,7.0634879930992795,10.118255911858409,,,,,,,,,,,,,,
25.0,16.5,-10.688267755921899,11.04301490274863,-5.374016849401642,11.292714974650625,6.901071513374357,10.098479397900958,7.214680212284203,9.824928598336571,,,,,,,,,,,,,,
25.5,16.830000000000002,-10.990898912498748,11.174599031992845,-5.703852845954082,11.303117636726187,6.717306227286451,9.82438029241349,7.327810179997359,9.514926000919678,,,,,,,,,,,,,,
26.0,17.16,-11.290929179634183,11.312010235330268,-6.033746092611246,11.311510836949925,6.43141902549478,9.659551569638216,7.411080696955414,9.195604813076562,,,,,,,,,,,,,,
26.5,17.490000000000002,-11.577758951041936,11.475193206973072,-6.363725141130434,11.315229376766977,6.102517903823209,9.63264335224682,7.4681364424767285,8.870574596168954,,,,,,,,,,,,,,
27.0,17.82,-11.86665147212198,11.634695906837422,-6.693720286131662,11.313439327712157,5.772603576469911,9.625124269389113,7.521055623251386,8.544845321607795,,,,,,,,,,,,,,
27.5,18.150000000000002,-12.135637639023592,11.825867144254502,-7.023685911691649,11.308676350827213,5.442708298516198,9.616811292555138,7.551339197054281,8.216237797108242,,,,,,,,,,,,,,
28.0,18.48,-12.404838311038393,12.016736204572773,-7.353626867066109,11.30243407827722,5.113122467843202,9.600283128120104,7.559665791627324,7.886342862586937,,,,,,,,,,,,,,
28.5,18.810000000000002,-12.683277928512258,12.193855879993116,-7.683501368065056,11.293333880988405,4.783628149091253,9.582021312487777,7.528742814588267,7.5577948912173945,,,,,,,,,,,,,,
29.0,19.14,-12.97421759859015,12.349593185655463,-8.011197035404988,11.254403820538455,4.454495936421084,9.55810507150307,7.451715244716059,7.236910560843376,,,,,,,,,,,,,,
29.5,19.470000000000002,-13.247222704545978,12.534979841383556,-8.33722866512665,11.20338052761221,4.1245012636781615,9.559980161178611,7.333985826464427,6.928625329153416,,,,,,,,,,,,,,
30.0,19.8,-13.525605520133613,12.712188780169107,-8.663604509353442,11.154607499151298,3.796714982885353,9.598139748755235,7.178733080930858,6.637426797212939,,,,,,,,,,,,,,
30.5,20.130000000000003,-13.820337810493156,12.86062353694601,-8.991836272962109,11.120491383335677,3.478626538760884,9.686001809478137,6.989457248387631,6.367103547722503,,,,,,,,,,,,,,
31.0,20.46,-14.13203998551909,12.968982911640136,-9.321775894760634,11.114179017103758,3.172295495246472,9.808726264169822,6.773513730168865,6.117567183760651,,,,,,,,,,,,,,
31.5,20.790000000000003,-14.439645502296457,13.088477037220134,-9.65013732340733,11.147023684511122,2.8603663822623986,9.916430620966421,6.520220891946412,5.906042390638866,,,,,,,,,,,,,,
32.0,21.12,-14.756689650576432,13.180035805459042,-9.970183567493105,11.227462491355759,2.5416110870494837,10.001841754747256,6.23511777105987,5.739861132788429,,,,,,,,,,,,,,
32.5,21.45,-15.078494678629594,13.253121535391106,-10.27387668619877,11.356576741734354,2.2171649980572536,10.062130521011346,5.929862772771289,5.614484157151599,,,,,,,,,,,,,,
33.0,21.78,-15.396584138065796,13.340979920281706,-10.550475688953767,11.536557273111892,1.8880419813529081,10.086172980857024,5.611539241568741,5.5274776661136285,,,,,,,,,,,,,,
33.5,22.11,-15.70394460411466,13.46110295683267,-10.788619101461437,11.765003579887034,1.558041987900506,10.086238718324937,5.286328779018829,5.471458427917518,,,,,,,,,,,,,,
34.0,22.44,-15.776705491366368,13.782981588130781,-10.980065241158263,12.03379415932609,1.228230101960861,10.097379629101647,4.9581958232674195,5.436404707004562,,,,,,,,,,,,,,
34.5,22.77,-15.852915020114972,14.1040611853149,-11.12263813861183,12.331406270826438,0.927924006902437,10.23418697273042,4.628953435869747,5.414056321365311,,,,,,,,,,,,,,
35.0,23.1,-15.873980198629338,14.433388163034852,-11.214517255231566,12.648357730720814,0.6789344326816964,10.45076072905693,4.29910300728581,5.404121797572341,,,,,,,,,,,,,,
35.5,23.43,-15.937176976853447,14.757280378474022,-11.254607405434008,12.97591349674661,0.46792375134345526,10.704482017799462,3.96948880433637,5.420074139532237,,,,,,,,,,,,,,
36.0,23.76,-15.905158441896319,15.08572339243413,-11.249455126803165,13.305873273120808,0.271016301719127,10.969297909094609,3.64224873767008,5.462664499571124,,,,,,,,,,,,,,
36.5,24.09,-15.919776555985585,15.41539946184238,-11.209692546889844,13.63346896484864,0.06454024902789579,11.226722926653213,3.318533447640361,5.5267613871786745,,,,,,,,,,,,,,
37.0,24.42,-15.94727476612161,15.744251781948709,-11.143544358752132,13.956771326742423,-0.17652337945926352,11.452085583321537,2.9987212825630336,5.608125870023169,,,,,,,,,,,,,,
37.5,24.75,-15.99765632826692,16.070383194412763,-11.0589407370025,14.275741900913216,-0.4680397890435377,11.606740628318763,2.686160063950474,5.713981831685381,,,,,,,,,,,,,,
38.0,25.080000000000002,-16.0521235719616,16.395857186252822,-10.969745531372281,14.59345909480203,-0.7662781284434806,11.747998877323784,2.3844202937569845,5.847597366274666,,,,,,,,,,,,,,
38.5,25.41,-16.196311681652972,16.69269011741719,-10.891583316799675,14.914068932787558,-1.0797677305944706,11.851072973697287,2.0958916230189364,6.007757305592009,,,,,,,,,,,,,,
39.0,25.740000000000002,-16.385626581222855,16.962986008619488,-10.839181627875515,15.239881859170007,-1.3883867541786512,11.967924581653476,1.8201450423670618,6.189041125219684,,,,,,,,,,,,,,
39.5,26.07,-16.53803121051812,17.25568522107038,-10.784502027307083,15.565320242403573,-1.6989307437503445,12.07955983836432,1.5238291390750445,6.3342887945856186,,,,,,,,,,,,,,
40.0,26.400000000000002,-16.656340219236785,17.563748491286105,-10.730716635113163,15.890907606388335,-2.028234314220658,12.100987821832286,1.1938366522211383,6.3365155904843435,,,,,,,,,,,,,,
40.5,26.73,-16.819401126809556,17.85064767291886,-10.67846276052619,16.216744271898293,-2.341181957011796,11.99627978550522,0.9263108384674716,6.143306017803696,,,,,,,,,,,,,,
41.0,27.060000000000002,-16.97675751679155,18.140714848814092,-10.626811197855544,16.542676958313265,-2.5999914422321404,11.791541781314546,0.8055407663293688,5.83619921280622,,,,,,,,,,,,,,
41.5,27.39,-17.12238653900086,18.43684351660963,-10.5740738722308,16.868435725633425,-2.8167440468412743,11.54270788411572,0.8687911926724524,5.512317469622975,,,,,,,,,,,,,,
42.0,27.720000000000002,-17.29354970748943,18.71898385359276,-10.519349121118552,17.193866519529305,-3.075392494214319,11.33776647621699,1.09139894267197,5.268707556770168,,,,,,,,,,,,,,
42.5,28.05,-17.452997949563176,19.007906435090973,-10.463860778496974,17.51916798560825,-3.3582022402773055,11.167711639379606,1.3993578028692986,5.15012703380808,,,,,,,,,,,,,,
43.0,28.380000000000003,-17.568995811176066,19.316847361646904,-10.405906152031264,17.84403913125098,-3.653638690720609,11.020683398046652,1.7283151647440247,5.176338750051404,,,,,,,,,,,,,,
43.5,28.71,-17.692294225351482,19.622947837082386,-10.34655565561977,18.168658167315886,-3.9502407259993344,10.876020919606256,2.043398582515205,5.274432785780556,,,,,,,,,,,,,,
44.0,29.040000000000003,-17.756495516035322,19.946642437399614,-10.290372595948389,18.49384036825247,-4.2376682742372775,10.713893178260351,2.3533572143744874,5.38768315679947,,,,,,,,,,,,,,
44.5,29.37,-17.91393396490669,20.236665082751625,-10.240390598616953,18.82003325588609,-4.513567655757387,10.532841994124977,2.6748603551614716,5.462085646435938,,,,,,,,,,,,,,
45.0,29.700000000000003,-18.052306512904046,20.53625319660249,-10.196326051715634,19.1470780780533,-4.765965597055423,10.320250180480818,3.0041970015865873,5.4829991186837095,,,,,,,,,,,,,,
45.5,30.03,-18.20327708609516,20.829694649076995,-10.158115947598446,19.47485847396397,-4.987911233938365,10.076036883814512,3.3341909743431337,5.484993597149828,,,,,,,,,,,,,,
46.0,30.360000000000003,-18.370289738015007,21.114311539121665,-10.127073275818438,19.803395157652044,-5.158152819314216,9.79333951451526,3.6641730217749613,5.481551450624894,,,,,,,,,,,,,,
46.5,30.69,-18.508857709056787,21.413809314407835,-10.10213776466421,20.132451718570493,-5.172134367218744,9.46363583495103,3.993767755007351,5.465201777066385,,,,,,,,,,,,,,
47.0,31.020000000000003,-18.650061780813626,21.712073308411956,-10.079807854650094,20.461695359539853,-4.975061152541853,9.198943281113722,4.3234949415694635,5.45178602357157,,,,,,,,,,,,,,
47.5,31.35,-18.741223506659395,22.0292318487996,-10.05806098702594,20.790978024963554,-4.666028897514992,9.083188949216325,4.65264410854431,5.475467786169917,,,,,,,,,,,,,,
48.0,31.68,-18.815673959722204,22.350723886086286,-10.037685812341314,21.120348412607267,-4.337242713734035,9.054910947965263,4.977381064651754,5.534169654437225,,,,,,,,,,,,,,
48.5,32.01,-18.92766689555855,22.661139063425853,-10.018061559313127,21.449764393842372,-4.0101915677641715,9.098928534448383,5.295042398696657,5.623563596361789,,,,,,,,,,,,,,
49.0,32.34,-19.04497289815276,22.969585658082636,-9.996562681831339,21.779063343532503,-3.696266393960147,9.20066832632999,5.586180129252663,5.778930329759572,,,,,,,,,,,,,,
49.5,32.67,-19.180805916261267,23.270333710763836,-9.97342672784945,22.10825132574532,-3.4048127466563396,9.355441616898188,5.816291566436842,6.015465161184105,,,,,,,,,,,,,,
50.0,33.0,-19.222704673351597,23.597663046684534,-9.950410037869988,22.437447668347104,-3.136311302434989,9.547293055389144,5.971147272279761,6.306875027811663,,,,,,,,,,,,,,
50.5,33.33,-19.259456223375796,23.925610182014026,-9.924196878196554,22.766404915204404,-2.8920197032741766,9.769152503192146,6.1133075357595485,6.604684462664485,,,,,,,,,,,,,,
51.0,33.660000000000004,-19.343058174903092,24.244844756740555,-9.890433895961484,23.094673191208337,-2.6651318256935563,10.008781155500174,6.252632746620823,6.903830723912159,,,,,,,,,,,,,,
51.5,33.99,-19.38356447675262,24.572349320846882,-9.847736896980468,23.42189936112452,-2.455759657980026,10.263856233441821,6.378353720760271,7.208944205524212,,,,,,,,,,,,,,
52.0,34.32,-19.48174613558088,24.88740544579882,-9.797480167236875,23.748050033537563,-2.2655106171909263,10.533495441419495,6.491341582776647,7.5189986250008065,,,,,,,,,,,,,,
52.5,34.65,-19.550366570854308,25.210192118173758,-9.740671387038805,24.07312350599019,-2.0920894254368165,10.81425350497348,6.594285805766284,7.832530899181727,,,,,,,,,,,,,,
53.0,34.980000000000004,-19.61166236079951,25.53444946371121,-9.676224304872346,24.39676925924555,-1.9321666294689703,11.102913684648176,6.687520259807486,8.149086323364664,,,,,,,,,,,,,,
53.5,35.31,-19.670252462831712,25.85920660365405,-9.606466531671808,24.71931205187639,-1.7899098117733616,11.400677009822916,6.773370870951139,8.467723534886265,,,,,,,,,,,,,,
54.0,35.64,-19.760858621033687,26.17652430580109,-9.53878865420629,25.042297662858925,-1.6274320953995114,11.687906868441303,6.85712537906374,8.7869181187545,,,,,,,,,,,,,,
54.5,35.97,-19.926036559022553,26.46220988261894,-9.475310446498272,25.366134839764506,-1.419169762218751,11.943888900189833,6.944540968423521,9.105129549625364,,,,,,,,,,,,,,
55.0,36.300000000000004,-20.131370816065456,26.720546567750258,-9.417467645237926,25.691025914345442,-1.1220510170080569,12.087487128745838,7.037931004413344,9.421639109003623,,,,,,,,,,,,,,
55.5,36.63,-20.390580020901034,26.924778269815604,-9.364986637551691,26.01682607369506,-0.7920969089557447,12.081983804350246,7.139832377596676,9.735511870076245,,,,,,,,,,,,,,
56.0,36.96,-20.63378046466595,27.14783329475911,-9.29448965364104,26.339208106785463,-0.4959728155330223,11.936345480772381,7.2458472100925855,10.048019238454758,,,,,,,,,,,,,,
56.5,37.29,-20.846286407363525,27.400303539180538,-9.219492708442715,26.66057309898424,-0.18405368571356573,11.828612215470187,7.370872169193145,10.353418582923444,,,,,,,,,,,,,,
57.0,37.620000000000005,-21.034189607518947,27.67158270788199,-9.151217468241226,26.98343296266418,0.1366909975459366,11.75100520444179,7.521622578258205,10.646973201634712,,,,,,,,,,,,,,
57.5,37.95,-21.240884557044758,27.928831999116234,-9.102675418078823,27.30984324033023,0.46350341919517285,11.705248881864886,7.693724523648674,10.928541879567495,,,,,,,,,,,,,,
58.0,38.28,-21.451502535147718,28.182879371273124,-9.086637092208132,27.639453270674068,0.7932128697657819,11.691404092071352,7.882688399423962,11.199083287954421,,,,,,,,,,,,,,
58.5,38.61,-21.693755918838594,28.406962610473027,-9.112509205081922,27.968437516156197,1.122962867790534,11.704246942326494,8.185484142780604,11.33028823376478,,,,,,,,,,,,,,
59.0,38.940000000000005,-21.897001217099177,28.66694597289256,-9.18461226165503,28.290464144298678,1.4499510962627993,11.748729505658316,8.515180750678907,11.316140911037378,,,,,,,,,,,,,,
59.5,39.27,-22.087447229726003,28.93644609585087,-9.321786666486283,28.59060275004474,1.7685740709388713,11.834632939865402,8.833661059478715,11.22971005481821,,,,,,,,,,,,,,
60.0,39.6,-22.288473728346087,29.198148879276168,-9.524274147838902,28.851176770038048,2.0708326191730255,11.967070736658393,9.151049710093268,11.139352739336436,,,,,,,,,,,,,,
60.5,39.93,-22.483458317417647,29.464383756827168,-9.773506696615524,29.067470867577278,2.3596912053375765,12.12663488425746,9.462653679220766,11.030711281209305,,,,,,,,,,,,,,
61.0,40.260000000000005,-22.76256527807113,29.64044995038736,-10.052194067557645,29.24420046124333,2.634087992697761,12.309955377073756,9.755570301673764,10.878724925602203,,,,,,,,,,,,,,
61.5,40.59,-23.049960029639205,29.802635821446227,-10.34842946511303,29.389612253183333,2.951936746486252,12.398680625538347,10.000181354632277,10.657217741135135,,,,,,,,,,,,,,
62.0,40.92,-23.34651867489307,29.94738722878029,-10.653470325968101,29.515509327052417,3.281808378991119,12.38947703555543,10.17029011520023,10.374440426666602,,,,,,,,,,,,,,
62.5,41.25,-23.656075800810925,30.061730509271438,-10.959822877578677,29.63818008200929,3.5929843102538053,12.27961557824305,10.258639505863334,10.056486994275225,,,,,,,,,,,,,,
63.0,41.580000000000005,-23.957485002989515,30.19609007477411,-11.261855213892314,29.77113296020651,3.858416845035897,12.08354016040809,10.299834658669523,9.729068364100835,,,,,,,,,,,,,,
63.5,41.910000000000004,-24.26013060320761,30.327640980010933,-11.554596328700994,29.92345708731897,4.058899363315307,11.821420417038107,10.340491053786893,9.401582398697643,,,,,,,,,,,,,,
64.0,42.24,-24.567155311291796,30.44861960880884,-11.83108390362851,30.1036087481792,4.216481608289215,11.531475877394776,10.381983530842705,9.074201314412413,,,,,,,,,,,,,,
64.5,42.57,-24.818188003877825,30.6628218199389,-12.079303705364488,30.321064329910627,4.396473697439342,11.25488439552418,10.398342815908627,8.744607058103036,,,,,,,,,,,,,,
65.0,42.9,-24.993262260457236,30.942552055493028,-12.283683347829127,30.580156903609733,4.60956411898481,11.002907269090896,10.37911425469263,8.415167742851255,,,,,,,,,,,,,,
65.5,43.230000000000004,-25.138760042181623,31.238745228124138,-12.427516637080764,30.87716192865654,4.854571257942251,10.78183827112897,10.281749002682243,8.099858358752154,,,,,,,,,,,,,,
66.0,43.56,-25.26588998329891,31.54327433686666,-12.492349145982953,31.200730693820066,5.111740219229383,10.575043383981107,10.117082096073258,7.81387792258942,,,,,,,,,,,,,,
66.5,43.89,-25.39075243945729,31.848740156627393,-12.501560521723235,31.530602109006303,5.155853046588733,10.248005070533946,9.898957341424337,7.566245954925008,,,,,,,,,,,,,,
67.0,44.22,-25.485495457916038,32.164847354352034,-12.462225458605275,31.858249408414533,4.980467811502412,9.968469707272487,9.65110870371629,7.348367427331614,,,,,,,,,,,,,,
67.5,44.550000000000004,-25.61965303949358,32.46634651406109,-12.387188694915674,32.17960510557111,4.676771478446416,9.839363017715588,9.38892906653439,7.147963241129909,,,,,,,,,,,,,,
68.0,44.88,-25.743679068064118,32.77215289763903,-12.28830480921299,32.49444153476624,4.346782148714013,9.836709291512838,9.109341776331767,6.97266079631765,,,,,,,,,,,,,,
68.5,45.21,-25.865405289411598,33.078881975224554,-12.177322165779298,32.80521935388541,4.022489693794021,9.897819058996973,8.810284390231885,6.833144919733278,,,,,,,,,,,,,,
69.0,45.54,-25.925700101320952,33.4033269407531,-12.069642248410199,33.11715690435888,3.6991417970843954,9.963744302215801,8.498300159967252,6.725600324024406,,,,,,,,,,,,,,
69.5,45.870000000000005,-26.06207145324582,33.703831274123154,-11.983100384241467,33.43560706646623,3.3697751568802663,9.943308639255092,8.183901138010233,6.6253344026329914,,,,,,,,,,,,,,
70.0,46.2,-26.079144860089443,34.03338930964763,-11.910428851622335,33.75750588340532,3.086899990104915,9.7733626477701,7.864962181114167,6.540611667938879,,,,,,,,,,,,,,
70.5,46.53,-26.061115234476244,34.36289641518596,-11.840594204007528,34.08003204047249,3.194824626295561,9.461509680968248,7.540011855805533,6.4831026592375185,,,,,,,,,,,,,,
71.0,46.86,-26.043596704181347,34.69243108877328,-11.771662711359594,34.402752429232365,3.5136391671284493,9.546699401906366,7.346628838695613,6.215702194216486,,,,,,,,,,,,,,
71.5,47.190000000000005,-26.04753616779391,35.02240757373311,-11.704246443227495,34.72579274682622,3.679015930008257,9.832269929621317,7.594561825532795,5.997919655802604,,,,,,,,,,,,,,
72.0,47.52,-26.06888125847696,35.351716527610364,-11.637324331486473,35.04893579713076,3.7010087636400995,10.161536258402203,7.924126640027795,5.980977606136888,,,,,,,,,,,,,,
72.5,47.85,-26.07342686838821,35.68168521920175,-11.56972510193801,35.37193787787399,3.701811049329584,10.49153528315481,8.253852132232748,5.994434938346582,,,,,,,,,,,,,,
73.0,48.18,-26.07194690151336,36.011681900545746,-11.50256960871493,35.695032507556945,3.705694606397842,10.821512430824914,8.582442206302721,6.024907273713091,,,,,,,,,,,,,,
73.5,48.510000000000005,-26.079547328539498,36.341594363949326,-11.438339043992288,36.018721300312286,3.719847526597462,11.151208798487378,8.908923751542046,6.072967658835799,,,,,,,,,,,,,,
74.0,48.84,-26.078359486649386,36.67159222611156,-11.375699148555581,36.34272167608318,3.7509646198946216,11.47973844175376,9.238883702771377,6.078108727279055,,,,,,,,,,,,,,
74.5,49.17,-26.065013851203858,37.0013222581295,-11.284159875348704,36.65977145365881,3.7982551549327033,11.806332387343405,9.563791630866712,6.0203606687766555,,,,,,,,,,,,,,
75.0,49.5,-26.033435840646067,37.32980791877424,-11.182213740614747,36.97362967899759,3.854777631142277,12.131455763437986,9.885964519035603,5.94891397445904,,,,,,,,,,,,,,
75.5,49.830000000000005,-25.99236285334734,37.65724189641609,-11.083754393273358,37.28859913294687,3.9163124473021527,12.45566783354052,10.20388154885195,5.860433682005002,,,,,,,,,,,,,,
76.0,50.160000000000004,-25.958486983008026,37.98549854205903,-10.997780080247622,37.60720298964003,3.98686702267594,12.778037267410769,10.533276543163105,5.8804071074186295,,,,,,,,,,,,,,
76.5,50.49,-25.936023208375666,38.314733076744055,-10.934286960173582,37.93103724308346,4.066986872907412,13.09816350750815,10.817836047191912,6.047517516031854,,,,,,,,,,,,,,
77.0,50.82,-25.90582504739322,38.64334846146193,-10.905809019044067,38.25980616933566,4.1419831645984955,13.419528652215204,10.997440559529373,6.324360827578337,,,,,,,,,,,,,,
77.5,51.150000000000006,-25.8628782732078,38.97054194334546,-10.920543956059152,38.589477037977645,4.188429874540566,13.74624367044295,11.161192568462186,6.610866114738047,,,,,,,,,,,,,,
78.0,51.480000000000004,-25.807961019724786,39.29594030730859,-10.981986942089693,38.91370652378615,4.38016738629814,14.014826481853165,11.311391975574688,6.904703039073728,,,,,,,,,,,,,,
78.5,51.81,-25.719057641297304,39.61373928355644,-11.092851218698478,39.22452658776532,4.710079057145072,14.02246123391107,11.442025206806868,7.207745872511247,,,,,,,,,,,,,,
79.0,52.14,-25.649818347760842,39.936393774042116,-11.254367655252569,39.51229809560247,4.948381665115448,13.794180995969812,11.555892566952094,7.517478376930072,,,,,,,,,,,,,,
79.5,52.470000000000006,-25.96952235813741,40.01818219467204,-11.461616935329783,39.76910100817839,5.043517654827435,13.478191845109343,11.667811075841435,7.827920396263774,,,,,,,,,,,,,,
80.0,52.800000000000004,-26.289477604773992,40.09898219559855,-11.707322893052593,39.989393046934936,5.244930962878576,13.216786643669325,11.778683052126645,8.138737713790665,,,,,,,,,,,,,,
80.5,53.13,-26.614957393629144,40.15341478736861,-11.983644255390791,40.16979954547521,5.563216451299388,13.12964108806994,11.888363603855952,8.449977455103298,,,,,,,,,,,,,,
81.0,53.46,-26.94411775758402,40.1769404074687,-12.283036124607635,40.30859619041608,5.874938701195892,13.237942698951134,11.995604914515683,8.762066066378978,,,,,,,,,,,,,,
81.5,53.79,-27.27253207461731,40.20925195908044,-12.597446982309105,40.40882499146362,6.116511457970763,13.462759520350666,12.098823558239081,9.075508105020736,,,,,,,,,,,,,,
82.0,54.120000000000005,-27.596405933659163,40.27254274379146,-12.92041019020969,40.47660969727963,6.390675330293731,13.646428165232898,12.204546784041682,9.388114246236631,,,,,,,,,,,,,,
82.5,54.45,-27.922132288640196,40.32547989209744,-13.247545269154001,40.51999909833679,6.684461312076861,13.796727190205525,12.309192373543015,9.701082775961137,,,,,,,,,,,,,,
83.0,54.78,-28.24227039032124,40.40555233337442,-13.57621209484823,40.549632148940454,6.985429102469608,13.932072633963738,12.413693831873479,10.014099461150291,,,,,,,,,,,,,,
83.5,55.11,-28.55728784934636,40.50385798178466,-13.904966825054315,40.57827350657456,7.281893678386044,14.077016606679706,12.516504270149522,10.327675630177033,,,,,,,,,,,,,,
84.0,55.440000000000005,-28.858718363934337,40.63816972689739,-14.231683208413004,40.624710612912246,7.566333348565182,14.244330903822489,12.620560754634198,10.64084051971079,,,,,,,,,,,,,,
84.5,55.77,-29.164238766755357,40.76289856662615,-14.552139927563786,40.70349824614943,7.830637311314703,14.441924970724559,12.702967888385386,10.960385609341213,,,,,,,,,,,,,,
85.0,56.1,-29.453563914945544,40.92161516507989,-14.87239361322791,40.78310714526595,8.066309025453355,14.672920302181604,12.746941190073082,11.287442712518445,,,,,,,,,,,,,,
85.5,56.43,-29.745272845015236,41.0759067724913,-15.192122226277268,40.86479933582009,8.270751431465822,14.931963353861887,12.822532156037868,11.608668498943679,,,,,,,,,,,,,,
86.0,56.760000000000005,-30.034162387328315,41.23541486740231,-15.511792145486446,40.94672090045845,8.474210318685289,15.19177959894948,12.997356199525267,11.888555179260402,,,,,,,,,,,,,,
86.5,57.09,-30.331050862034342,41.37948857626944,-15.832135800108558,41.02596699148727,8.757941238475567,15.360292996502798,13.273157624339724,12.069755549211227,,,,,,,,,,,,,,
87.0,57.42,-30.629355679931713,41.52060638386017,-16.15347612007421,41.101069579754075,9.087083694427301,15.336518142348453,13.601933098314873,12.098157797580246,,,,,,,,,,,,,,
87.5,57.75,-30.92647498606921,41.66420345179811,-16.475221800032603,41.17441613678377,9.345996471614336,15.131910777355653,13.902594390201518,11.962132845600642,,,,,,,,,,,,,,
88.0,58.080000000000005,-31.230330925039627,41.79293405558915,-16.797465223692807,41.24554402096254,9.451952315974344,14.819383404080995,14.125666839165428,11.718948383693135,,,,,,,,,,,,,,
88.5,58.410000000000004,-31.54180465111432,41.90194835724332,-17.120453836686778,41.31320757005828,9.383882352517203,14.496480198654131,14.256045268252848,11.41579583920654,,,,,,,,,,,,,,
89.0,58.74,-31.866220228359857,41.9624010928344,-17.443990930732866,41.378197944547225,9.166957170704631,14.247796734194624,14.316202866469974,11.091325403917365,,,,,,,,,,,,,,
89.5,59.07,-32.19294837353032,42.00875537153086,-17.76764621761477,41.44259713144731,8.863223200967958,14.11877861287827,14.324598076660317,10.76143220840424,,,,,,,,,,,,,,
90.0,59.400000000000006,-32.518611253239364,42.06208162003581,-18.09120878697721,41.50746055494297,8.567823096304672,13.971677361473263,14.2979494017287,10.43250995600348,,,,,,,,,,,,,,
90.5,59.730000000000004,-32.84222195428964,42.12670448105067,-18.414942562981434,41.5714640101157,8.276800514088709,13.816095046795942,14.24894414566408,10.106168899931706,,,,,,,,,,,,,,
91.0,60.06,-33.16967625785281,42.16761510409609,-18.738803807535554,41.634819311992146,7.991224255515441,13.650728180286071,14.1948437354074,9.780633731923611,,,,,,,,,,,,,,
91.5,60.39,-33.49843492374592,42.196211250692826,-19.062411293927227,41.69945826890872,7.709304502222595,13.479201935345827,14.138285261584288,9.45551661604258,,,,,,,,,,,,,,
92.0,60.720000000000006,-33.82574697389798,42.23824483042682,-19.385734811675512,41.76550297248799,7.4274800813295,13.307519100477949,14.084314031519858,9.129960006026238,,,,,,,,,,,,,,
92.5,61.050000000000004,-34.15034636493637,42.297702675472756,-19.709048675923363,41.83159491742172,7.138534944531402,13.14811173577754,14.03022220411265,8.804423411758021,,,,,,,,,,,,,,
93.0,61.38,-34.47868880226332,42.330736655708215,-20.031943386880425,41.899705163610925,6.843647783346345,12.999984890917407,13.96708460304746,8.480519655478886,,,,,,,,,,,,,,
93.5,61.71,-34.80511184280685,42.379192807044426,-20.354136050861378,41.971062624866605,6.542707393068798,12.864578533978017,13.872959860015682,8.164227808051226,,,,,,,,,,,,,,
94.0,62.040000000000006,-35.131857843340626,42.42542105744594,-20.675395524522123,42.04651029271141,6.234142768591063,12.747583352363925,13.74506738575658,7.860018151682654,,,,,,,,,,,,,,
94.5,62.370000000000005,-35.453161330741786,42.50068106663976,-20.996501130598652,42.12261015963787,5.9179666929075925,12.65307044760801,13.57001191398418,7.580276160193098,,,,,,,,,,,,,,
95.0,62.7,-35.7828089886401,42.51592644765032,-21.317414356876757,42.199517254237634,5.597086711945732,12.576024761045323,13.348624425297857,7.335556770170233,,,,,,,,,,,,,,
95.5,63.03,-36.10250154751732,42.59775961817752,-21.637963710606076,42.27792715044797,5.273475941812882,12.511402245974923,13.085405317003584,7.136519836339428,,,,,,,,,,,,,,
96.0,63.36,-36.427711951489776,42.653779196434336,-21.95853230373674,42.35625835175516,4.946537642996282,12.466554182840518,12.792629718798947,6.984261998787737,,,,,,,,,,,,,,
96.5,63.690000000000005,-36.735679661953604,42.77233673230477,-22.279459367211196,42.4331076844111,4.617173792335275,12.44607360966119,12.481316344393663,6.874790619348198,,,,,,,,,,,,,,
97.0,64.02,-37.06277150482664,42.81605087562154,-22.600429664337195,42.50977624617436,4.287197751536686,12.44209711637082,12.158802841660618,6.804897554206782,,,,,,,,,,,,,,
97.5,64.35000000000001,-37.378930841503276,42.91061975968069,-22.92120109216492,42.58727264021539,3.957345297936235,12.451964175393755,11.830559229385933,6.770895627778036,,,,,,,,,,,,,,
98.0,64.68,-37.70160968891856,42.97974545266632,-23.241853336971534,42.665260702766524,3.6292974366083106,12.487805501794641,11.500572462985613,6.767940293505901,,,,,,,,,,,,,,
98.5,65.01,-38.02502891987023,43.04531984592032,-23.562366926837772,42.743816661872486,3.30515759298792,12.54971965024028,11.171792364223842,6.796288955876475,,,,,,,,,,,,,,
99.0,65.34,-38.34800182051583,43.11305835379115,-23.882355223700642,42.824485676189006,2.9861437840476763,12.634160100887097,10.846187446943715,6.849967981976072,,,,,,,,,,,,,,
99.5,65.67,-38.66292862264417,43.21165403980843,-24.20135824000133,42.908966890616014,2.6693886865788783,12.726713913491075,10.523874532560683,6.9207803059170105,,,,,,,,,,,,,,
100.0,66.0,-38.968182660202636,43.337033354506886,-24.519125380806987,42.99798399135626,2.356887339489181,12.832746493706425,10.2037420656332,7.000875272169108,,,,,,,,,,,,,,
100.5,66.33,-39.26880503038447,43.473144303905734,-24.836427264141705,43.0886455313401,2.049843229370313,12.953675871614825,9.883785530870147,7.081670172146889,,,,,,,,,,,,,,
101.0,66.66,-39.546753173955,43.65103424034312,-25.153006336836572,43.18179965487555,1.7452983522904173,13.080768034411715,9.562303892405941,7.156165515158175,,,,,,,,,,,,,,
101.5,66.99000000000001,-39.78308538625495,43.88135376932278,-25.46857127880866,43.27833341787147,1.4426372071734272,13.212283171321777,9.23861310441018,7.220386024083932,,,,,,,,,,,,,,
102.0,67.32000000000001,-40.03868451164932,44.09008586339945,-25.78319785395826,43.37788299451363,1.1453774714643306,13.355589310499965,8.912697096419771,7.272142721579008,,,,,,,,,,,,,,
102.5,67.65,-40.283881448354585,44.31094432991219,-26.097800301082046,43.47750879570852,0.8549819768501151,13.512338973044308,8.584005142178723,7.301495731939111,,,,,,,,,,,,,,
103.0,67.98,-40.527878369111775,44.53312781863494,-26.412160507962618,43.577896346380925,0.5698657126018555,13.678497679891457,8.25402653100729,7.2977385828375,,,,,,,,,,,,,,
103.5,68.31,-40.756183664943485,44.77140642005604,-26.726399596065143,43.678662389810704,0.2906058963866878,13.854321327468996,7.926533781356673,7.257136871958789,,,,,,,,,,,,,,
104.0,68.64,-40.992506631434566,45.001735435833154,-27.040824494691833,43.77884713477517,0.020965649752154147,14.044568896165334,7.609471309021627,7.165641578982655,,,,,,,,,,,,,,
104.5,68.97,-41.225347213372345,45.23558424041183,-27.355963793882925,43.87676149585335,-0.2379400980414768,14.249185155928386,7.311886529529845,7.02301164168046,,,,,,,,,,,,,,
105.0,69.3,-41.47648130423594,45.4496675615887,-27.670895788799456,43.97534059393146,-0.4901375610330672,14.462014758335112,7.045488748569744,6.828249678506092,,,,,,,,,,,,,,
105.5,69.63000000000001,-41.70537291369935,45.687383003067055,-27.984876560103324,44.076908675785106,-0.7457371706267308,14.670746259492859,6.8151697435458685,6.591916955581796,,,,,,,,,,,,,,
106.0,69.96000000000001,-41.9488703754043,45.91011375115372,-28.298113647248915,44.18074762433788,-1.000580552642327,14.880400380947346,6.62975072077151,6.318933831573366,,,,,,,,,,,,,,
106.5,70.29,-42.157903712590766,46.165466573626254,-28.610984217765182,44.28568573040439,-1.2559583309386764,15.08940322866101,6.494299483984812,6.018013638743184,,,,,,,,,,,,,,
107.0,70.62,-42.41727078358479,46.36949775380218,-28.925178524564682,44.386591317835325,-1.5184253135929018,15.289430934282972,6.404723120513154,5.700403696979402,,,,,,,,,,,,,,
107.5,70.95,-42.67390972238081,46.57695004974911,-29.23844501433884,44.490341529327054,-1.79536404589737,15.468888278935104,6.343094468392318,5.376209450827856,,,,,,,,,,,,,,
108.0,71.28,-42.928436113524604,46.786988894278686,-29.548175167701036,44.60421528441676,-2.080990056580844,15.634169197437647,6.272044309091772,5.053948881003735,,,,,,,,,,,,,,
108.5,71.61,-43.16469917402997,47.01737935901332,-29.850340537596477,44.73686553596553,-2.3751940586074727,15.78364831033144,6.145443403347242,4.749199458256678,,,,,,,,,,,,,,
109.0,71.94,-43.40782084634494,47.24052023929027,-30.140321738680363,44.89438030675845,-2.678008615112248,15.914809830484327,5.950667038415342,4.482812206940262,,,,,,,,,,,,,,
109.5,72.27000000000001,-43.64289193674122,47.47212676437085,-30.412865321323736,45.080444799770724,-2.9879292123259464,16.02816424558451,5.700346235798134,4.267778498473249,,,,,,,,,,,,,,
110.0,72.60000000000001,-43.889628593313475,47.69126375874548,-30.66155092936594,45.29736752415127,-3.3000639870224204,16.135271119431064,5.40259846904779,4.125489119406563,,,,,,,,,,,,,,
110.5,72.93,-44.12189352080924,47.92568432835358,-30.880267439555286,45.54447699011847,-3.614801889619274,16.234468159048856,5.077829411859663,4.066965111571016,,,,,,,,,,,,,,
111.0,73.26,-44.36825155091196,48.145246895755015,-31.063581773021383,45.818877892350734,-3.9336365226089107,16.319582651389254,4.748862473712159,4.093056366923267,,,,,,,,,,,,,,
111.5,73.59,-44.55689975775434,48.416008514259474,-31.20814890808453,46.11552641073509,-4.254625951850623,16.39617107293638,4.433260328435706,4.189468429949117,,,,,,,,,,,,,,
112.0,73.92,-44.618741418853105,48.7401621953315,-31.312455519032014,46.42860807885485,-4.573235711020471,16.482123509561127,4.139270399890513,4.3393681361329275,,,,,,,,,,,,,,
112.5,74.25,-44.65704380463974,49.067931820591454,-31.37800453345322,46.75203245441799,-4.871080379247135,16.624209939627296,3.8665352592955826,4.525151728208932,,,,,,,,,,,,,,
113.0,74.58,-44.644516270046786,49.39769394830933,-31.40775501407019,47.08068867131197,-5.142847141518118,16.81140723374435,3.6232852810922003,4.748152732924279,,,,,,,,,,,,,,
113.5,74.91,-44.63212081850573,49.72746106732075,-31.406855627752382,47.410687445710074,-5.385187409347249,17.035396507122577,3.4102981529108565,5.000217175535814,,,,,,,,,,,,,,
114.0,75.24000000000001,-44.63005273834382,50.05745458702143,-31.38062785941308,47.73964352814045,-5.609655640711302,17.27729320637309,3.240070495811353,5.282922932036126,,,,,,,,,,,,,,
114.5,75.57000000000001,-44.5901418736591,50.38503224633311,-31.33456975797219,48.06641355628204,-5.826307101730533,17.52621517092872,3.054457048130088,5.55577389509082,,,,,,,,,,,,,,
115.0,75.9,-44.57045868831203,50.71444471151103,-31.27316073010983,48.390649475478234,-6.044281585834267,17.773979422344677,2.8422916298259358,5.8085303693418755,,,,,,,,,,,,,,
115.5,76.23,-44.58397611070323,51.04416774572596,-31.204938938499026,48.713520637320556,-6.279608153384798,18.00532636225287,2.6433088170066728,6.071790393277403,,,,,,,,,,,,,,
116.0,76.56,-44.60129298964065,51.37371307751487,-31.13788536034237,49.03663643336957,-6.538690034219399,18.209719559358852,2.48223145429815,6.359807898340666,,,,,,,,,,,,,,
116.5,76.89,-44.62703732550012,51.702707346722036,-31.078600236790237,49.36126741483223,-6.821269592930033,18.38015662398654,2.3714838883579583,6.6706695663512505,,,,,,,,,,,,,,
117.0,77.22,-44.663295160004274,52.0307094342719,-31.031741290104357,49.687923562968905,-7.125237667750431,18.508622220509427,2.3371155329680104,6.998875014428808,,,,,,,,,,,,,,
117.5,77.55,-44.711433330081285,52.35717951955022,-30.98858827943029,50.015089908533,-7.447352225085985,18.580331438553692,2.3604619925376835,7.328048134269359,,,,,,,,,,,,,,
118.0,77.88000000000001,-44.75647064697617,52.68409180149587,-30.94597339384902,50.34232678226042,-7.777237085578116,18.5890480214901,2.440924531636518,7.648088412674701,,,,,,,,,,,,,,
118.5,78.21000000000001,-44.76267738738153,53.0140334272019,-30.90110905141733,50.66926284753645,-8.102382342909422,18.532651553205653,2.5411245556906117,7.96250844253851,,,,,,,,,,,,,,
119.0,78.54,-44.795502306582456,53.34239683058214,-30.855274617207673,50.99606432342155,-8.411878122986977,18.418142330371044,2.629527121721803,8.280447094355337,,,,,,,,,,,,,,
119.5,78.87,-44.81358916859063,53.671900799333194,-30.807159140654495,51.32253775406493,-8.699333516297184,18.25606396396493,2.7043766973546313,8.601846442561872,,,,,,,,,,,,,,
120.0,79.2,-44.83473981677655,54.00122229890666,-30.753195763596892,51.64809566586641,-8.962481419702959,18.056932899253407,2.760899584845724,8.926969747155175,,,,,,,,,,,,,,
120.5,79.53,-44.83216254751574,54.331212234636766,-30.693642573975488,51.97267757787926,-9.188112866222276,17.816120834892835,2.7674823865391147,9.256904084140377,,,,,,,,,,,,,,
121.0,79.86,-44.856991102804365,54.66027688306057,-30.63144621182127,52.29676338832887,-9.36498101469034,17.537521376785897,2.6822148947461875,9.575697833833408,,,,,,,,,,,,,,
121.5,80.19,-44.85065099102647,54.990215972867524,-30.56793267023419,52.62059363712454,-9.484448194218404,17.22990539375574,2.4848713056211995,9.840188869279352,,,,,,,,,,,,,,
122.0,80.52000000000001,-44.81908592825345,55.31870287795224,-30.501941173026417,52.94392801868066,-9.548214603272239,16.9061248429557,2.18677441366959,9.981745370397423,,,,,,,,,,,,,,
122.5,80.85000000000001,-44.79562883765998,55.647868132650984,-30.433387835022035,53.26672894781262,-9.584080391613854,16.578079655174147,1.8613419772824737,9.927030387557751,,,,,,,,,,,,,,
123.0,81.18,-44.78843818460991,55.977789781696195,-30.364025213350327,53.589356948325324,-9.64731503323044,16.25419482981238,1.6582992019362512,9.666888827287764,,,,,,,,,,,,,,
123.5,81.51,-44.78521797860547,56.307774069615014,-30.29483047407369,53.912020996611524,-9.71372691086659,15.930946531272635,1.7242221201090246,9.343540456548732,,,,,,,,,,,,,,
124.0,81.84,-44.73544310114043,56.633998626589715,-30.224861432444296,54.23451802483576,-9.759059289094397,15.604075034374832,1.9910119762184275,9.14931591464652,,,,,,,,,,,,,,
124.5,82.17,-44.72447504954637,56.963816306292046,-30.15417979216337,54.55685962272098,-9.761460618951313,15.274083771437587,2.320864018288453,9.139435107886216,,,,,,,,,,,,,,
125.0,82.5,-44.653576204933024,57.286110199862016,-30.083600251662556,54.87922359164848,-9.693800129083309,14.951094517574827,2.6042097653468463,9.308595350330831,,,,,,,,,,,,,,
125.5,82.83,-44.69990812979199,57.61284151568415,-30.01511446479541,55.20203885925085,-9.537701960177753,14.660348302355553,2.842624890548114,9.536758073130292,,,,,,,,,,,,,,
126.0,83.16000000000001,-44.76995715490704,57.935321180284,-29.947105649217434,55.524954948976465,-9.30454254350351,14.426817391304946,3.045505511540496,9.79702611501355,,,,,,,,,,,,,,
126.5,83.49000000000001,-44.80912065271302,58.26298903107135,-29.87974754651315,55.848007399826294,-9.04208062164031,14.226783045324373,3.246011955234565,10.0591275572781,,,,,,,,,,,,,,
127.0,83.82000000000001,-44.86701367307594,58.58787116076343,-29.813463258085957,56.17128188553109,-8.766714697396703,14.044921538222228,3.428450661757595,10.334111408371584,,,,,,,,,,,,,,
127.5,84.15,-44.99984801122708,58.88995564995138,-29.74689534401969,56.49449808688378,-8.46684376599786,13.90716296497907,3.608110024077288,10.61091912779227,,,,,,,,,,,,,,
128.0,84.48,-45.1252143262531,59.195215026640774,-29.67846490961436,56.817325092642434,-8.140826453275492,13.856048272323378,3.7791436814990966,10.893137993265363,,,,,,,,,,,,,,
128.5,84.81,-45.28914140805264,59.481620179968516,-29.608347438205065,57.139789881732916,-7.81656005070847,13.917296130785875,3.9385791132314547,11.182067644060009,,,,,,,,,,,,,,
129.0,85.14,-45.4795660184056,59.75113542586738,-29.538251881527717,57.4622594352323,-7.515703054148074,14.052887677796218,4.088959677990212,11.47581189633201,,,,,,,,,,,,,,
129.5,85.47,-45.69228009296893,60.00343033759306,-29.46658899773155,57.784384304011496,-7.242955816964891,14.238653510523715,4.2359314149288245,11.771276460266922,,,,,,,,,,,,,,
130.0,85.8,-45.928190712096836,60.234181675146466,-29.391505590674758,58.10572910634187,-7.011646122347434,14.474016687711607,4.373005425693018,12.071460929507117,,,,,,,,,,,,,,
130.5,86.13000000000001,-46.15032701193548,60.47822155773535,-29.31471139167685,58.426669367138594,-6.825980159760268,14.746831918841728,4.503223669621044,12.374682315540987,,,,,,,,,,,,,,
131.0,86.46000000000001,-46.39407280370374,60.70068051798479,-29.237572786886716,58.747527023508255,-6.661352668134449,15.032835046448737,4.633896939574382,12.677707886276696,,,,,,,,,,,,,,
131.5,86.79,-46.6425262663776,60.91786909246645,-29.159016721743136,59.06804058738529,-6.517606261514844,15.329882131241622,4.772580806683404,12.977152012957596,,,,,,,,,,,,,,
132.0,87.12,-46.86986006301063,61.1570747464724,-29.076575583689706,59.387576905753725,-6.393346343488897,15.635593551983773,4.919325389950834,13.272729460137972,,,,,,,,,,,,,,
132.5,87.45,-47.078690284716366,61.412593705656114,-28.990057186411946,59.70603344428369,-6.287984023239885,15.94832151918809,5.077203853145518,13.562512811728924,,,,,,,,,,,,,,
133.0,87.78,-47.21189938592792,61.71451312430025,-28.902103045392362,60.024096439738216,-6.199944149723556,16.26636079454764,5.243803624649466,13.847371576970284,,,,,,,,,,,,,,
133.5,88.11,-47.384194836887005,61.995963435330104,-28.812616635242932,60.341731737522586,-6.12771321621327,16.58835876386458,5.423904386362632,14.123892309701732,,,,,,,,,,,,,,
134.0,88.44,-47.48560289933364,62.30999592548171,-28.720293454326185,60.65855413298322,-6.071259598463225,16.91349410344324,5.612726857141957,14.394532429655872,,,,,,,,,,,,,,
134.5,88.77000000000001,-47.577402789436874,62.6269703411323,-28.62484070652092,60.97444774313769,-6.04061407368977,17.242068070475568,5.813515323635932,14.656417885004194,,,,,,,,,,,,,,
135.0,89.10000000000001,-47.64625756811571,62.94970710608648,-28.527610456350672,61.28979878317376,-6.037833677525612,17.572056357233098,6.03467317666502,14.901344821137327,,,,,,,,,,,,,,
135.5,89.43,-47.7250367003748,63.270165915171994,-28.429523173326803,61.60488430316634,-5.990880014079907,17.898698904200003,6.324567351972497,15.059019699043725,,,,,,,,,,,,,,
136.0,89.76,-47.779533766952916,63.59563491482385,-28.328298792150637,61.91897604876864,-5.8172115772119275,18.179304096660573,6.6373799512674205,15.16413048689328,,,,,,,,,,,,,,
136.5,90.09,-47.839694992245704,63.92010467762351,-28.223995169485363,62.23205871245173,-5.539855163846378,18.35811522597024,6.956137122978166,15.249534617255728,,,,,,,,,,,,,,
137.0,90.42,-47.92316667060085,64.2393733402144,-28.116679118835904,62.544121631224534,-5.216848415259474,18.425692147824645,7.257892121150341,15.383115757683973,,,,,,,,,,,,,,
137.5,90.75,-47.98492301371948,64.56354328651513,-28.00720749716488,62.85543492045054,-4.887595869756417,18.40349392087388,7.547608951959051,15.541116257512796,,,,,,,,,,,,,,
138.0,91.08,-48.03292220575825,64.89003383394893,-27.895331777034936,63.1658923623736,-4.564641877935449,18.33566531948109,7.800063472631102,15.753640879597496,,,,,,,,,,,,,,
138.5,91.41000000000001,-48.06852660688124,65.21810749430689,-27.78123076681274,63.47553886964644,-4.25218185289237,18.229511032002538,8.027806927293645,15.992456538335299,,,,,,,,,,,,,,
139.0,91.74000000000001,-48.12457184044896,65.54331347794547,-27.666348474653393,63.78489636341088,-3.949929036368049,18.09706015468149,8.222487577259166,16.258913747899992,,,,,,,,,,,,,,
139.5,92.07000000000001,-48.18936068979754,65.86689098797991,-27.550543635219025,64.09390969510319,-3.6573973278202994,17.944334258075397,8.411930951487646,16.5291196100883,,,,,,,,,,,,,,
140.0,92.4,-48.252585563122196,66.19077772033103,-27.433028279756364,64.40227658896582,-3.3637074709635524,17.793847487961,8.594399352777975,16.804083757806783,,,,,,,,,,,,,,
140.5,92.73,-48.26351094182281,66.52059681635224,-27.315170458839145,64.71051275499545,-3.0645813652527707,17.654479009163595,8.773527373108099,17.081235615698102,,,,,,,,,,,,,,
141.0,93.06,-48.22750450168838,66.84862659589801,-27.198042066668478,65.01902683854354,-2.76002542145998,17.52741336825118,8.951816962269588,17.358927571643225,,,,,,,,,,,,,,
141.5,93.39,-48.26775396974906,67.17616282339175,-27.081381541746772,65.32771814377418,-2.4443320623676894,17.431300398132546,9.127138691442022,17.638502769541727,,,,,,,,,,,,,,
142.0,93.72,-48.30301880210539,67.50427315788136,-26.96505525176042,65.63653555626578,-2.1189919211056485,17.376039268180335,9.297581287315468,17.92107899202324,,,,,,,,,,,,,,
142.5,94.05000000000001,-48.30564422433308,67.83426271401629,-26.84998097825733,65.9458216884763,-1.789086676316348,17.368131711003073,9.463694110671968,18.206221991089553,,,,,,,,,,,,,,
143.0,94.38000000000001,-48.24638225182303,68.15889792254151,-26.737537990235225,66.25607412512211,-1.4608389236962522,17.402093644102596,9.625976825706026,18.493562069048014,,,,,,,,,,,,,,
143.5,94.71000000000001,-48.24433508771136,68.48889157266088,-26.627475457606597,66.56717899315116,-1.1418393203461443,17.486587744858056,9.789061129590394,18.780447951981543,,,,,,,,,,,,,,
144.0,95.04,-48.27361719740538,68.81758985080037,-26.518695299447156,66.87873456955897,-0.8421799686573768,17.62480595257856,9.952335353009772,19.067225789282126,,,,,,,,,,,,,,
144.5,95.37,-48.26447611290283,69.14746322131414,-26.410783645283033,67.1905920288181,-0.5650933891563773,17.80403493310469,10.117763172678709,19.352766743401816,,,,,,,,,,,,,,
145.0,95.7,-48.2603555001915,69.47743749387321,-26.304887006446084,67.50313946823016,-0.30904183417189196,18.012211783859104,10.281882779168866,19.639061617204188,,,,,,,,,,,,,,
145.5,96.03,-48.27058922041329,69.80727877535632,-26.200634777725337,67.81623924914155,-0.050410525571446485,18.21717482006715,10.45051851500391,19.92271984218519,,,,,,,,,,,,,,
146.0,96.36,-48.264088486322656,70.13721473953161,-26.096083382497866,68.12923925833641,0.23064613857537297,18.390111662696654,10.621990276982391,20.204672736910524,,,,,,,,,,,,,,
146.5,96.69,-48.233693246824714,70.46581195409051,-25.99106714319734,68.44208361178262,0.5459170180272124,18.48760152150086,10.794337334095484,20.48609144969355,,,,,,,,,,,,,,
147.0,97.02000000000001,-48.210995546697426,70.79503044447179,-25.885016410869405,68.7545787992219,0.8758223291410651,18.495506311116788,10.967600770342585,20.766946895892918,,,,,,,,,,,,,,
147.5,97.35000000000001,-48.22681883672928,71.12465086782655,-25.779778070772142,69.06734850966966,1.196567921770424,18.417903058550667,11.145082753150675,21.04515571275268,,,,,,,,,,,,,,
148.0,97.68,-48.264951542641064,71.45244027695968,-25.673579780087774,69.37979358173148,1.4996132817556824,18.28727568855722,11.32357123237755,21.322719872512685,,,,,,,,,,,,,,
148.5,98.01,-48.28115135360846,71.78204241003017,-25.567006492533125,69.6921109433683,1.7746940602449943,18.104983161815955,11.50431535666064,21.598820509123936,,,,,,,,,,,,,,
149.0,98.34,-48.25816924050254,72.11124116834677,-25.46168569454713,70.00485289692043,2.0103497022937824,17.87397143403883,11.683749652802064,21.87577417558862,,,,,,,,,,,,,,
149.5,98.67,-48.306603856480564,72.43766740499919,-25.358280546887144,70.3182334570026,2.2187686730729843,17.618116919481555,11.866008515924129,22.15087725956525,,,,,,,,,,,,,,
150.0,99.0,-48.35601971086636,72.76394653907816,-25.25614182837939,70.63202906274239,2.418914418179865,17.355739937420225,12.046654429399346,22.427042163100626,,,,,,,,,,,,,,
150.5,99.33,-48.432634116434116,73.08492976739313,-25.155418014957668,70.94628168947729,2.617320025948776,17.092044630662883,12.226198535934868,22.703924654075337,,,,,,,,,,,,,,
151.0,99.66000000000001,-48.48867656880135,73.41013623032502,-25.056244983987373,71.26102715795645,2.817514959690423,16.82970517784616,12.401122570750282,22.98374885253554,,,,,,,,,,,,,,
151.5,99.99000000000001,-48.60432306433089,73.71920885621049,-24.958745971548147,71.57629520672349,3.028355993031706,16.575842894984802,12.570510872530132,23.266958321339356,,,,,,,,,,,,,,
152.0,100.32000000000001,-48.765229665243666,74.00732179549419,-24.863031512126014,71.89210961782204,3.2561247593967764,16.337051376985244,12.735043612599128,23.553015968406147,,,,,,,,,,,,,,
152.5,100.65,-48.91715097016752,74.30027216178554,-24.769199363734895,72.20848839070086,3.507632640201793,16.12340731342866,12.897374879344563,23.84032862012344,,,,,,,,,,,,,,
153.0,100.98,-49.05001825983427,74.60234215919776,-24.677334421471492,72.52544395916897,3.771658455493111,15.925441738492626,13.057223947110726,24.129029634209445,,,,,,,,,,,,,,
153.5,101.31,-49.24032045433738,74.87194385571931,-24.58750862243866,72.84298344620659,4.053947448406798,15.754523850371527,13.21758026152153,24.417449211264444,,,,,,,,,,,,,,
154.0,101.64,-49.455824749502604,75.1218596390651,-24.499780844856886,73.161108951378,4.357870035832777,15.6259506772276,13.379254760690705,24.70513194678814,,,,,,,,,,,,,,
154.5,101.97,-49.66924978240882,75.37355341198962,-24.414196804027043,73.4798178655226,4.67729807090708,15.543090974062734,13.542495750969575,24.99192870251033,,,,,,,,,,,,,,
