Compass_X,Compass_Y,step,Gyro_X,Gyro_Y,GT_X,GT_Y,Walked_distance,Gyro_Error_X,Gyro_Error_Y,Gyro_Distance_Error,Compass_Error_X,Compass_Error_Y,Compass_Distance_Error
0.0,0.0,17.5,0.0,0.0,0.0,0.0,11.55,0.0,0.0,0.0,0.0,0.0,0.0
0.07977777484686287,0.3202116591264023,18.0,0.049253471160739457,0.3263036861247789,0.10702088799592399,0.35560829548950434,11.88,0.057767416835184535,0.029304609364725454,0.06477526208228815,0.027243113149061124,0.03539663636310203,0.04466664392893453
0.12597606257686556,0.6469618973984133,18.5,0.08555824796773717,0.6543005812030618,0.21404177599184798,0.7112165909790087,12.21,0.1284835280241108,0.05691600977594691,0.140525617388212,0.08806571341498243,0.06425469358059543,0.10901484085401413
0.1691425882150852,0.974126460064245,19.0,0.12305699568037191,0.9821631193497433,0.32106266398777195,1.066824886468513,12.540000000000001,0.19800566830740002,0.08466176711876972,0.2153459066096519,0.15192007577268674,0.09269842640426806,0.17796827717491223
0.2509946681608901,1.293814178014975,19.5,0.14565155667754304,1.3113887043417745,0.42808355198369596,1.4224331819580174,12.870000000000001,0.2824319953061529,0.11104447761624292,0.30347768942984765,0.17708888382280585,0.12861900394304238,0.2188682730523261
0.29920029557009864,1.6202743095564613,20.0,0.168592650601749,1.6405903237326287,0.53510443997962,1.7780414774475217,13.200000000000001,0.366511789377871,0.13745115371489303,0.3914380045556691,0.23590414440952134,0.15776716789106038,0.2837978939561644
0.3654425740925458,1.9435574061392467,20.5,0.20211925801471128,1.9688828253152526,0.6421253279755439,2.133649772937026,13.530000000000001,0.4400060699608326,0.16476694762177346,0.4698441109889251,0.27668275388299807,0.1900923667977794,0.33569101002419055
0.4183614962141441,2.2692867227220317,21.0,0.22676043537973609,2.297961558110408,0.7491462159714679,2.4892580684265306,13.860000000000001,0.5223857805917318,0.1912965103161226,0.5563103977309424,0.3307847197573238,0.21997134570449894,0.3972479373841725
0.5140297846243153,2.585115123269969,21.5,0.24250755577729188,2.6275856291355457,0.8561671039673919,2.8448663639160348,14.190000000000001,0.6136595481901,0.21728073478048904,0.65099075169439,0.3421373193430767,0.2597512406460658,0.4295679833325999
0.6394830918970527,2.890338758813372,22.0,0.27883305565704936,2.9555802297900167,0.963187991963316,3.200474659405539,14.520000000000001,0.6843549363062666,0.2448944296155222,0.7268527777366378,0.3237049000662633,0.3101359005921669,0.4482958165798828
0.7096252179579341,3.212798185953686,22.5,0.31618239072993415,3.2834598222772793,1.07020887995924,3.5560829548950434,14.850000000000001,0.7540264892293058,0.27262313261776416,0.8017975548090649,0.36058366200130587,0.3432847689413574,0.4978604321387603
0.8941566891869391,3.4863820599778306,23.0,0.3472228471800266,3.611996715279222,1.177229767955164,3.911691250384548,15.180000000000001,0.8300069207751374,0.29969453510532595,0.8824558362357986,0.28307307876822485,0.42530919040671744,0.5108994767737965
0.9281907835050195,3.8146223384689812,23.5,0.36192634914189586,3.9416689874375845,1.2842506559510878,4.267299545874052,15.510000000000002,0.922324306809192,0.3256305584364676,0.9781193114946163,0.3560598724460683,0.4526772074050709,0.5759299322577044
0.9818231568997633,4.140234943452337,24.0,0.38943018403852303,4.27052083716019,1.3912715439470118,4.622907841363556,15.84,1.0018413599084888,0.3523870042033659,1.0620088093583373,0.4094483870472485,0.48267289791121915,0.6329463705825381
1.0422776420850284,4.46465019466748,24.5,0.43962890908648333,4.596680442267198,1.4982924319429358,4.978516136853061,16.17,1.0586635228564525,0.3818356945858632,1.1254185675946098,0.45601478985790744,0.5138659421855811,0.6870281618008293
1.023757865866358,4.7941301149794935,25.0,0.4635764750042872,4.925810377226953,1.6053133199388598,5.334124432342565,16.5,1.1417368449345726,0.40831405511561236,1.2125524280154272,0.5815554540725019,0.5399943173630719,0.7935997788217206
1.0503006352201874,5.1230609304939865,25.5,0.49009310009847407,5.2547433013826454,1.7123342079347839,5.6897327278320695,16.830000000000002,1.2222411078363098,0.43498942644942407,1.2973392489274842,0.6620335727145965,0.566671797338083,0.8714386824668884
0.9927108856894741,5.447996956119016,26.0,0.526642136596095,5.582713068176927,1.8193550959307079,6.045341023321574,17.16,1.292712959334613,0.4626279551446464,1.3730008813227215,0.8266442102412338,0.5973440672025578,1.0198826329276556
1.1020030011341877,5.759373309591176,26.5,0.5675045804359312,5.910173387427117,1.926375983926632,6.400949318811078,17.490000000000002,1.3588714034907006,0.49077593138396036,1.4447811273859372,0.8243729827924442,0.6415760092199019,1.044610257639014
1.2699163407889202,6.043459758345766,27.0,0.6081962467359663,6.237654972090632,2.0333968719225557,6.756557614300583,17.82,1.4252006251865894,0.5189026422099507,1.5167256753034524,0.7634805311336355,0.7130978559548167,1.0447062140082515
1.3967713152381396,6.3481035100583,27.5,0.6320786706774508,6.566789640314262,2.14041775991848,7.112165909790087,18.150000000000002,1.508339089241029,0.5453762694758248,1.603908377507838,0.7436464446803404,0.7640623997317872,1.0662088844919686
1.4797752888507802,6.667494086570056,28.0,0.6721212474903979,6.894351225427931,2.2474386479144037,7.467774205279591,18.48,1.5753174004240058,0.5734229798516601,1.6764363471067445,0.7676633590636235,0.8002801187095354,1.108943326437647
1.5940067781419627,6.977092482648457,28.5,0.711942314626124,7.221939812854557,2.354459535910328,7.823382500769096,18.810000000000002,1.642517221284204,0.6014426879145391,1.7491701258199697,0.7604527577683653,0.846290018120639,1.1377588459634773
1.705313644033047,7.2877543271120215,29.0,0.7402529315172878,7.550723189823712,2.4614804239062518,8.1789907962586,19.14,1.721227492388964,0.6282676064348873,1.832305723903908,0.7561667798732048,0.8912364691465777,1.1687988034390995
1.8304651545317596,7.593101833111155,29.5,0.7555420960488385,7.880368819929629,2.5685013119021756,8.534599091748104,19.470000000000002,1.8129592158533372,0.6542302718184754,1.9273915966692454,0.738036157370416,0.9414972586369492,1.1962919616912002
1.9413819231694431,7.903903169071885,30.0,0.7869703016865982,8.208868847160055,2.6755221998981,8.89020738723761,19.8,1.8885518982115017,0.6813385400775545,2.0076978055557264,0.7341402767286567,0.9863042181657242,1.2295356671063793
2.0712386933067175,8.207279534745803,30.5,0.8260476717649877,8.536546980619944,2.7825430878940236,9.245815682727113,20.130000000000003,1.956495416129036,0.7092687021071686,2.0810901962968154,0.7113043945873061,1.0385361479813096,1.258773717720175
2.2132389754027235,8.505165284463132,31.0,0.8563155862499309,8.86515594786328,2.889563975889948,9.601423978216618,20.46,2.033248389640017,0.7362680303533367,2.162449913060209,0.6763250004872243,1.0962586937534855,1.2880988432236644
2.332512055688385,8.812856578326267,31.5,0.8657558156261067,9.195020893059532,2.9965848638858716,9.957032273706123,20.790000000000003,2.130829048259765,0.7620113806465909,2.262983379776029,0.6640728081974867,1.1441756953798556,1.3229250607971987
2.3983582477447603,9.136220582185192,32.0,0.8868358235465099,9.52434692189126,3.103605751881796,10.312640569195626,21.12,2.216769928335286,0.788293647304366,2.3527591864770288,0.7052475041370356,1.1764199870104335,1.3716187618755973
2.5118663282340643,9.446084932609105,32.5,0.9165851139676009,9.853003246521475,3.2106266398777197,10.66824886468513,21.45,2.294041525910119,0.8152456181636563,2.4345948206087744,0.6987603116436554,1.2221639320760254,1.4078176906104958
2.6270028048870673,9.755347914137662,33.0,0.9477446416689859,10.181528867795413,3.317647527873644,11.023857160174634,21.78,2.369902886204658,0.8423282923792215,2.515145451496526,0.6906447229865766,1.268509246036972,1.4443357783668216
2.7596412888138064,10.05751844973241,33.5,0.9651128826399603,10.51107149660931,3.4246684158695677,11.379465455664139,22.11,2.4595555332296075,0.8683939590548295,2.6083560894102056,0.6650271270557613,1.3219470059317295,1.4797989614173623
2.8601954480064653,10.371825403312913,34.0,0.9839844644006757,10.840531453814808,3.5316893038654915,11.735073751153644,22.44,2.547704839464816,0.8945422973388357,2.7001862659380897,0.6714938558590262,1.363248347840731,1.5196545845510108
2.9999276823308683,10.670781759142171,34.5,1.0253740307108676,11.16792556463639,3.6387101918614158,12.090682046643147,22.77,2.6133361611505483,0.9227564820067578,2.7714626853455147,0.6387825095305475,1.419900287500976,1.5569713937409058
3.1513388225528822,10.963996128873038,35.0,1.052341038021721,11.496821871269189,3.7457310798573396,12.446290342132652,23.1,2.6933900418356185,0.9494684708634633,2.855843184529409,0.5943922573044573,1.482294213259614,1.5970279553615918
3.223589411827713,11.285989688357448,35.5,1.0446369087350513,11.826731929303094,3.852751967853264,12.801898637622156,23.43,2.8081150591182125,0.9751667083190618,2.9726184239253306,0.6291625560255509,1.5159089492647073,1.6412877457549708
3.2745798970944033,11.612026450720633,36.0,1.062996623095277,12.156220807550312,3.9597728558491876,13.15750693311166,23.76,2.8967762327539104,1.0012861255613483,3.064944770773136,0.6851929587547843,1.545480482391028,1.69056183329056
3.3335833473920906,11.93670874597704,36.5,1.105843157042764,12.483427431151801,4.066793743845111,13.513115228601166,24.09,2.9609505868023476,1.0296877974493643,3.1348820293116755,0.7332103964530208,1.576406482624126,1.7385784089094645
3.3254123659772303,12.266607571471642,37.0,1.1329211806707211,12.812314616424205,4.173814631841036,13.868723524090669,24.42,3.0408934511703145,1.056408907666464,3.2191664699992697,0.8484022658638053,1.6021159526190267,1.8128877324200774
3.2360955332990455,12.584290594940535,37.5,1.1360989258306866,13.142299315972075,4.28083551983696,14.224331819580174,24.75,3.1447365940062735,1.082032503608099,3.325682273541264,1.0447399865379143,1.6400412246396385,1.9445351264476367
3.0992441427273576,12.884576620087552,38.0,1.150799407011973,13.47197172284447,4.387856407832883,14.579940115069679,25.080000000000002,3.2370570008209105,1.1079683922252084,3.4214225089476717,1.2886122651055256,1.6953634949821268,2.1295020427082023
2.970958622538235,13.188620737461669,38.5,1.1699857439255459,13.801413499909613,4.4948772958288075,14.935548410559182,25.41,3.324891551903262,1.1341349106495695,3.512999548458808,1.5239186732905723,1.7469276730975132,2.3182071559370163
2.935267016218603,13.516684922093768,39.0,1.1780906023637627,14.1313139565169,4.601898183824732,15.291156706048687,25.740000000000002,3.423807581460969,1.1598427495317871,3.6149264942058044,1.6666311676061287,1.774471783954919,2.4344218124409585
2.9271571829996232,13.84658525644516,39.5,1.1772866512730151,14.461312977216423,4.708919071820656,15.646765001538192,26.07,3.531632420547641,1.1854520243217692,3.7252817418058153,1.7817618888210327,1.8001797450930326,2.532848701185744
3.0012469923137024,14.168160597781842,40.0,1.1821692201916034,14.791276854816314,4.815939959816579,16.002373297027695,26.400000000000002,3.6337707396249757,1.2110964422113817,3.8302799350036687,1.814692967502877,1.8342126992458532,2.580202858765015
3.130505799457692,14.471792217966092,40.5,1.1933497781014166,15.121087399106251,4.9229608478125035,16.3579815925172,26.73,3.729611069711087,1.2368941934109472,3.9293645767484082,1.7924550483548116,1.8861893745511065,2.6020387116724732
3.2514440073475632,14.77883285024851,41.0,1.1885848073735141,15.451052995879555,5.029981735808428,16.713589888006705,27.060000000000002,3.8413969284349134,1.2625368921271498,4.043554100759785,1.7785377284608646,1.934757037758196,2.6280185019732265
3.3853490901335928,15.080444237308193,41.5,1.1783105016738833,15.780893015650339,5.137002623804351,17.06919818349621,27.39,3.9586921221304676,1.28830516784587,4.163048585269718,1.7516535336707584,1.988753946188016,2.650175911236773
3.5181819678369837,15.382529368688465,42.0,1.1949772382157893,16.11047186796499,5.244023511800275,17.424806478985712,27.720000000000002,4.049046273584486,1.3143346110207226,4.257023748507331,1.7258415439632917,2.0422771102972472,2.673840838590374
3.642690458988443,15.688139636237162,42.5,1.220230027483454,16.439504232078615,5.3510443997962,17.78041477447522,28.05,4.130814372312745,1.3409105423966032,4.343002240526234,1.7083539408077568,2.0922751382380564,2.7011272537891418
3.7450270780853,16.001870757409137,43.0,1.2363218029574767,16.76911165730155,5.458065287792124,18.136023069964722,28.380000000000003,4.221743484834647,1.3669114126631712,4.437517871717546,1.713038209706824,2.1341523125555852,2.7366231017628118
3.4261257266974443,16.086734931729044,43.5,0.9063624979559795,16.774294035416748,5.1317912895335915,18.23906299011368,28.71,4.225428791577612,1.4647689546969325,4.472113210031359,1.7056655628361472,2.1523280583846365,2.746235802540439
3.0964192540131563,16.100650457952828,44.0,0.5763843785194831,16.77809412662004,4.80551729127506,18.342102910262636,29.040000000000003,4.229132912755577,1.5640087836425955,4.509067383513321,1.7090980372619038,2.241452452309808,2.818709846177528
2.7696192349000395,16.146495277809233,44.5,0.24683986918533762,16.79542665002886,4.479243293016528,18.445142830411594,29.37,4.23240342383119,1.649716180382736,4.542554591622933,1.7096240581164883,2.298647552602361,2.8647155166221157
2.4465734819991143,16.21388549618456,45.0,-0.08283233624725495,16.81013164799589,4.152969294757996,18.54818275056055,29.700000000000003,4.235801631005251,1.7380511025646577,4.578519093806748,1.706395812758882,2.33429725437599,2.8914927531619945
2.1179009031197964,16.243454667509077,45.5,-0.4126764166387153,16.7999885404488,3.826695296499464,18.651222670709508,30.03,4.239371713138179,1.851234130260707,4.6259421015830124,1.7087943933796677,2.407768003200431,2.9525116487630623
1.7879346837920294,16.238733004397428,46.0,-0.7419269608942174,16.822216430754803,3.500421298240932,18.754262590858463,30.360000000000003,4.24234825913515,1.9320461601036598,4.661579251343726,1.7124866144489028,2.515529586461035,3.0431068836022654
1.463158581614414,16.297217903767397,46.5,-1.0686432592346606,16.868654135249304,3.1741472999824003,18.857302511007422,30.69,4.242790559217061,1.9886483757581175,4.685722366059135,1.7109887183679864,2.560084607240025,3.0792069743052086
1.1357673322162565,16.33863009783525,47.0,-1.3976287114788524,16.894510898613742,2.8478733017238684,18.960342431156377,31.020000000000003,4.245502013202721,2.065831532542635,4.721434873526882,1.712105969507612,2.6217123333211276,3.131242949614691
0.8058368253756815,16.345402147445323,47.5,-1.7276275473242535,16.89363434817025,2.5215993034653366,19.063382351305336,31.35,4.24922685078959,2.169748003135087,4.771135632800635,1.7157624780896552,2.7179802038600123,3.214227320802819
0.6523925467605726,16.63755767684754,48.0,-1.6689649519918306,17.21837840109326,2.6274262759649742,19.432492161450522,31.68,4.296391227956805,2.214113760357261,4.833350528098242,1.9750337292044016,2.794934484602983,3.4223408662373167
0.5677500818717544,16.956517945748768,48.5,-1.6032394000247905,17.541766947301422,2.733253248464612,19.801601971595712,32.01,4.336492648489402,2.25983502429429,4.889992109137785,2.1655031665928575,2.845084025846944,3.5754590025132647
0.4299277317958472,17.25635957031006,49.0,-1.575387477044724,17.87058949881867,2.8390802209642496,20.1707117817409,32.34,4.414467698008973,2.300122282922228,4.977759292408584,2.4091524891684024,2.9143522114308382,3.781198821582664
0.25202198102698004,17.53429759189647,49.5,-1.5343553526072673,18.198028599666674,2.944907193463887,20.539821591886085,32.67,4.479262546071154,2.3417929922194105,5.054481909656396,2.6928852124369067,3.0055239999896166,4.035443628880838
0.12145520153530162,17.837369062169028,50.0,-1.465072033561609,18.52067363945811,3.0507341659635245,20.90893140203127,33.0,4.515806199525134,2.3882577625731614,5.108451895844826,2.929278964428223,3.0715623398622434,4.244428166326025
0.002260331705064636,18.14509066200588,50.5,-1.4003592577326116,18.84426637213996,3.156561138463162,21.27804121217646,33.33,4.556920396195774,2.4337748400365022,5.166118801311073,3.1543008067580978,3.1329505501705803,4.445783702490364
-0.1683374330063946,18.427573232575206,51.0,-1.3503594400175496,19.170456528687424,3.2623881109628,21.647151022321648,33.660000000000004,4.61274755098035,2.4766944936342234,5.235595055375588,3.4307255439691944,3.2195777897464417,4.70484419532372
-0.38526227973479166,18.676256989326347,51.5,-1.2940511461492452,19.49561706756267,3.3682150834624376,22.016260832466834,33.99,4.662266229611683,2.5206437649041646,5.300035036235872,3.7534773631972294,3.3400038431404866,5.0243624459454805
-0.6111901138637956,18.916791007223562,52.0,-1.2370550405269551,19.820657748007275,3.474042055962075,22.385370642612024,34.32,4.71109709648903,2.5647128946047495,5.363971297863109,4.08523216982587,3.468579635388462,5.359119943461962
-0.8602850801030207,19.13324353734109,52.5,-1.1930052411075618,20.147704556845262,3.5798690284617125,22.75448045275721,34.65,4.772874269569274,2.606775895911948,5.438346197569991,4.440154108564733,3.6212369154161195,5.72960079808155
-1.1079898978665048,19.35128555910928,53.0,-1.1371589588405706,20.472944764625534,3.68569600096135,23.123590262902397,34.980000000000004,4.822854959801921,2.6506454982768624,5.503258264048798,4.793685898827855,3.772304703793118,6.099976006090573
-1.3519365168730726,19.573524275527603,53.5,-1.0878647739815681,20.79924230267798,3.791522973460988,23.492700073047587,35.31,4.879387747442556,2.6934577703696085,5.573431577641998,5.1434594903340605,3.9191757975199835,6.466460736799839
-1.6175967493760632,19.769291077785947,54.0,-1.0621280750332105,21.12823716939666,3.8973499459606256,23.861809883192773,35.64,4.959478020993836,2.7335727137961143,5.662935813015329,5.514946695336689,4.092518805406826,6.867557588037656
-1.8710530574423434,19.98061996814742,54.5,-1.010237408054152,21.454131874294525,4.003176918460263,24.23091969333796,35.97,5.0134143265144155,2.7767878190434345,5.731044739075763,5.874229975902606,4.250299725190541,7.250629321910445
-2.100394082431995,20.21790185590267,55.0,-0.949503287879272,21.77849489106213,4.109003890959901,24.60002950348315,36.300000000000004,5.058507178839173,2.8215346124210186,5.792197549070411,6.209397973391896,4.382127647580479,7.599978020471678
-2.354687975094662,20.428222126334383,55.5,-0.9154476931716085,22.106732939540834,4.214830863459539,24.969139313628336,36.63,5.130278556631147,2.8624063740875023,5.874787512671937,6.569518838554201,4.540917187293953,7.9861446688612
-2.5924322978956593,20.657083737304628,56.0,-0.891436686534077,22.435858252393327,4.320657835959176,25.338249123773522,36.96,5.212094522493254,2.902390871380195,5.965718907363577,6.913090133854835,4.681165386468894,8.348899602598868
-2.8444667703332898,20.87010632930624,56.5,-0.8461787977130326,22.762740071250636,4.426484808458813,25.70735893391871,37.29,5.272663606171846,2.9446188626680723,6.039185520434829,7.270951578792102,4.83725260461247,8.733026372453566
-3.0861688733066917,21.094784083919897,57.0,-0.7934933400166304,23.088507231270366,4.532311780958452,26.0764687440639,37.620000000000005,5.325805120975082,2.9879615127935324,6.106726962009995,7.618480654265143,4.981684660144001,9.102660574388475
-3.3455329886303278,21.298819021326185,57.5,-0.7566910779425048,23.416448679559885,4.6381387534580885,26.445578554209085,37.95,5.394829831400593,3.0291298746492004,6.187068506753585,7.983671742088417,5.1467595328829,9.498849834308473
-3.5424850452346397,21.563601738661234,58.0,-0.6998100476316041,23.741509517543747,4.743965725957727,26.81468836435427,38.28,5.443775773589331,3.0731788468105243,6.251329690362026,8.286450771192367,5.251086625693038,9.810156835337898
-3.672789782331485,21.866785965642325,58.5,-0.6493458952114433,24.067628160556556,4.849792698457364,27.183798174499458,38.61,5.499138593668807,3.1161700139429023,6.320683572856234,8.522582480788849,5.3170122088571325,10.045149624121326
-3.7597869430710276,22.185112046922605,59.0,-0.6177482142509363,24.396111929650125,4.9556196709570015,27.552907984644648,38.940000000000005,5.573367885207938,3.1567960549945226,6.405293975821578,8.71540661402803,5.367795937722043,10.235797266303626
-3.779508219911409,22.514522233832157,59.5,-0.5718885647272813,24.722909868054835,5.061446643456639,27.922017794789834,39.27,5.6333352081839205,3.1991079267349996,6.478329807493848,8.840954863368047,5.407495560957678,10.363565561035841
-3.6828700859959453,22.830055229053475,60.0,-0.5121191540766422,25.047452034114155,5.167273615956277,28.29112760493502,39.6,5.679392770032919,3.2436755708208658,6.540407743026597,8.850143701952222,5.461072375881546,10.399440131075378
-3.4899521648319527,23.09779143447546,60.5,-0.456453819277899,25.372723260172876,5.273100588455915,28.66023741508021,39.93,5.729554407733813,3.287514154907335,6.605720477729743,8.763052753287868,5.56244598060475,10.379397807389985
-3.3428025350802266,23.393167443088092,61.0,-0.3933928313169543,25.696641941013283,5.378927560955552,29.029347225225397,40.260000000000005,5.772320392272507,3.332705284212114,6.665328740764433,8.72173009603578,5.6361797821373045,10.384367982918825
-3.1608910178965752,23.668500332362044,61.5,-0.34966338838464467,26.023731738807147,5.48475453345519,29.398457035370583,40.59,5.834417921839835,3.3747252965634367,6.7401189391546374,8.645645551351766,5.72995670300854,10.372058176560767
-3.068984249998436,23.9854437752892,62.0,-0.309572503119365,26.35128741486642,5.590581505954827,29.767566845515773,40.92,5.900154009074192,3.416279430649354,6.8178282817237434,8.659565755953263,5.782123070226575,10.412541778111855
-3.072241531267459,24.31542769931995,62.5,-0.26087281183999156,26.6776742100486,5.696408478454465,30.13667665566096,41.25,5.957281290294457,3.4590024456123594,6.888678994585585,8.768650009721924,5.821248956341009,10.525025529883411
-2.7777301934804077,24.46430036946085,63.0,-0.18966283723660565,26.999899503154193,5.802235450954102,30.505786465806146,41.580000000000005,5.991898288190708,3.505886962651953,6.942196229646326,8.579965644434509,6.041486096345295,10.493586837302582
-2.465833857452476,24.572099606806724,63.5,-0.11944834839235116,27.322343181269208,5.908062423453741,30.874896275951336,41.910000000000004,6.027510771846091,3.5525530946821284,6.996536256981466,8.373896280906216,6.3027966691446125,10.480810311037757
-2.2035002151542904,24.772302154539183,64.0,-0.08019786775921418,27.6500006239896,6.0138893959533775,31.244006086096523,42.24,6.094087263712591,3.594005462106921,7.074939917723571,8.217389611107668,6.4717039315573395,10.459849128858167
-1.9160712838793248,24.934427443948735,64.5,-0.010742355935335887,27.972608639818848,6.119716368453016,31.61311589624171,42.57,6.130458724388352,3.640507256422861,7.129924070808662,8.03578765233234,6.678688452292974,10.448864179238258
-1.643610835305876,25.120613651717075,65.0,0.055526582486614476,28.295886272513144,6.225543340952653,31.9822257063869,42.9,6.170016758466038,3.686339433873755,7.187364274995697,7.869154176258529,6.861612054669823,10.440560686022437
-1.389500211043075,25.33115531181495,65.5,0.0964482357594122,28.623339197822144,6.3313703134522905,32.35133551653208,43.230000000000004,6.234922077692878,3.7279963187099376,7.264448352574125,7.720870524495366,7.020180204717132,10.43526577345894
-1.180915500001797,25.586874725078445,66.0,0.13570403477948884,28.950996003402764,6.437197285951928,32.72044532667727,43.56,6.301493251172439,3.7694493232745074,7.342858121692563,7.618112785953725,7.1335706015988265,10.436640836375787
-1.0024183148657895,25.864433286284044,66.5,0.20585453524903227,29.2734536088083,6.543024258451566,33.08955513682246,43.89,6.337169723202534,3.816101528014162,7.397455709417049,7.545442573317356,7.225121850538418,10.446821975240017
-0.7559070152738292,26.083823758213622,67.0,0.2863231780269284,29.593492352602677,6.648851230951204,33.458664946967644,44.22,6.362528052924275,3.8651725943649673,7.444549845926105,7.4047582462250325,7.374841188754022,10.450776394334559
-0.4551549798898038,26.219647957870258,67.5,0.33751845694581734,29.91949702038585,6.754678203450841,33.827774757112834,44.550000000000004,6.417159746505024,3.9082777367269834,7.513625894304308,7.2098331833406455,7.6081267992425765,10.481664368074043
-0.20833787671171647,26.43869434012474,68.0,0.37756915192645774,30.247057612996695,6.860505175950479,34.196884567258024,44.88,6.4829360240240215,3.9498269542613293,7.591415708561724,7.068843052662196,7.758190227133284,10.495620882232599
0.08654861445569953,26.586822518831458,68.5,0.43880840395077453,30.57132564104063,6.966332148450117,34.56599437740321,45.21,6.527523744499342,3.994668736362577,7.652838986172079,6.879783533994417,7.97917185857175,10.53558754997765
0.35253994783352216,26.782139211840242,69.0,0.5141536491122869,30.892609151404223,7.072159120949754,34.9351041875484,45.54,6.558005471837467,4.0424950361441745,7.703843319142755,6.719619173116232,8.152964975708155,10.565231645677967
0.6353170346111392,26.95224835090562,69.5,0.5657346414996276,31.218553013479177,7.177986093449392,35.30421399769358,45.870000000000005,6.612251451949764,4.085660984214403,7.772676176307847,6.542669058838253,8.35196564678796,10.609516887144563
0.8489906357475608,27.203731137945596,70.0,0.6032583382478881,31.54641269715856,7.283813065949029,35.67332380783877,46.2,6.680554727701141,4.126911110680211,7.852465013310524,6.434822430201468,8.469592669893174,10.636772992883326
1.0504964512290773,27.465065036104882,70.5,0.6532230862259754,31.872608227415313,7.3896400384486665,36.04243361798396,46.53,6.736416952222691,4.169825390568647,7.92254738969886,6.339143587219589,8.577368581879078,10.66564546611191
1.283428684228367,27.69882254898942,71.0,0.7297968751276963,32.19360114766938,7.495467010948304,36.41154342812915,46.86,6.765670135820608,4.217942280459766,7.972786806884089,6.212038326719937,8.71272087913973,10.70051051541163
1.5673088569821396,27.867084391120333,71.5,0.804644144080367,32.51500103306191,7.601293983447942,36.78065323827433,47.190000000000005,6.796649839367575,4.265652205212426,8.024352794762262,6.033985126465803,8.913568847154,10.763860185796023
1.744713333994155,28.145342637244493,72.0,0.8741585505303355,32.83759636361694,7.7071209559475795,37.14976304841952,47.52,6.832962405417244,4.312166684802584,8.079861183916883,5.9624076219534246,9.00442041117503,10.799532007985984
1.932662907933908,28.416589678990327,72.5,0.9557918183410588,33.15734002592558,7.812947928447217,37.518872858564706,47.85,6.857156110106159,4.361532832639128,8.126718807031244,5.880285020513309,9.102283179574378,10.836480563524113
2.140100319168718,28.6732406490259,73.0,1.0595112524034391,33.47061670714807,7.918774900946855,37.887982668709896,48.18,6.859263648543416,4.417365961561828,8.158591780362233,5.778674581778137,9.214742019683996,10.87678952685114
2.2738325223349696,28.974928729394183,73.5,1.1409564908023344,33.790408316078235,8.024601873446493,38.257092478855085,48.510000000000005,6.883645382644158,4.4666841627768505,8.205841892456846,5.750769351111523,9.282163749460903,10.91924502891522
2.3507122449670956,29.295848514150446,74.0,1.2145330226195308,34.112101483499856,8.130428845946131,38.626202289000275,48.84,6.915895823326601,4.514100805500419,8.258736048653319,5.779716600979036,9.33035377484983,10.975455596533891
2.432039592737099,29.615670124590856,74.5,1.3056506133540051,34.429272706435896,8.236255818445768,38.99531209914546,49.17,6.930605205091763,4.566039392709563,8.299518314011998,5.804216225708669,9.379641974554602,11.030258816800552
2.5065832205080665,29.937140570446683,75.0,1.399147301261853,34.745750777319586,8.342082790945405,39.36442190929064,49.5,6.942935489683552,4.618671131971055,8.338853412742676,5.835499570437339,9.427281338843958,11.087230884142798
2.6133405656604247,30.249395064819495,75.5,1.497813153272775,35.06065560365122,8.447909763445043,39.73353171943583,49.830000000000005,6.9500966101722685,4.672876115784611,8.374939646600346,5.834569197784619,9.484136654616336,11.135126663274837
2.712590408826431,30.5641163202687,76.0,1.5989788529968367,35.374766254854485,8.553736735944682,40.10264152958102,50.160000000000004,6.954757882947845,4.727875274726536,8.409605331036394,5.841146327118251,9.538525209312322,11.184920812571438
2.8931255433661933,30.840353655176038,76.5,1.6917239215083417,35.691465405890284,8.659563708444317,40.47175133972621,50.49,6.967839786935976,4.780285933835927,8.449965970679267,5.766438165078124,9.631397684550173,11.225668375184972
3.019220729376099,31.145312675480614,77.0,1.7578122690987472,36.014780005487594,8.765390680943955,40.8408611498714,50.82,7.007578411845208,4.8260811443838065,8.508655264513655,5.746169951567857,9.695548474390787,11.270409457138763
3.1652724676051425,31.44123308667301,77.5,1.8138475697887888,36.339987700778735,8.871217653443594,41.209970960016584,51.150000000000006,7.0573700836548054,4.8699832592378485,8.574567595099051,5.705945185838452,9.768737873343575,11.31309197796474
3.2568356460062082,31.758275961314745,78.0,1.8715192096682938,36.6649092019965,8.97704462594323,41.57908077016177,51.480000000000004,7.105525416274937,4.914171568165266,8.639304002215281,5.720208979937023,9.820804808847022,11.365253972860657
3.349910320909398,32.074878401121616,78.5,1.941266441142613,36.987454274353325,9.082871598442868,41.94819058030696,51.81,7.141605157300255,4.960736305953631,8.695483248214792,5.7329612775334695,9.87331217918534,11.41705471640334
3.4569463679394583,32.38703747056567,79.0,2.0020495639940425,37.31180811196963,9.188698570942506,42.31730039045215,52.14,7.186649006948464,5.005492278482514,8.758017863593418,5.731752203003047,9.930262919886474,11.46573612877527
3.7791259948698075,32.31562116996825,79.5,2.3184539840722214,37.21806248297824,9.519094153172993,42.222099146601785,52.470000000000006,7.200640169100772,5.004036663623545,8.768671608388368,5.739968158303186,9.906477976633532,11.44925938040796
4.1011146621559105,32.243348781469464,80.0,2.6331403779231475,37.118702161294486,9.849489735403479,42.126897902751416,52.800000000000004,7.216349357480331,5.00819574145693,8.783946871079886,5.748375073247568,9.883549121281952,11.433650301435987
4.428503465098449,32.201917251110906,80.5,2.951339709886433,37.03124254125118,10.179885317633966,42.031696658901055,53.13,7.228545607747533,5.000454117649873,8.789562730079792,5.751381852535517,9.829779407790149,11.388720578690572
4.755321071246938,32.15619797387065,81.0,3.271687957165765,36.952015017845106,10.510280899864453,41.936495415050686,53.46,7.238592942698688,4.98448039720558,8.788758309352577,5.754959828617515,9.78029744118004,11.347853570916138
5.078884081126333,32.09133674787401,81.5,3.5879208943738172,36.857692542131375,10.84067648209494,41.841294171200325,53.79,7.252755587721123,4.98360162906895,8.799928909512774,5.7617924009686075,9.749957423326315,11.325189686205503
5.395163492684577,31.9971702260928,82.0,3.904084378549339,36.76313752495093,11.171072064325426,41.746092927349956,54.120000000000005,7.266987685776087,4.982955402399028,8.811296985547528,5.775908571640849,9.748922701257158,11.33148770740371
5.716620195487349,31.92256735601952,82.5,4.218375491101177,36.66253386412823,11.501467646555913,41.650891683499594,54.45,7.283092155454736,4.988357819371366,8.827635305047991,5.784847451068564,9.728324327480074,11.318337079835318
6.0342952269028585,31.83322210200368,83.0,4.531285934108898,36.55771471198173,11.8318632287864,41.555690439649226,54.78,7.300577294677502,4.9979757276674945,8.847496267866639,5.797568001883541,9.722468337645545,11.319813837381957
6.345336807289522,31.722980842619698,83.5,4.837087706744282,36.43367731498769,12.162258811016887,41.460489195798864,55.11,7.325171104272605,5.026811880811174,8.884085174734352,5.816922003727365,9.737508353179166,11.342647421377498
6.6414595780845564,31.577339829794767,84.0,5.149754179395883,36.3281326472891,12.492654393247372,41.365287951948496,55.440000000000005,7.34290021385149,5.037155304659393,8.904555975108389,5.851194815162816,9.787948122153729,11.403526174256845
6.959302837908014,31.488594902138036,84.5,5.464143620803703,36.22783668958751,12.82304997547786,41.270086708098134,55.77,7.358906354674157,5.042250018510622,8.92063831718527,5.863747137569845,9.781491805960098,11.404433894035385
7.259836439941279,31.352288064272464,85.0,5.767592107230752,36.09814854022477,13.153445557708345,41.174885464247765,56.1,7.385853450477593,5.076736924022995,8.962370723623868,5.893609117767066,9.822597399975301,11.455044657923802
7.575507113708422,31.256100613306145,85.5,6.066229073212587,35.95773499903602,13.483841139938832,41.079684220397404,56.43,7.417612066726245,5.121949221361383,9.014173983158262,5.90833402623041,9.823583607091258,11.463472678513442
7.895452627465143,31.175262081485307,86.0,6.369149917461572,35.82681914010563,13.81423672216932,40.984482976547035,56.760000000000005,7.445086804707747,5.157663836441408,9.057086384669681,5.9187840947041765,9.809220895061728,11.45656229974065
8.225326600457201,31.166142764491447,86.5,6.682446614163886,35.72316018084296,14.144632304399806,40.88928173269667,57.09,7.462185690235921,5.166121551853713,9.075958746275193,5.919305703942605,9.723138968205227,11.383216215628975
8.549833921720852,31.10618445859235,87.0,6.991086857387146,35.60636463185634,14.475027886630293,40.794080488846305,57.42,7.483941029243147,5.187715856989968,9.106139090858107,5.925193964909441,9.687896030253956,11.356198880559006
8.876277424855896,31.05786635369449,87.5,7.297487714986227,35.48381458304954,14.805423468860779,40.69887924499594,57.75,7.507935753874552,5.2150646619464,9.141444016816488,5.929146044004883,9.641012891301454,11.318299447416099
9.197966315505598,30.984271125367076,88.0,7.605715653197908,35.36593524598924,15.135819051091266,40.603678001145575,58.080000000000005,7.530103397893358,5.237742755156333,9.172589947891368,5.937852735585668,9.619406875778498,11.304471847515781
9.527518650160964,30.96708803125694,88.5,7.923351487423043,35.27645073997785,15.466214633321751,40.50847675729521,58.410000000000004,7.542863145898709,5.2320260173173665,9.179808314101269,5.9386959831607875,9.541388726038274,11.238603507632982
9.850966942193402,30.901657133499846,89.0,8.241001992042849,35.187018324630934,15.796610215552239,40.413275513444844,58.74,7.55560822350939,5.226257188813911,9.187000589462906,5.9456432733588365,9.511618379944998,11.217020911977684
10.173127649191166,30.83015553305132,89.5,8.55351269837139,35.081013332153994,16.127005797782726,40.31807426959448,59.07,7.573493099411335,5.237060937440489,9.207855612969622,5.95387814859156,9.487918736543161,11.201306484492013
10.48463463825048,30.7212363163483,90.0,8.86515437558225,34.97248008828281,16.457401380013213,40.222873025744114,59.400000000000006,7.592247004430963,5.2503929374613065,9.230863479330333,5.972766741762733,9.501636709395815,11.222969424748742
10.800556846982843,30.6258782646187,90.5,9.183935739681209,34.887166303328634,16.7877969622437,40.12767178189375,59.730000000000004,7.603861222562491,5.240505478565119,9.234803904948961,5.987240115260857,9.501793517275054,11.230811379536169
11.101813922848514,30.49117795192097,91.0,9.501706032551207,34.79816045537854,17.118192544474184,40.032470538043384,60.06,7.616486511922977,5.234310082664841,9.241691881240763,6.01637862162567,9.541292586122413,11.279764001642452
11.416157591137454,30.390738625924364,91.5,9.819727089752517,34.71005479621546,17.44858812670467,39.93726929419302,60.39,7.628861036952154,5.227214497977563,9.247880412775325,6.032430535567217,9.546530668268659,11.292761662526923
11.731115043034354,30.292240892475256,92.0,10.138729974887319,34.62557308650459,17.778983708935158,39.842068050342654,60.720000000000006,7.640253734047839,5.216494963838066,9.251232178925132,6.047868665900804,9.549827157867398,11.303800871615108
12.059077324210966,30.25562474678196,92.5,10.46175695282565,34.558092929984106,18.109379291165645,39.74686680649229,61.050000000000004,7.647622338339994,5.188773876508186,9.241726125102966,6.050301966954679,9.49124205971033,11.255657676357702
12.383742257347537,30.19652583654306,93.0,10.781298623762533,34.47567254091158,18.439774873396132,39.651665562641924,61.38,7.658476249633599,5.175993021730342,9.243547058743365,6.056032616048595,9.455139726098864,11.228321258616413
12.705028415968163,30.12119188484264,93.5,11.096103945767391,34.37668966745654,18.77017045562662,39.55646431879156,61.71,7.6740665098592284,5.179774651335023,9.258583165709313,6.065142039658456,9.43527243394892,11.216519685894939
13.024607472421401,30.038916574594317,94.0,11.4140202640801,34.288206818550705,19.100566037857106,39.46126307494119,62.040000000000006,7.686545773777006,5.173056256390488,9.265176574904006,6.075958565435705,9.422346500346876,11.211506859539021
13.349840015987533,29.98302567546482,94.5,11.734448976796035,34.20930536059707,19.430961620087594,39.36606183109083,62.370000000000005,7.696512643291559,5.156756470493761,9.264364207236572,6.08112160410006,9.383036155626012,11.181297217301642
13.660948181728013,29.8729724646548,95.0,12.053630039842899,34.12549934057301,19.76135720231808,39.27086058724046,62.7,7.707727162475182,5.145361246667456,9.267351313609783,6.100409020590067,9.397888122585663,11.204253272000475
13.979161163983232,29.78556252286189,95.5,12.374434748459011,34.04814083147588,20.091752784548568,39.1756593433901,63.03,7.717318036089557,5.127518511914225,9.265443527439809,6.112591620565336,9.39009682052821,11.204360518061687
14.291329871719597,29.678554588996185,96.0,12.687637241886387,33.94419758681383,20.42214836677905,39.08045809953973,63.36,7.734511124892665,5.1362605127259044,9.284602005238337,6.130818495059454,9.401903510543548,11.224202646109617
14.612491734309515,29.602692490305373,96.5,13.002740137832486,33.846166137949794,20.75254394900954,38.98525685568937,63.690000000000005,7.749803811177053,5.1390907177395775,9.298909211132855,6.140052214700024,9.382564365383999,11.213061815125087
14.921620879141084,29.487197157864177,97.0,13.3102763412971,33.72649373696038,21.082939531240026,38.890055611839,64.02,7.772663189942925,5.163561874878624,9.33148778598535,6.161318652098942,9.402858453974826,11.24169002588971
15.240149005536388,29.40094269308062,97.5,13.617921271036918,33.607101119075594,21.413335113470513,38.79485436798864,64.35000000000001,7.795413842433595,5.187753248913047,9.363827248855737,6.173186107934125,9.393911674908022,11.240720763330264
15.567365293015255,29.35817002413715,98.0,13.933298295763764,33.509955186199115,21.743730695700997,38.69965312413827,64.68,7.810432399937232,5.189697937939158,9.377410034814476,6.176365402685741,9.341483100001124,11.198696178354872
15.894264074841388,29.40330522592678,98.5,14.253650245781072,33.43074263593018,22.074126277931484,38.60445188028791,65.01,7.820476032150411,5.173709244357731,9.376945809515574,6.179862203090096,9.201146654361132,11.083852967458682
16.21446328075615,29.48313296879576,99.0,14.570392166551349,33.338143739463995,22.40452186016197,38.50925063643754,65.34,7.834129693610622,5.171106896973548,9.386902289692754,6.190058579405822,9.026117667641781,10.944753325981848
16.537189586829214,29.55203675220737,99.5,14.882652199997104,33.23140259691598,22.734917442392458,38.41404939258718,65.67,7.8522652423953545,5.182646795671204,9.40839504089891,6.197727855563244,8.86201264037981,10.814208182288525
16.8628197745756,29.60556226788219,100.0,15.199235457964965,33.13826269797651,23.065313024622945,38.31884814873681,66.0,7.86607756665798,5.180585450760304,9.418791955304528,6.202493250047347,8.713285880854624,10.695432359581517
17.167263556066512,29.73289641063861,100.5,15.524100446757144,33.08027356919311,23.395708606853432,38.22364690488645,66.33,7.871608160096288,5.14337333569334,9.40300506733968,6.22844505078692,8.490750494247841,10.530259811905974
17.49274644528474,29.787310460535252,101.0,15.843260422332559,32.996387277162164,23.72610418908392,38.12844566103608,66.66,7.8828437667513604,5.132058383873918,9.406234587043922,6.2333577437991785,8.34113520050083,10.412938355489059
17.804446653382346,29.895675493049936,101.5,16.16059514080871,32.90584073415989,24.056499771314407,38.03324441718572,66.99000000000001,7.895904630505697,5.1274036830258325,9.414647017427058,6.252053117932061,8.137568924135785,10.261978180862812
18.120563390646897,29.990386677295596,102.0,16.480810962729766,32.826079669777435,24.386895353544894,37.93804317333536,67.32000000000001,7.906084390815128,5.111963503557924,9.414793744761422,6.266331962897997,7.947656496039762,10.120877434702987
18.423088554101476,30.122214312777615,102.5,16.79942564659572,32.74014549016886,24.71729093577538,37.84284192948499,67.65,7.917865289179662,5.102696439316134,9.419665688834487,6.294202381673905,7.720627616707375,9.961178364899109
18.748039183864492,30.179721601155862,103.0,17.118192206663434,32.654776408045436,25.047686518005865,37.74764068563462,67.98,7.929494311342431,5.092864277589186,9.42412577290626,6.299647334141373,7.56791908447876,9.846773877964921
19.073701523740056,30.233051146313997,103.5,17.4359424520377,32.565699017173266,25.37808210023635,37.65243944178426,68.31,7.942139648198651,5.086740424610994,9.431463849204992,6.304380576496296,7.419388295470263,9.73614590750698
19.402429591244562,30.261996916898887,104.0,17.75647422127975,32.48721726829774,25.70847768246684,37.5572381979339,68.64,7.95200346118709,5.070020929636158,9.430772570350753,6.3060480912222765,7.295241281035011,9.642965720011944
19.732250545451773,30.272866055128024,104.5,18.07792722712334,32.41259847016939,26.038873264697326,37.46203695408353,68.97,7.9609460375739864,5.0494384839141375,9.42727377432087,6.306622719245553,7.189170898955506,9.563350267416377
20.01120867649643,30.096564151780182,105.0,18.39658117633169,32.32681000559565,26.369268846927813,37.36683571023316,69.3,7.972687670596123,5.0400257046375145,9.432158172776912,6.358060170431383,7.270271558452979,9.658249202856398
20.2892427585502,29.918808563354617,105.5,18.71380270297813,32.23586769953239,26.6996644291583,37.2716344663828,69.63000000000001,7.985861726180172,5.035766766850408,9.441024014363292,6.410421670608102,7.352825903028183,9.754873384890455
20.543123455965652,29.707989703951945,106.0,19.032245574221278,32.149299011460904,27.030060011388784,37.17643322253244,69.96000000000001,7.997814437167506,5.027134211071534,9.446539797592068,6.4869365554231315,7.468443518580493,9.89231997381362
20.783135624110265,29.481507565268732,106.5,19.35162945383648,32.066269273162256,27.36045559361927,37.08123197868207,70.29,8.00882613978279,5.014962705519814,9.449399297046492,6.577319969509006,7.5997244134133375,10.050718837035122
20.851518130028573,29.1586704037084,107.0,19.666896940065723,31.96876844174685,27.690851175849758,36.9860307348317,70.62,8.023954235784036,5.017262293084851,9.463443479810488,6.839333045821185,7.827360331123302,10.394423806296546
21.000956193126964,28.864445548712425,107.5,19.972930498224677,31.845304028734155,28.021246758080245,36.89082949098134,70.95,8.048316259855568,5.045525462247184,9.499090577989042,7.020290564953282,8.026383942268914,10.663363390838951
21.307145443635214,28.987523340670176,108.0,20.297770725766743,31.787176353996394,28.351642340310732,36.79562824713098,71.28,8.05387161454399,5.008451893134584,9.48416777315758,7.044496896675518,7.808104906460802,10.516246419591367
21.40738499201726,28.67311590923739,108.5,20.596511575017804,31.64698396836595,28.68203792254122,36.70042700328061,71.61,8.085526347523416,5.0534430349146575,9.534832081564039,7.27465293052396,8.02731109404322,10.83320352712577
21.461597217210773,28.347599343392318,109.0,20.90184217388805,31.521791215406616,29.012433504771707,36.60522575943025,71.94,8.110591330883658,5.083434544023632,9.571990310273923,7.550836287560934,8.25762641603793,11.189437996092314
21.548691878828272,28.02929992473477,109.5,21.212850126262143,31.411455121765083,29.34282908700219,36.51002451557988,72.27000000000001,8.129978960740047,5.098569393814795,9.596456000296191,7.794137208173918,8.48072459084511,11.518301281248293
21.63719824282542,27.71139015210737,110.0,21.525791124065154,31.306727227228546,29.673224669232678,36.41482327172952,72.60000000000001,8.147433545167523,5.1080960445009715,9.616304829442935,8.036026426407258,8.703433119622147,11.845989565825708
21.7730754564153,27.410662064248836,110.5,21.84444573506672,31.220941220867132,30.003620251463165,36.31962202787915,72.93,8.159174516396444,5.098680807012016,9.62126159922938,8.230544795047866,8.908959963630313,12.128950294928963
21.977626220786373,27.15170456813179,111.0,22.16225266693712,31.132066285957887,30.334015833693652,36.22442078402879,73.26,8.17176316675653,5.0923544980709,9.628592191363266,8.356389612907279,9.072716215896996,12.334643363182616
22.22304329350448,26.931090741687314,111.5,22.476505130804462,31.031341964399953,30.66441141592414,36.12921954017842,73.59,8.187906285119677,5.097877575778465,9.645214622367261,8.441368122419657,9.198128798491105,12.484481133464625
22.528682865301686,26.806654203035595,112.0,22.79212059105895,30.934973498352452,30.994806998154626,36.03401829632806,73.92,8.202686407095676,5.099044797975605,9.658380927718385,8.46612413285294,9.227364093292461,12.522759517896123
22.844406105049934,26.71063943394839,112.5,23.108338543514904,30.840600798144376,31.325202580385113,35.93881705247769,74.25,8.21686403687021,5.0982162543333125,9.669987775398653,8.480796475335179,9.228177618529298,12.533282531531102
23.155734172053293,26.601209846103274,113.0,23.424353167431512,30.745549456907938,31.655598162615597,35.84361580862733,74.58,8.231244995184085,5.098066351719389,9.682131722780706,8.499863990562304,9.242405962524053,12.556661810933585
23.45204946222695,26.455960925937575,113.5,23.73427231034316,30.632191065701516,31.985993744846084,35.74841456477696,74.91,8.251721434502922,5.116223499075442,9.709101375777612,8.533944282619135,9.292453638839383,12.61657242078161
23.74410675239787,26.30232974662159,114.0,24.04072849787299,30.509779444011897,32.31638932707657,35.6532133209266,75.24000000000001,8.27566082920358,5.143433876914699,9.743791572391533,8.572282574678702,9.350883574305005,12.685545008408084
24.035254859108406,26.146982458396565,114.5,24.346230639517934,30.385005883309507,32.64678490930706,35.55801207707623,75.57000000000001,8.300554269789124,5.173006193766721,9.780551838544865,8.611530050198652,9.411029618679663,12.756407342553008
24.336733644365598,26.012779097634446,115.0,24.65687028667341,30.27363708330196,32.977180491537545,35.462810833225866,75.9,8.320310204864136,5.189173749923906,9.80586998241694,8.640446847171948,9.45003173559142,12.804703101692308
24.624092609177442,25.85052982847657,115.5,24.964625877193605,30.154530003312704,33.30757607376803,35.3676095893755,76.23,8.342950196574428,5.213079586062793,9.837734330278792,8.68348346459059,9.517079760898927,12.88323298924343
24.922076384267267,25.70873536531522,116.0,25.27295646452085,30.036919421652566,33.63797165599852,35.272408345525136,76.56,8.36501519147767,5.23548892387257,9.868324246073625,8.715895271731252,9.563672980209915,12.939500425448596
25.237114312305803,25.610495333265213,116.5,25.591459376516838,29.950571896788936,33.96836723822901,35.17720710167477,76.89,8.37690786171217,5.226635204885831,9.873717683252195,8.731252925923204,9.566711768409554,12.952094491481615
25.55590897084853,25.525231239505732,117.0,25.904634305602155,29.84654563187278,34.29876282045949,35.082005857824406,77.22,8.394128514857332,5.235460225951627,9.892999408746693,8.742853849610956,9.556774618318673,12.952584087393417
25.866897441563005,25.414840247650993,117.5,26.21859436745013,29.74491355246664,34.62915840268998,34.98680461397404,77.55,8.410564035239851,5.2418910615073955,9.910348595865898,8.762260961126977,9.571964366323044,12.976891730343132
26.196859878548725,25.409861274017445,118.0,26.53610791283679,29.654996098677103,34.95955398492046,34.891603370123676,77.88000000000001,8.42344607208367,5.236607271446573,9.918492801059491,8.762694106371736,9.481742096106231,12.91078003758545
26.524223219774303,25.368229041052764,118.5,26.850883513249013,29.555918748161837,35.289949567150956,34.79640212627331,78.21000000000001,8.439066053901943,5.24048337811147,9.933806012721545,8.765726347376653,9.428173085220543,12.87355452553685
26.85422020527222,25.366818522606156,119.0,27.162791762604787,29.448153985907123,35.620345149381436,34.701200882422945,78.54,8.457553386776649,5.253046896515823,9.956139361578447,8.766124944109215,9.33438235981679,12.805297363786313
27.18419641301828,25.370781138096994,119.5,27.47922332655399,29.354500019965137,35.95074073161193,34.60599963857258,78.87,8.471517405057941,5.25149961860744,9.967188941142519,8.766544318593649,9.235218500475582,12.733481850671994
27.509421100758694,25.426717731523397,120.0,27.8011320945308,29.281872579561032,36.28113631384241,34.510798394722215,79.2,8.48000421931161,5.228925815161183,9.962536661915063,8.771715213083716,9.084080663198819,12.627886176037025
27.830262174191155,25.50392528036874,120.5,28.120579483289465,29.1990875216383,36.6115318960729,34.41559715087185,79.53,8.490952412783432,5.2165096292335456,9.965352256094066,8.781269721881742,8.911671870503106,12.511138775345488
28.156054565555173,25.55645448871338,121.0,28.435561154790047,29.10066726651417,36.941927478303384,34.320395907021485,79.86,8.506366323513337,5.219728640507316,9.980172098232282,8.78587291274821,8.763941418308104,12.409602411942899
28.485510873776665,25.57538966690284,121.5,28.750776138464254,29.002996830520107,37.27232306053387,34.225194663171116,80.19,8.521546922069618,5.222197832651009,9.994404041681479,8.786812186757206,8.649804996268276,12.329930854583598
28.812913206085234,25.616714148737568,122.0,29.06918159711602,28.916290637542,37.60271864276436,34.129993419320755,80.52000000000001,8.533537045648337,5.213702781778753,10.000197558357538,8.789805436679124,8.513279270583187,12.236690874317913
29.14291308609509,25.616432735373742,122.5,29.38063415976219,28.807215886929708,37.933114224994846,34.034792175470386,80.85000000000001,8.552480065232654,5.2275762885406785,10.023595618275644,8.790201138899757,8.418359440096644,12.1711302566762
29.47265675375189,25.603428365329783,123.0,29.687163593037763,28.68498779467691,38.26350980722533,33.939590931620025,81.18,8.57634621418757,5.254603136943114,10.058059878146574,8.790853053473441,8.336162566290241,12.114895944224285
29.799818740721214,25.560242322650637,123.5,29.995411125615462,28.56715970524251,38.59390538945581,33.844389687769656,81.51,8.598494263840351,5.277229982527146,10.088768997939187,8.794086648734599,8.284147365119019,12.081517187524938
30.12952752825077,25.546381751746452,124.0,30.310728629508375,28.46982075240891,38.92430097168631,33.749188443919294,81.84,8.613572342177932,5.279367691510384,10.102739812352702,8.794773443435538,8.202806692172842,12.026390878003033
30.452893985497333,25.48054760917737,124.5,30.623319015968903,28.364050953825107,39.25469655391679,33.653987200068926,82.17,8.631377537947884,5.289936246243819,10.123443272519259,8.801802568419454,8.173439590891554,12.011529594493318
30.779608273514437,25.434095763084066,125.0,30.936271688110843,28.25935795024216,39.58509213614728,33.558785956218564,82.5,8.648820448036439,5.299428005976406,10.143275227109847,8.805483862632844,8.124690193134498,11.981115840751366
31.105314500342132,25.381034913056325,125.5,31.24947301864728,28.155411201614765,39.91548771837776,33.4635847123682,82.83,8.666014699730482,5.308173510753438,10.16250543892643,8.81017321803563,8.082549799311877,11.956034601411488
31.43292425711073,25.341388383952005,126.0,31.56411013919504,28.05589495985788,40.245883300608256,33.368383468517834,83.16000000000001,8.681773161413215,5.312488508659953,10.178198238434879,8.812959043497525,8.02699508456583,11.920608088097218
31.7624912413484,25.35828817390599,126.5,31.879202413291715,27.957829375657376,40.576278882838736,33.273182224667465,83.49000000000001,8.69707646954702,5.31535284901009,10.192748158697347,8.813787641490336,7.914894050761475,11.846028888368759
32.0903981145184,25.39539723651704,127.0,32.190020009094894,27.84695817949204,40.90667446506922,33.177980980817104,83.82000000000001,8.716654455974329,5.331022801325062,10.217625409707718,8.816276350550822,7.782583744300062,11.75990384426358
32.39943304024165,25.511144438138626,127.5,32.50977474746491,27.7653683070205,41.23707004729971,33.08277973696674,84.15,8.7272952998348,5.317411429946244,10.219615822810638,8.837637007058063,7.571635298828117,11.637589482662728
32.69350516300844,25.66088283205092,128.0,32.83075639784692,27.688747290856263,41.5674656295302,32.987578493116374,84.48,8.736709231683278,5.298831202260111,10.218008627370851,8.873960466521758,7.326695661065454,11.507721045944171
33.008840618752345,25.75816361304482,128.5,33.14202949671738,27.579161443596767,41.897861211760684,32.892377249266005,84.81,8.755831715043307,5.313215805669238,10.241818745699986,8.88902059300834,7.134213636221183,11.397881000877778
33.32939811684786,25.836540206583607,129.0,33.44524684966963,27.44893380878514,42.22825679399117,32.79717600541564,85.14,8.783009944321542,5.348242196630505,10.28323676066394,8.89885867714331,6.960635798832037,11.297793434106984
33.65208962678952,25.905606764421506,129.5,33.75897523440748,27.346588801042806,42.55865237622166,32.70197476156528,85.47,8.799677141814179,5.355385960522476,10.3011881152772,8.90656274943214,6.796367997143776,11.203458303674465
33.972412134690856,25.98493828988143,130.0,34.07652363013289,27.256794500710225,42.889047958452146,32.60677351771491,85.8,8.812524328319256,5.349979017004689,10.309357910151785,8.91663582376129,6.621835227833483,11.10653394170115
34.295226733493124,26.05342722913538,130.5,34.39156270522539,27.15855814712937,43.21944354068263,32.511572273864545,86.13000000000001,8.827880835457243,5.353014126735175,10.324061230255253,8.92421680718951,6.458145044729164,11.015865060923884
34.619143367006174,26.116498732475424,131.0,34.71029494638936,27.073061021782422,43.54983912291312,32.41637103001418,86.46000000000001,8.83954417652376,5.343310008231761,10.329012687221601,8.930695755906946,6.299872297538759,10.929122455616948
34.94911267593064,26.12099930665092,131.5,35.02221507517834,26.965330648830918,43.88023470514361,32.32116978616382,86.79,8.85801962996527,5.355839137332904,10.35130545534412,8.931122029212965,6.200170479512902,10.872306778035485
35.278005008956356,26.093983880004185,132.0,35.337737471257824,26.8686579144522,44.210630287374094,32.22596854231345,87.12,8.87289281611627,5.357310627861253,10.36479638438126,8.932625278417738,6.131984662309268,10.83480642482475
35.60671857411468,26.06487388033221,132.5,35.652271410279305,26.76881603344212,44.541025869604574,32.130767298463084,87.45,8.88875445932527,5.361951265020963,10.380774403031538,8.934307295489894,6.065893418130873,10.798930956829356
35.932821762042664,26.01430995224897,133.0,35.96011654158077,26.649940572837394,44.87142145183506,32.03556605461272,87.78,8.911304910254294,5.385625481775328,10.412315642232041,8.938599689792397,6.021256102363754,10.777480664079592
36.25604290454629,25.947766034129813,133.5,36.26551451077888,26.52491225440645,45.20181703406555,31.940364810762357,88.11,8.93630252328667,5.415452556355909,10.449144901753515,8.945774129519258,5.992598776632544,10.767456286146412
36.57632561353784,25.868273982193557,134.0,36.574793434808214,26.409818609268,45.532212616296036,31.845163566911992,88.44,8.957419181487822,5.435344957643991,10.477515602540134,8.955887002758196,5.976889584718435,10.767131517451103
36.90048545603498,25.806464626006722,134.5,36.88980757709532,26.31150233310214,45.86260819852652,31.749962323061627,88.77000000000001,8.972800621431205,5.438459989959487,10.49228278566425,8.962122742491545,5.943497697054905,10.753827640723145
37.21393787637116,25.7032775135101,135.0,37.1999279429,26.19869560141837,46.19300378075701,31.654761079211262,89.10000000000001,8.993075837857013,5.456065477792894,10.518748191843507,8.979065904385848,5.951483565701164,10.772361911304108
37.52117034222584,25.582827474386583,135.5,37.50471120673852,26.07217618755656,46.5233993629875,31.559559835360897,89.43,9.018688156248977,5.487383647804336,10.556898946085257,9.00222902076166,5.976732360974314,10.805621548849517
37.82927675622515,25.464630868460336,136.0,37.81028635815646,25.947581537447082,46.853794945217984,31.464358591510532,89.76,9.043508587061524,5.51677705406345,10.593388345024293,9.024518188992836,5.999727723050196,10.836911981473303
38.15570389733821,25.416202348508232,136.5,38.12956703067225,25.864155809054314,47.18419052744847,31.369157347660167,90.09,9.054623496776223,5.505001538605853,10.596756513595322,9.028486630110258,5.952954999151935,10.814399847056132
38.46689702278282,25.30638960482144,137.0,38.44459920393244,25.765897324377615,47.51458610967896,31.2739561038098,90.42,9.069986905746518,5.5080587794321865,10.611473695396567,9.047689086896142,5.9675664989883614,10.838474419077057
38.761514146785494,25.157726394024714,137.5,38.75324580060025,25.64911856618341,47.844981691909446,31.17875485995944,90.75,9.091735891309199,5.529636293776029,10.641265857912064,9.083467545123952,6.021028465934727,10.897805578689521
39.05279123898961,25.002621089289146,138.0,39.06722298416866,25.547539394113297,48.17537727413993,31.08355361610907,91.08,9.108154289971274,5.536014221995774,10.65860816598779,9.12258603515032,6.080932526819925,10.963544881308062
39.352387829126826,24.864266894635872,138.5,39.382107673251944,25.44880929444292,48.50577285637042,30.98835237225871,91.41000000000001,9.123665183118476,5.5395430778157895,10.673696823716941,9.153385027243594,6.124085477622838,11.013123099021374
39.64569408165059,24.713033822093962,139.0,39.68999512482082,25.33004348637332,48.83616843860091,30.89315112840834,91.74000000000001,9.14617331378009,5.563107642035021,10.705169448568832,9.190474356950318,6.180117306314379,11.075137417908993
39.940348403885764,24.56444435278967,139.5,39.994704353680895,25.20334587058084,49.16656402083139,30.79794988455798,92.07000000000001,9.171859667150493,5.59460401397714,10.74349123083884,9.226215616945623,6.233505531768309,11.134614758713361
40.21629044935578,24.383458199888896,140.0,40.30138789190997,25.081504960459085,49.496959603061875,30.70274864070761,92.4,9.195571711151906,5.621243680248526,10.77761196219604,9.280669153706093,6.319290440818715,11.227833790004844
40.4948116481573,24.206466839031464,140.5,40.616787627931046,24.984432788762785,49.82735518529236,30.60754739685725,92.73,9.210567557361315,5.623114608094465,10.791384184824585,9.33254353713506,6.401080557825786,11.316810556879382
40.75258920905513,24.000431091896253,141.0,40.92976089429132,24.879801366408973,50.15775076752285,30.51234615300688,93.06,9.227989873231529,5.632544786597908,10.811168201147133,9.405161558467718,6.511915061110628,11.439497441059128
41.01125544565251,23.79551213707618,141.5,41.238502042357,24.76327281415209,50.488146349753336,30.41714490915652,93.39,9.249644307396338,5.653872095004431,10.840765170412062,9.476890904100827,6.621632772080339,11.561032902665634
41.2730077972737,23.594550184406586,142.0,41.54967697505659,24.65340852851111,50.81854193198382,30.32194366530615,93.72,9.268864956927231,5.66853513679504,10.86481238617739,9.545534134710124,6.727393480899565,11.677972639279735
41.53092762641932,23.388692559496807,142.5,41.8579034236987,24.53552529663535,51.14893751421431,30.22674242145579,94.05000000000001,9.291034090515609,5.69121712482044,10.895561795197743,9.61800988779499,6.838049861958982,11.801060974181917
41.7894880711588,23.183640135916587,143.0,42.1661543329033,24.417706041101543,51.4793330964448,30.13154117760542,94.38000000000001,9.3131787635415,5.713835136503878,10.926262428151114,9.689845025285997,6.947901041688834,11.92335630177848
42.04735809525681,22.977720125544376,143.5,42.46945678660964,24.287676730653057,51.809728678675285,30.03633993375506,94.71000000000001,9.340271892065644,5.7486632031020015,10.967579844268766,9.762370583418473,7.058619808210683,12.046908026745227
42.32360494874729,22.797199556254863,144.0,42.774809167747904,24.162537115290075,52.14012426090577,29.94113868990469,95.04,9.365315093157868,5.7786015746146155,11.004606442407155,9.816519312158484,7.143939133649827,12.140836781345588
42.62526360790289,22.663401001119002,144.5,43.07590567091932,24.02747825487009,52.47051984313626,29.84593744605433,95.37,9.39461417221694,5.818459191184239,11.05048608905037,9.845256235233371,7.182536444935327,12.186792035651786
42.95468692454237,22.643900271536683,145.0,43.37869367472446,23.89625544910944,52.800915425366746,29.75073620220396,95.7,9.422221750642287,5.854480753094521,11.092935031209313,9.846228500824374,7.106835930667277,12.143118735970164
43.278409417697915,22.707960769701764,145.5,43.689415636392006,23.785116515618647,53.13131100759723,29.6555349583536,96.03,9.441895371205227,5.870418442734952,11.118057424459964,9.852901589899318,6.947574188651835,12.05605477953139
43.56816683456119,22.865886826363486,146.0,43.99336057368388,23.656596186119224,53.46170658982772,29.56033371450323,96.36,9.46834601614384,5.903737528384006,11.158122292100792,9.89353975526653,6.694446888139744,11.945616268203295
43.85172744569483,23.034686648085895,146.5,44.294423748362846,23.521463048613196,53.79210217205821,29.46513247065287,96.69,9.497678423695362,5.943669422039672,11.204155552223373,9.94037472636338,6.430445822566973,11.838989955967227
44.166767571787105,23.13291963109955,147.0,44.59662865586243,23.388902896670132,54.12249775428869,29.3699312268025,97.02000000000001,9.525869098426256,5.981028330132368,11.247883443839477,9.955730182501583,6.237011595702949,11.748058440087283
44.47701759733353,23.24536927159894,147.5,44.89818868669725,23.254882197511755,54.452893336519175,29.274729982952138,97.35000000000001,9.554704649821922,6.019847785440383,11.292960121473914,9.975875739185646,6.029360711353199,11.656383974084001
44.80451497349253,23.28593364770618,148.0,45.202603091074096,23.12747783962753,54.78328891874966,29.17952873910177,97.68,9.580685827675566,6.052050899474239,11.332116352140511,9.978773945257132,5.893595091395589,11.589236064204783
45.13061247601534,23.336534229208635,148.5,45.50436033147547,22.993901764429356,55.11368450098015,29.084327495251408,98.01,9.609324169504681,6.0904257308220515,11.37683596512168,9.983072024964812,5.747793266042773,11.51949888167023
45.46048313443578,23.34577266594123,149.0,45.80227290178058,22.851957759785982,55.444080083210636,28.98912625140104,98.34,9.641807181430053,6.137168491615057,11.429316813281046,9.983596948774853,5.64335358545981,11.468201590751212
45.7881173654499,23.306328900048666,149.5,46.09649809584001,22.702520364263,55.77447566544112,28.893925007550678,98.67,9.677977569601111,6.1914046432876795,11.488983475252564,9.986358299991224,5.587596107502012,11.443276731617358
46.10308598953341,23.20786689802282,150.0,46.40065542178588,22.57450348618257,56.10487124767161,28.798723763700313,99.0,9.704215825885733,6.224220277517741,11.528778029714777,10.001785258138199,5.590856865677491,11.458332725244269
46.42683782473323,23.14395485530198,150.5,46.70218646409053,22.44041757891909,56.4352668299021,28.703522519849948,99.33,9.733080365811567,6.263104940930859,11.574080391480749,10.008429005168871,5.559567664547966,11.448905789122072
46.712217209855204,22.97824846874008,151.0,46.99941643266501,22.29704971019944,56.765662412132585,28.608321275999582,99.66000000000001,9.766245979467577,6.311271565800144,11.628056987680445,10.05344520227738,5.630072807259502,11.522563961646599
47.01206174494872,22.84043245089544,151.5,47.29702626789049,22.15447206126012,57.09605799436307,28.513120032149217,99.99000000000001,9.799031726472585,6.358647970889098,11.681328126292332,10.083996249414355,5.672687581253776,11.57006329942553
47.32508905313425,22.73596281736435,152.0,47.61132896180121,22.05390458838513,57.42645357659356,28.417918788298852,100.32000000000001,9.815124614792346,6.364014199913722,11.697749695587015,10.10136452345931,5.681955970934503,11.589744988197134
47.638604232688984,22.63296654467081,152.5,47.929380393388996,21.965908640382036,57.756849158824046,28.322717544448487,100.65,9.82746876543505,6.356808904066451,11.70419419603161,10.118244926135063,5.689750999777676,11.608279236162826
47.944297125161825,22.50866105206655,153.0,48.246290707629456,21.873887704025062,58.08724474105453,28.227516300598122,100.98,9.840954033425078,6.35362859657306,11.713794117670682,10.142947615892709,5.718855248531572,11.644083978244089
48.189085816020246,22.28735019189963,153.5,48.55106550683073,21.74734790091228,58.41764032328502,28.132315056747757,101.31,9.866574816454289,6.384967155835476,11.752323352843376,10.228554507264775,5.8449648648481265,11.78078696774522
48.37148246952567,22.562361938539702,154.0,48.72656858673192,22.026809291707494,58.7480359055155,28.037113812897392,101.64,10.021467318783579,6.010304521189898,11.685613704845931,10.376553435989834,5.47475187435769,11.73225337672757
48.51249905655543,22.860714619409972,154.5,48.87032144476591,22.323853254458903,59.07843148774599,27.941912569047027,101.97,10.208110042980081,5.618059314588123,11.651956964897405,10.56593243119056,5.081197949637055,11.724227085137864
