Timestamp_(ms),Type,step,value_1,value_2,value_3,GroundTruth,value_4,value_5,turns,Compass_Heading,gyro_magnitude,gyro_roll_mean,gyro_roll_std,heading_diff,heading_roll_std,is_qs_candidate,Quasi_Static_Interval,Quasi_Static_Interval_Number
1740465065113,Compass,0.0,68.55789528823061,2.2388775,5.671234,0.0,0.0,0.0,0,2.238877500000001,226.94299781926816,323.9820959816136,36.4414957176345,,1.5350760325233026,True,1,0
1740465068543,Compass,0.5,66.4146423208187,0.11055572,6.0490417,0.0,0.0,0.0,0,0.11055571999997937,264.0134527805434,323.9820959816136,36.4414957176345,2.1283217800000216,1.5350760325233026,True,1,0
1740465068854,Compass,1.0,63.52724563130375,5.097632,357.82974,0.0,0.0,0.0,0,5.097631999999976,293.6627260497728,323.9820959816136,36.4414957176345,4.987076279999997,1.5350760325233026,True,1,0
1740465071515,Compass,1.5,63.23560854059997,9.095385,357.9903,0.0,0.0,0.0,0,9.095385000000022,316.57245578343077,323.9820959816136,36.4414957176345,3.9977530000000456,1.5350760325233026,True,1,0
1740465071981,Compass,2.0,63.23560854059997,8.946061,352.57037,0.0,0.0,0.0,0,8.946060999999986,333.4252411511325,323.9820959816136,36.4414957176345,0.14932400000003554,1.5350760325233026,True,1,0
1740465072293,Compass,2.5,62.886119792049506,6.301636,344.263,0.0,0.0,0.0,0,6.301635999999974,344.9041011191216,323.9820959816136,36.4414957176345,2.6444250000000125,1.5350760325233026,True,1,0
1740465072654,Compass,3.0,63.12441212597548,5.882438,343.909,0.0,0.0,0.0,0,5.882437999999979,351.69226172202985,323.9820959816136,36.4414957176345,0.4191979999999944,1.5350760325233026,True,1,0
1740465072913,Compass,3.5,63.12441212597548,9.316307,338.84146,0.0,0.0,0.0,0,9.316306999999995,354.4730604792185,323.9820959816136,36.4414957176345,3.4338690000000156,1.5350760325233026,True,1,0
1740465073274,Compass,4.0,62.92967925589642,8.794398,330.07718,0.0,0.0,0.0,0,8.794398000000001,353.929898894811,330.5694759878806,24.679958487137593,0.5219089999999937,1.5350760325233026,True,1,0
1740465073514,Compass,4.5,62.74237378956903,7.233145,327.6892,0.0,0.0,0.0,0,7.233144999999979,350.7462168653427,334.5651825259192,16.694835933219483,1.561253000000022,1.5387324000364657,True,1,0
1740465073915,Compass,5.0,62.17188874402965,6.719947,336.8529,0.0,0.0,0.0,0,6.719946999999991,345.605477911688,336.5031668815844,12.852766625841525,0.5131979999999885,1.2762245371271155,True,1,0
1740465074233,Compass,5.5,60.40504557774955,9.84829,333.3042,0.0,0.0,0.0,0,9.84829000000002,339.7063975171905,336.8448706811759,12.343067632163976,3.1283430000000294,1.0676937907269908,True,1,0
1740465074594,Compass,6.0,59.92355155738017,8.1529455,329.3497,0.0,0.0,0.0,0,8.152945499999987,329.3599636397291,335.9861560164999,13.02707379867542,1.695344500000033,1.0213181255205528,True,1,0
1740465074835,Compass,6.5,58.822163127515125,7.9506803,329.8636,0.0,0.0,0.0,0,7.950680299999988,327.94353149694797,334.24987590935785,13.481267459579037,0.20226519999999937,1.526295473277944,True,1,0
1740465075413,Compass,7.0,58.0171378236638,9.177109,331.32327,0.0,0.0,0.0,0,9.177108999999973,326.75365649397753,332.02723996198654,13.144268216966724,1.2264286999999854,1.493421826118296,True,1,0
1740465075553,Compass,7.5,57.48658131468596,9.606833,327.33188,0.0,0.0,0.0,0,9.606832999999995,325.7536979132727,329.5792713647134,12.03815558258381,0.42972400000002153,1.4107205403392455,True,1,0
1740465076017,Compass,8.0,55.93138933103665,8.366432,327.48416,0.0,0.0,0.0,0,8.366431999999975,323.94905085112265,327.2985405557489,10.194843933798461,1.2404010000000198,1.4302655021462891,True,1,0
1740465076133,Compass,8.5,53.521972707477815,8.881012,316.25204,0.0,0.0,0.0,0,8.881011999999998,322.73249138474995,325.3076790073074,7.95970531935755,0.5145800000000236,1.4322577259351588,True,1,0
1740465076515,Compass,9.0,47.34967990916095,10.528423,319.3781,0.0,0.0,0.0,0,10.528422999999975,321.69801277730403,323.69309513066463,5.677441497551777,1.6474109999999769,1.4047848544237396,True,1,0
1740465076777,Compass,9.5,47.34967990916095,12.089544,322.1902,0.0,0.0,0.0,0,12.08954399999999,320.5445211809918,322.4433972401578,3.574507885428338,1.5611210000000142,1.3455099582075372,True,1,0
1740465077255,Compass,10.0,47.34967990916095,6.2008467,320.96286,0.0,0.0,0.0,0,6.2008467,318.8598995119921,321.8186788603396,3.0613914836681233,5.88869729999999,1.3570730928926014,True,1,0
1740465077374,Compass,10.5,47.59767917136297,4.8472376,317.1849,0.0,0.0,0.0,0,4.847237599999971,318.35272251145966,321.12389337748687,2.7375501383593055,1.3536091000000283,1.5775478907140295,True,1,0
1740465077974,Compass,11.0,48.328223508628994,6.313937,317.62842,0.0,0.0,0.0,0,6.31393700000001,317.75353152012144,320.3096423446865,2.7597659580787344,1.4666994000000386,1.5897767048933713,True,1,0
1740465078093,Compass,11.5,48.328223508628994,6.501918,313.15366,0.0,0.0,0.0,0,6.501917999999989,319.71893676034347,319.35613679973073,3.1828389388725142,0.1879809999999793,1.5548519600121156,True,1,0
1740465078473,Compass,12.0,48.328223508628994,4.699903,315.8049,0.0,0.0,0.0,0,4.699903000000006,320.8832936387195,318.33908951578155,3.9543019651784492,1.802014999999983,1.581791729832166,True,1,0
1740465078734,Compass,12.5,46.32198789451938,3.1624293,314.15567,0.0,0.0,0.0,0,3.1624292999999852,321.38671976204665,317.25540418183084,4.801023856079368,1.537473700000021,1.5872511732714216,True,1,0
1740465079113,Compass,13.0,46.08424690173422,2.193576,323.3997,0.0,0.0,0.0,0,2.1935760000000073,320.96092915958906,316.1017656383607,5.659555019989909,0.9688532999999779,17.954742134934726,False,0,-1
1740465079415,Compass,13.5,46.08424690173422,4.3581843,322.31186,0.0,0.0,0.0,0,4.358184300000005,319.98918794245566,314.91736161137766,6.465060294108156,2.1646082999999976,17.908033787514174,False,0,-1
1740465079876,Compass,14.0,46.08424690173422,-0.6151072,321.65973,0.0,0.0,0.0,0,359.3848928,317.52174925415716,313.7782525387177,7.185890114915148,4.973291500000016,17.905560252209582,False,0,-1
1740465080015,Compass,14.5,46.22119035139619,-1.475981,317.62506,0.0,0.0,0.0,0,358.524019,314.5398910019713,312.6506389507684,7.723751883572474,0.8608737999999789,17.93781120761826,False,0,-1
1740465080593,Compass,15.0,46.22119035139619,1.0446459,323.99896,0.0,0.0,0.0,0,1.0446458999999777,311.4511147389365,311.6071583141373,8.03609981277813,2.520626899999968,17.931840638695277,False,0,-1
1740465080694,Compass,15.5,46.31903631337768,1.668742,321.25522,0.0,0.0,0.0,0,1.6687420000000088,308.69334159188526,310.48462521622685,7.997987808949682,0.6240961000000311,17.88215312694347,False,0,-1
1740465081035,Compass,16.0,46.31903631337768,2.0966506,325.71747,0.0,0.0,0.0,0,2.0966505999999754,306.47721137548865,309.3422579507332,7.621524955766305,0.42790859999996655,17.846315343037734,False,0,-1
1740465104933,Compass,16.5,48.15826772216791,-69.05118,284.51544,0.0,0.0,0.0,0,290.94882,304.3934346252518,308.2379583669426,6.919416067550842,71.14783059999996,17.793530123213728,False,0,-1
1740465105193,Compass,17.0,48.577057020264206,-77.5954,283.43228,0.0,0.0,0.0,0,282.4046,302.7784607762466,307.22798463603743,5.97022571018539,8.544219999999996,17.774071097119236,False,0,-1
1740465105573,Compass,17.5,48.804776917838694,-84.63353,283.36273,0.0,0.0,0.0,0,275.36647,301.77326342209284,306.3442918965042,4.815841042849659,7.038130000000024,17.731632152829064,False,0,-1
1740465105873,Compass,18.0,48.804776917838694,-84.56677,282.90884,0.0,0.0,0.0,0,275.43323,301.4385186922205,305.709159463709,3.7457609592002936,0.06675999999998794,17.777279723252153,False,0,-1
1740465106373,Compass,18.5,50.05578918816484,-86.313255,283.063,0.0,0.0,0.0,0,273.686745,302.1013219706544,305.27341395048376,2.9382353168657374,1.746485000000007,17.735412083106343,False,0,-1
1740465106654,Compass,19.0,51.63767247610992,-88.65618,285.8724,0.0,0.0,0.0,0,271.34382,302.88094029168633,305.0184786133686,2.4966559544999525,2.3429249999999797,17.766982417993326,False,0,-1
1740465107033,Compass,19.5,54.86300409884607,-84.79624,292.3081,0.0,0.0,0.0,0,275.20376,303.74778465631573,304.9368191734063,2.3854288511919415,3.8599399999999946,17.71953454319745,False,0,-1
1740465107293,Compass,20.0,57.53806484623896,-80.183685,299.75345,0.0,0.0,0.0,0,279.81631500000003,304.82222600518736,304.99411347026955,2.4348777551579897,4.612555000000043,17.62898256322151,False,0,-1
1740465107635,Compass,20.5,60.940961440151234,-81.94394,301.61365,0.0,0.0,0.0,0,278.05606,305.81132319601176,305.18356146201774,2.4946214608478234,1.7602550000000292,2.292317861885557,True,1,1
1740465107993,Compass,21.0,63.534531703239935,-86.63995,297.14728,0.0,0.0,0.0,1,273.36005,306.7337968494579,305.4533818566645,2.434047045883778,4.696010000000001,1.7781387216491698,True,1,1
1740465108177,Compass,21.5,64.07432817634532,-84.486305,303.43262,0.0,0.0,0.0,1,275.513695,307.9947627622288,305.8004328441847,2.234819418430359,2.153644999999983,1.5465442972011099,True,1,1
1740465108553,Compass,22.0,64.07432817634532,-81.82924,300.21573,0.0,0.0,0.0,1,278.17076,308.0037083035922,306.2308360673396,1.9365331431533719,2.6570649999999887,1.347945958265861,True,1,1
1740465108753,Compass,22.5,64.07432817634532,-82.980965,300.26758,0.0,0.0,0.0,1,277.01903500000003,307.62708468220904,306.7096021247119,1.718090094733957,1.1517249999999422,1.5102538224198758,True,1,1
1740465109113,Compass,23.0,60.14672814251828,-85.57676,292.70163,0.0,0.0,0.0,1,274.42324,307.4684499924504,307.1951286576768,1.5825550282670946,2.5957950000000096,1.6007417244138131,True,1,1
1740465109453,Compass,23.5,56.87781586435964,-80.85969,291.92224,0.0,0.0,0.0,1,279.14031,307.3366258284376,307.7256067625823,1.6753674355109196,4.717069999999978,1.6943250086100692,True,1,1
1740465109714,Compass,24.0,56.30903152470303,-79.32175,292.3815,0.0,0.0,0.0,1,280.67825,307.2351545014746,308.265010152227,1.9532746401180194,1.5379399999999919,1.6830442232356495,True,1,1
1740465109993,Compass,24.5,54.70006998395889,-82.68449,293.68158,0.0,0.0,0.0,1,277.31551,306.8257666959489,308.78710004586554,2.2713108328939766,3.362739999999974,1.6728599556826511,True,1,1
1740465110273,Compass,25.0,54.70006998395889,-88.10375,285.48376,0.0,0.0,0.0,1,271.89625,306.9790282348949,309.2273030511772,2.4756147504118085,5.419260000000008,1.5866236479130431,True,1,1
1740465110475,Compass,25.5,54.70006998395889,-85.55008,293.49942,0.0,0.0,0.0,1,274.44992,307.8945670395441,309.44026709210226,2.49930030281279,2.553670000000011,1.6332903741888154,True,1,1
1740465110853,Compass,26.0,59.39134643405553,-85.68598,294.60736,0.0,0.0,0.0,1,274.31402,309.2828128312393,309.55313634031006,2.4678217238098124,0.13589999999999236,1.6330864420475588,True,1,1
1740465111053,Compass,26.5,61.34256398496888,-86.48885,299.63638,0.0,0.0,0.0,1,273.51115,310.16383828615943,309.5977614602717,2.4363570952476348,0.8028700000000413,1.8576665659771239,True,1,1
1740465111473,Compass,27.0,65.5323751095594,-91.645874,298.90387,0.0,0.0,0.0,1,268.354126,311.7049562298976,309.5898418374791,2.4439542627262663,5.1570239999999785,2.006119527003163,True,1,1
1740465111654,Compass,27.5,67.21237911463929,-90.56804,305.4018,0.0,0.0,0.0,1,269.43196,312.9132768498592,310.07901791872166,2.683358408623901,1.0778339999999957,2.043199608864343,True,1,1
1740465112053,Compass,28.0,70.32455452222929,-87.21994,305.33746,0.0,0.0,0.0,1,272.78006,313.64267160058955,310.28826547041876,2.565546198075237,3.348099999999988,2.0697486194159582,True,1,1
1740465112233,Compass,28.5,71.22351481428026,-90.149605,302.46106,0.0,0.0,0.0,1,269.850395,313.33684192913233,310.35060370648483,2.485516213053062,2.929665,2.099617153705655,True,1,1
1740465112633,Compass,29.0,71.22351481428026,-94.41355,298.15973,0.0,0.0,0.0,1,265.58645,311.1892233761036,310.3336808840628,2.5108466020658895,4.263944999999978,2.044343308740762,True,1,1
1740465112814,Compass,29.5,71.22351481428026,-91.710945,304.17883,0.0,0.0,0.0,1,268.289055,309.69674702671074,310.2990456084908,2.5501709623095983,2.7026050000000055,2.0437288345806928,True,1,1
1740465113213,Compass,30.0,70.14622005140406,-84.96136,302.47943,0.0,0.0,0.0,1,275.03864,308.29646148163346,310.3622991041096,2.534885314975118,6.749584999999968,1.9466032543157183,True,1,1
1740465113393,Compass,30.5,69.10957106291428,-85.16416,296.731,0.0,0.0,0.0,1,274.83584,307.34965565056115,310.62901473098185,2.7164820892462953,0.2027999999999679,23.150563583302027,False,0,-1
1740465113753,Compass,31.0,63.28670501179532,-90.41508,289.16937,0.0,0.0,0.0,1,269.58492,314.6742670470763,311.027922937447,3.268930963233892,5.250920000000008,23.185085699381975,False,0,-1
1740465113953,Compass,31.5,60.436595132833226,-89.32562,291.22943,0.0,0.0,0.0,1,270.67438,310.3738677769306,311.6113895457351,4.260239396373022,1.0894599999999741,23.151441615143952,False,0,-1
1740465114353,Compass,32.0,56.49118432330836,-84.92819,286.10812,0.0,0.0,0.0,1,275.07181,307.7608402369407,312.4689161808126,5.736943033878856,4.397430000000043,23.214448106886664,False,0,-1
1740465114538,Compass,32.5,54.32695434818705,-86.133,282.7955,0.0,0.0,0.0,1,273.867,306.7251858985633,313.6339700765804,7.4457765846260395,1.204810000000009,23.247520451749967,False,0,-1
1740465114953,Compass,33.0,52.28247346147656,-89.1055,285.4405,0.0,0.0,0.0,1,270.8945,307.3750379059647,315.15261726003797,9.059697885174396,2.972500000000025,23.308672897751332,False,0,-1
1740465115139,Compass,33.5,52.03045232121281,-87.66036,291.34662,0.0,0.0,0.0,1,272.33964000000003,310.2316152655217,316.96231471046906,10.490269465063767,1.4451400000000376,23.333620353193805,False,0,-1
1740465121862,Compass,34.0,47.69446213922535,4.76884,347.26233,0.0,0.0,0.0,1,4.7688400000000115,314.164572689243,318.94859108259203,11.503939904189188,92.42919999999998,23.36356576195119,False,0,-1
1740465121954,Compass,34.5,46.56472310129203,7.6499195,346.6477,0.0,0.0,0.0,1,7.64991950000001,317.6885793268743,320.93894317638063,11.928672569560987,2.8810794999999985,23.29826439334562,False,0,-1
1740465122473,Compass,35.0,46.56472310129203,10.272518,356.3401,0.0,0.0,0.0,1,10.272517999999991,321.665275974182,322.30828335618577,12.330335583926683,2.622598499999981,23.3680336287027,False,0,-1
1740465122573,Compass,35.5,46.56472310129203,9.852354,348.95935,0.0,0.0,0.0,1,9.852353999999991,326.5055711267507,323.7276520305301,12.081295906886423,0.42016399999999976,23.363569503095878,False,0,-1
1740465123074,Compass,36.0,48.84230044234199,11.152655,5.567932,0.0,0.0,0.0,1,11.152654999999982,330.8126503656503,325.4297884261155,11.453332489852695,1.3003009999999904,23.377670810382487,False,0,-1
1740465123354,Compass,36.5,56.36522919761792,10.233121,357.46112,0.0,0.0,0.0,1,10.233120999999983,333.9689311279671,327.3142557962936,10.436244481235857,0.9195339999999987,23.403072019194724,False,0,-1
1740465123533,Compass,37.0,62.34637369165908,8.8159685,355.22012,0.0,0.0,0.0,1,8.815968499999997,336.8422087831763,329.36882273901693,9.189592574602115,1.417152499999986,23.43772357616334,False,0,-1
1740465124499,Compass,37.5,67.81540892378369,12.392348,351.21823,0.0,0.0,0.0,1,12.392348000000027,338.09060706347776,331.46899256297326,8.0302498844219,3.57637950000003,23.387205368625935,False,0,-1
1740465124793,Compass,38.0,67.81540892378369,8.845667,350.49973,0.0,0.0,0.0,2,8.845666999999992,337.2049370573916,332.71621990613846,6.447498882329396,3.546681000000035,1.4442589481131838,True,1,2
1740465124893,Compass,38.5,67.81540892378369,8.002356,334.0916,0.0,0.0,0.0,2,8.00235600000002,335.2143697441525,333.7326065350037,4.933163074994126,0.8433109999999715,1.428277235928714,True,1,2
1740465125233,Compass,39.0,66.18953608766267,6.700721,324.99265,0.0,0.0,0.0,2,6.700720999999987,331.66439789209556,334.4827475732742,3.657758934236628,1.301635000000033,1.5136341632596204,True,1,2
1740465125494,Compass,39.5,59.956299189493016,9.999725,332.4946,0.0,0.0,0.0,2,9.999725000000012,333.29288617072115,334.93651219953534,2.9514582569733543,3.299004000000025,1.4521451860269905,True,1,2
1740465125873,Compass,40.0,57.84877240486612,10.070715,338.99115,0.0,0.0,0.0,2,10.070715000000007,334.992196451235,335.210593675571,2.723214950089454,0.07098999999999478,1.4711165733673908,True,1,2
1740465126114,Compass,40.5,57.84877240486612,9.034594,330.388,0.0,0.0,0.0,2,9.034594000000027,338.193542046816,335.33044111648564,2.7041582905759416,1.03612099999998,1.7361229290938966,True,1,2
1740465126413,Compass,41.0,57.7195198243194,13.982234,331.52094,0.0,0.0,0.0,2,13.982234000000005,341.73416262486455,335.2768624674608,2.679918652987487,4.9476399999999785,1.7082429692838461,True,1,2
1740465126673,Compass,41.5,57.84877240486612,17.391422,333.81314,0.0,0.0,0.0,2,17.391421999999977,332.87298283672123,335.1138960159146,2.5686059330602067,3.409187999999972,2.029294960768629,True,1,2
1740465126873,Compass,42.0,57.94184854231008,15.3123255,328.7565,0.0,0.0,0.0,2,15.312325499999986,332.9343787598537,335.04506785257325,2.5219815210425223,2.0790964999999915,2.061893781280228,True,1,2
1740465127216,Compass,42.5,58.31524645193571,11.265785,331.10693,0.0,0.0,0.0,2,11.265784999999994,332.9173915482391,335.16208483651195,2.5706493294201245,4.046540499999992,2.0282613859848793,True,1,2
1740465127514,Compass,43.0,58.31524645193571,12.706068,339.42038,0.0,0.0,0.0,2,12.706068000000016,333.31204052066875,335.54502782534024,2.4367485763224024,1.4402830000000222,1.9876453347695895,True,1,2
1740465127754,Compass,43.5,59.17459600622551,11.764347,338.06024,0.0,0.0,0.0,2,11.764346999999987,334.92387250618447,335.91410623935917,2.4899493473596683,0.9417210000000296,2.0019998660198066,True,1,2
1740465128014,Compass,44.0,59.05254545741445,5.659896,348.7816,0.0,0.0,0.0,2,5.659896000000003,335.7666427416876,336.20721735886025,2.628595159699467,6.104450999999983,1.9275500557038576,True,1,2
1740465128278,Compass,44.5,58.31524645193571,3.0506942,331.50473,0.0,0.0,0.0,2,3.0506942000000095,336.0385290478021,336.3221370237197,2.7562212665374766,2.609201799999994,1.841706360521955,True,1,2
1740465128573,Compass,45.0,58.23534552786649,9.964306,335.20892,0.0,0.0,0.0,2,9.964306000000022,335.64611029028623,336.27772939790094,2.666708122728371,6.913611800000012,1.861707961209137,True,1,2
1740465128833,Compass,45.5,57.179371006946205,14.357741,332.77496,0.0,0.0,0.0,2,14.357740999999976,336.17251460727056,336.9253624428678,2.94579430567392,4.393434999999954,1.9454700333257795,True,1,2
1740465129073,Compass,46.0,50.2614259397801,12.980428,329.59567,0.0,0.0,0.0,2,12.980428000000018,336.9696245032334,337.7806984754099,3.51237440849481,1.3773129999999583,1.9162180462594673,True,1,2
1740465129255,Compass,46.5,44.95866156815614,10.708743,335.17154,0.0,0.0,0.0,2,10.708743000000027,337.40854272451986,338.76605600313144,4.078227373582169,2.271684999999991,2.0102914056424526,True,1,2
1740465129553,Compass,47.0,44.61239317723271,6.7523146,334.6662,0.0,0.0,0.0,2,6.752314599999977,338.8290623810054,339.859677409671,4.668051984569605,3.95642840000005,2.0639031680447726,True,1,2
1740465129936,Compass,47.5,44.61239317723271,5.894133,343.96362,0.0,0.0,0.0,2,5.894133000000011,339.38886324375125,340.8680916650494,5.135998338272545,0.8581815999999662,2.017755139537838,True,1,2
1740465130138,Compass,48.0,44.61239317723271,2.6481352,346.9614,0.0,0.0,0.0,2,2.648135200000013,339.9173370197077,341.72253890843615,5.290476316650292,3.245997799999998,1.8849423274221406,True,1,2
1740465130515,Compass,48.5,44.61239317723271,-2.5813808,340.16135,0.0,0.0,0.0,2,357.4186192,341.06804823758347,342.4121497973505,5.169440214401322,5.22951599999999,2.043637526249433,True,1,2
1740465130793,Compass,49.0,44.61239317723271,2.8593621,339.17758,0.0,0.0,0.0,2,2.8593620999999985,342.5874785112244,342.958114035015,4.8247817199263885,5.440742899999975,1.742088978783251,True,1,2
1740465131076,Compass,49.5,46.31271086321767,5.8086424,335.69366,0.0,0.0,0.0,2,5.8086423999999965,345.7644192479849,343.31639896552787,4.471506774217444,2.949280299999998,1.6803817001215922,True,1,2
1740465131333,Compass,50.0,46.31271086321767,6.77949,352.7057,0.0,0.0,0.0,2,6.77949000000001,347.69775446406095,343.4960766023566,4.246760679011336,0.9708476000000132,1.758697500621534,True,1,2
1740465131613,Compass,50.5,47.46664124677456,6.053685,353.6058,0.0,0.0,0.0,2,6.053684999999973,349.7163616187619,343.42096233300276,4.370292076835218,0.7258050000000367,1.7752869776309104,True,1,2
1740465131793,Compass,51.0,47.46664124677456,7.674922,345.3248,0.0,0.0,0.0,2,7.674921999999981,350.0500863368617,342.99653396543374,5.09684496223829,1.6212370000000078,1.7391970805348111,True,1,2
1740465132033,Compass,51.5,47.46664124677456,11.985786,352.94937,0.0,0.0,0.0,2,11.985786000000019,348.58335139248805,342.26253046808426,6.303461214414631,4.310864000000038,1.6992551645450922,True,1,2
1740465132393,Compass,52.0,47.45330764288197,12.039989,342.69128,0.0,0.0,0.0,2,12.039988999999991,346.3826923815182,341.30372981844647,7.638159090122721,0.05420299999997269,1.8010223822702438,True,1,2
1740465132756,Compass,52.5,47.45330764288197,10.300398,347.9983,0.0,0.0,0.0,2,10.300397999999973,343.83557385525313,340.20805529267165,8.769399348568514,1.7395910000000185,1.6581109902252036,True,1,2
1740465132913,Compass,53.0,47.45330764288197,12.086454,349.29544,0.0,0.0,0.0,2,12.086454000000003,341.54678856496474,338.903002982062,9.787524413494504,1.7860560000000305,1.425217177353727,True,1,2
1740465133274,Compass,53.5,55.883283781914606,16.905792,349.77316,0.0,0.0,0.0,2,16.90579200000002,339.6647890556632,337.312494844945,10.50505019408362,4.819338000000016,1.4062934408612857,True,1,2
1740465133453,Compass,54.0,60.27456708679043,15.240597,344.06396,0.0,0.0,0.0,2,15.24059699999998,336.2818286842127,335.47783411618735,10.955227299311968,1.6651950000000397,1.3752130283915243,True,1,2
1740465133793,Compass,54.5,62.04471673720495,12.346434,329.96432,0.0,0.0,0.0,2,12.346433999999988,332.46263686747017,333.38973786273834,11.032181000864949,2.894162999999992,1.8457703202252156,True,1,2
1740465134114,Compass,55.0,62.04471673720495,13.907415,321.5212,0.0,0.0,0.0,2,13.907415000000015,328.3788107835084,331.1879645142834,10.762023654253394,1.5609810000000266,1.919412347697521,True,1,2
1740465134394,Compass,55.5,62.04471673720495,13.765224,308.23468,0.0,0.0,0.0,2,13.76522399999999,325.53532727514096,329.04260887500385,10.24155776298347,0.14219100000002527,1.8845515093217238,True,1,2
1740465134673,Compass,56.0,49.055373686274166,10.22672,312.52597,0.0,0.0,0.0,2,10.22672,324.6329303509608,326.9613686002633,9.619231102306752,3.538503999999989,1.7356077801869703,True,1,2
1740465134953,Compass,56.5,49.055373686274166,7.341708,319.91245,0.0,0.0,0.0,2,7.341707999999983,323.01169385208,324.9298005655285,8.998841356035268,2.8850120000000175,1.7320239398038328,True,1,2
1740465135213,Compass,57.0,49.055373686274166,9.336425,325.29135,0.0,0.0,0.0,2,9.33642500000002,321.90679719123034,322.9580986866547,8.311753251297679,1.994717000000037,1.7151987930927006,True,1,2
1740465135493,Compass,57.5,49.055373686274166,7.394805,321.21878,0.0,0.0,0.0,2,7.394805000000019,320.1778435326966,320.99341416006615,7.526567318908951,1.9416200000000003,20.15160560809451,False,0,-1
1740465135776,Compass,58.0,49.055373686274166,0.1897727,320.33957,0.0,0.0,0.0,2,0.1897726999999918,318.3949178170264,319.1739393671869,6.833661759448085,7.205032300000028,20.090330882476795,False,0,-1
1740465136021,Compass,58.5,48.26805038014276,-4.6864157,312.76868,0.0,0.0,0.0,2,355.3135843,317.02348611003725,317.60000661608893,6.248114459506267,4.8761883999999895,20.061019972072437,False,0,-1
1740465136214,Compass,59.0,47.62483595772273,-1.1594801,321.98303,0.0,0.0,0.0,2,358.8405199,316.40301680329503,316.3667448493207,5.776483921783121,3.5269356000000016,20.08648633534052,False,0,-1
1740465136433,Compass,59.5,45.308103234962296,1.714016,324.75253,0.0,0.0,0.0,2,1.714016000000015,315.16408826040947,315.39026909510335,5.337186300588061,2.873496100000011,20.07482679067068,False,0,-1
1740465136934,Compass,60.0,45.308103234962296,3.5312238,322.4704,0.0,0.0,0.0,2,3.5312238000000207,313.36205333423186,314.57131863461575,4.725025515169447,1.8172078000000056,20.126801744697122,False,0,-1
1740465137073,Compass,60.5,45.308103234962296,-0.19791895,323.78177,0.0,0.0,0.0,2,359.80208105,311.9712603818565,313.9107127140651,4.1138555840706035,3.729142749999994,20.191982100635215,False,0,-1
1740465145121,Compass,61.0,55.61839848467412,-80.888725,302.24454,0.0,0.0,0.0,2,279.111275,310.1945211568359,313.4837251593234,3.5131722547309905,80.69080605000005,22.931323614665875,False,0,-1
1740465145514,Compass,61.5,57.67263486698003,-86.2137,299.4374,0.0,0.0,0.0,2,273.7863,308.9897067910236,313.3116119276264,3.212139276378573,5.324974999999995,23.87323892214634,False,0,-1
1740465145773,Compass,62.0,57.8376634426046,-90.8971,296.01718,0.0,0.0,0.0,2,269.1029,308.8536456010012,314.0363349910653,5.107881526563502,4.683400000000006,23.85063713935652,False,0,-1
1740465146314,Compass,62.5,58.8698909672848,-91.48387,290.27307,0.0,0.0,0.0,2,268.51613,309.87988428198463,315.4385710088674,8.0349366908405,0.5867700000000013,23.918437779258074,False,0,-1
1740465146457,Compass,63.0,58.98205500404339,-90.93478,294.02594,0.0,0.0,0.0,2,269.06522,310.8881909618803,316.61843452260456,9.374420744756765,0.5490900000000352,23.93571066017048,False,0,-1
1740465146803,Compass,63.5,59.46026772139528,-89.82924,293.49313,0.0,0.0,0.0,2,270.17076,312.34867344364733,317.6996446422802,10.101754802002562,1.1055399999999622,23.991507384093218,False,0,-1
1740465147044,Compass,64.0,59.54255962124907,-89.950935,291.5062,0.0,0.0,0.0,2,270.049065,313.10260504381955,318.7511526619209,10.433450511128203,0.12169499999998834,23.930433330707263,False,0,-1
1740465151536,Compass,64.5,60.9846612374784,-38.85417,310.4736,0.0,0.0,0.0,3,321.14583,315.5019838701044,320.3097888700312,11.074867687855702,51.096765000000005,24.026118749780984,False,0,-1
1740465152064,Compass,65.0,60.9846612374784,0.77673835,327.95886,0.0,0.0,0.0,3,0.7767383500000165,317.59614505724244,321.55896413595593,10.907918521595837,39.63090835000003,15.361433739053236,False,0,-1
1740465152270,Compass,65.5,62.70622227897325,9.225902,333.83853,0.0,0.0,0.0,3,9.22590200000002,329.2657637686109,323.04175902708505,10.584191844665359,8.449163650000003,15.484757057096726,False,0,-1
1740465152703,Compass,66.0,62.40345668510681,11.859168,337.34122,0.0,0.0,0.0,3,11.859168000000011,338.0570263770683,324.3722936278993,9.905936355422304,2.633265999999992,15.53883982925661,False,0,-1
1740465154047,Compass,66.5,62.40345668510681,14.83598,337.76718,0.0,0.0,0.0,3,14.835980000000006,334.1009695093517,325.31938238394287,9.064779984666117,2.9768119999999954,15.544249403119442,False,0,-1
1740465154204,Compass,67.0,62.95391419522697,16.099766,343.31558,0.0,0.0,0.0,3,16.09976599999999,331.38224005554525,325.7877035551102,8.424829474358905,1.2637859999999819,15.415954387923794,False,0,-1
1740465154623,Compass,67.5,62.95391419522697,12.412223,336.01245,0.0,0.0,0.0,3,12.412222999999983,329.1346736288422,325.6377045955622,8.696833060216088,3.687543000000005,15.433504491427012,False,0,-1
1740465154743,Compass,68.0,62.40345668510681,11.510866,337.92398,0.0,0.0,0.0,3,11.510866000000021,335.35080350350984,324.83515324913435,10.336997090667792,0.9013569999999618,15.316846396473434,False,0,-1
1740465155344,Compass,68.5,61.148065688948826,13.15472,338.35422,0.0,0.0,0.0,4,13.154719999999998,328.9321501457075,323.22910946467954,13.329083608896624,1.6438539999999762,9.79679598961838,False,0,-1
1740465155623,Compass,69.0,56.56477895961408,13.475129,349.47226,0.0,0.0,0.0,4,13.475128999999981,331.23163015796,320.81243707649645,17.15924907829367,0.32040899999998373,2.4128938143808205,True,0,-1
1740465155783,Compass,69.5,54.34816147994336,11.396565,335.59106,0.0,0.0,0.0,4,11.39656500000001,328.8116646132145,316.91161809484123,21.26088346718945,2.0785639999999717,1.9248728565355946,True,0,-1
1740465156143,Compass,70.0,34.21862157510147,10.971217,357.03433,0.0,0.0,0.0,4,10.971217000000024,324.08621562263886,311.7406898901779,24.87568428813202,0.4253479999999854,1.9707950288806872,True,0,-1
1740465156489,Compass,70.5,27.35715742726207,18.477371,3.1319275,0.0,0.0,0.0,4,18.477371000000005,317.9130085293907,306.1910678704866,28.545835719457624,7.506153999999981,2.002431238197623,True,0,-1
1740465156724,Compass,71.0,27.35715742726207,19.070063,3.0430603,0.0,0.0,0.0,4,19.070063000000005,310.09868905042697,300.04866871345166,32.39177963178455,0.5926919999999996,1.997077181855837,True,0,-1
1740465156923,Compass,71.5,27.35715742726207,14.907696,359.316,0.0,0.0,0.0,4,14.907695999999987,301.0643348474022,293.4942743054743,35.848457887315156,4.1623670000000175,2.0541462855518056,True,0,-1
1740465157264,Compass,72.0,29.314365612272766,11.552455,356.2914,0.0,0.0,0.0,4,11.552455000000009,291.4113271032816,286.36041959506326,37.53180609001406,3.355240999999978,2.0244001156079934,True,0,-1
1740465157503,Compass,72.5,31.3539521033633,14.433669,359.21075,0.0,0.0,0.0,4,14.433669000000009,281.34605923449635,278.9270213504305,39.488667208099855,2.881214,2.04294741697002,True,0,-1
1740465157763,Compass,73.0,34.12488553094355,14.005742,0.256958,0.0,0.0,0.0,4,14.005741999999998,270.7534790437823,270.55932715462063,40.887251660325184,0.42792700000001105,1.9814508748439805,True,0,-1
1740465158049,Compass,73.5,38.47427102948151,10.032726,358.68027,0.0,0.0,0.0,4,10.032726000000025,260.4931033071185,262.3906921124969,40.657160676623334,3.973015999999973,2.010508800852398,True,0,-1
1740465158303,Compass,74.0,40.48557806491097,10.905454,0.2062378,0.0,0.0,0.0,4,10.90545400000002,250.85663921398327,254.89976837397373,38.786318673270024,0.8727279999999951,1.9776541292773755,True,0,-1
1740465158584,Compass,74.5,43.01898200213483,14.170979,2.317749,0.0,0.0,0.0,4,14.170978999999988,239.24625270001968,248.52431917961283,35.40066777208039,3.2655249999999683,1.3687257378660826,True,0,-1
1740465158863,Compass,75.0,44.887881159618125,14.1698,5.491089,0.0,0.0,0.0,4,14.16980000000001,230.81875750918132,242.84312960758137,31.428347079053246,0.001178999999979169,1.5049935478012035,True,0,-1
1740465159124,Compass,75.5,48.71016000281667,11.934158,7.1497803,0.0,0.0,0.0,4,11.934158000000025,228.34298284734558,238.8439001167402,26.99455082758738,2.2356419999999844,1.450844994177466,True,0,-1
1740465159404,Compass,76.0,50.84696709244319,10.887475,5.892029,0.0,0.0,0.0,4,10.887474999999995,217.4311764762153,236.0696164437403,23.05748822801549,1.04668300000003,24.369981259280742,False,0,-1
1740465159704,Compass,76.5,52.42636204716097,12.61157,3.9032593,0.0,0.0,0.0,4,12.611570000000029,205.7162172208124,234.55070779970436,20.466754935196345,1.724095000000034,24.363291553019273,False,0,-1
1740465159983,Compass,77.0,52.57914421374696,13.58998,5.250458,0.0,0.0,0.0,4,13.589980000000025,206.282138981358,234.35256134081936,20.102370688897242,0.9784099999999967,24.343431904201168,False,0,-1
1740465160268,Compass,77.5,52.57914421374696,12.562631,7.477783,0.0,0.0,0.0,4,12.56263100000001,211.7223595447918,235.4348997199558,21.961439411093924,1.0273490000000152,24.398707171103098,False,0,-1
1740465160504,Compass,78.0,52.42636204716097,11.619615,9.579498,0.0,0.0,0.0,4,11.61961500000001,222.2812706139768,237.73578032236935,25.253749023796665,0.9430160000000001,24.412627655716875,False,0,-1
1740465160883,Compass,78.5,53.34941570673478,16.30441,15.628815,0.0,0.0,0.0,4,16.30441000000002,224.88084546995532,241.30346250189695,28.986631285934493,4.684795000000008,24.39022901014302,False,0,-1
1740465161043,Compass,79.0,53.519491192461835,15.913516,12.111572,0.0,0.0,0.0,4,15.913516000000016,241.07589248478496,245.84047336867377,32.3582719483748,0.39089400000000296,24.373124457896246,False,0,-1
1740465167327,Compass,79.5,56.93794593678279,-80.06394,284.34995,0.0,0.0,0.0,4,279.93606,249.79707200828284,250.8264857789033,35.11429775005715,95.97745600000002,24.39478864854634,False,0,-1
1740465167704,Compass,80.0,56.93794593678279,-76.71997,284.17288,0.0,0.0,0.0,4,283.28003,258.562429573957,256.6891851158105,36.455997054883134,3.343970000000013,24.403534311415946,False,0,-1
1740465167923,Compass,80.5,56.93794593678279,-78.08934,279.49417,0.0,0.0,0.0,4,281.91066,267.78128216050766,263.30884179589486,35.542750047234286,1.3693700000000035,24.412540531023474,False,0,-1
1740465168123,Compass,81.0,54.481540738584116,-78.750595,274.08807,0.0,0.0,0.0,4,281.249405,276.728178994165,269.6676358164593,33.056858289865794,0.6612549999999828,24.39497853197324,False,0,-1
1740465168484,Compass,81.5,51.11265896282446,-78.97457,275.61905,0.0,0.0,0.0,4,281.02543000000003,285.3698482501864,275.76474170269927,29.88826191997547,0.22397499999999582,24.411182894511526,False,0,-1
1740465168869,Compass,82.0,49.692570496000705,-73.5842,281.05728,0.0,0.0,0.0,4,286.4158,292.7614853929338,281.2187746294166,26.72887179299407,5.390369999999962,24.431458919289774,False,0,-1
1740465169063,Compass,82.5,49.59527604772454,-74.349365,279.23102,0.0,0.0,0.0,4,285.65063499999997,298.87392051083395,286.5383861200499,22.286791907639625,0.7651650000000245,24.46275635235988,False,0,-1
1740465169443,Compass,83.0,49.59527604772454,-75.42181,284.04263,0.0,0.0,0.0,4,284.57819,303.13316900078837,290.75992375314195,18.78193713122157,1.0724449999999592,24.43056138428274,False,0,-1
1740465169644,Compass,83.5,49.59527604772454,-74.79457,287.33127,0.0,0.0,0.0,4,285.20543,305.3716665298236,294.32998472122364,15.184532414996994,0.627239999999972,1.416154167759259,True,1,3
1740465169924,Compass,84.0,51.385833711734215,-73.54805,294.01685,0.0,0.0,0.0,5,286.45195,305.0110674220775,297.21426953435576,11.588407468953767,1.2465200000000323,1.367042911171175,True,1,3
1740465170164,Compass,84.5,54.628182115552775,-75.4489,292.20776,0.0,0.0,0.0,5,284.5511,301.6640492898248,299.366697680403,8.248046383311213,1.9008499999999913,1.37740610253836,True,1,3
1740465170425,Compass,85.0,56.41617814288735,-75.71803,298.74808,0.0,0.0,0.0,5,284.28197,303.1789478383916,300.78750113323656,5.420862591591262,0.2691300000000183,1.367585747965199,True,1,3
1740465170745,Compass,85.5,59.386018714424694,-75.7096,297.8754,0.0,0.0,0.0,5,284.2904,304.09176451473587,301.4855635569908,3.692242196035478,0.008429999999975735,1.8331551251386402,True,1,3
1740465171103,Compass,86.0,59.90871962828116,-73.49786,298.90494,0.0,0.0,0.0,5,286.50214,304.67501782945504,301.54081690046917,3.5560533417524987,2.2117400000000202,1.544163656563207,True,1,3
1740465171323,Compass,86.5,60.05534556765118,-75.57944,295.88632,0.0,0.0,0.0,5,284.42056,304.3989569811657,301.08264808362554,4.290993871460886,2.081579999999974,1.582503866875195,True,1,3
1740465171685,Compass,87.0,60.55346939895352,-75.04965,295.31723,0.0,0.0,0.0,5,284.95035,303.34798652950855,300.2320437743675,5.052525216681829,0.5297899999999913,1.6217703333356306,True,1,3
1740465171883,Compass,87.5,60.55346939895352,-72.295616,295.79437,0.0,0.0,0.0,5,287.704384,301.8267017709388,299.1582570326298,5.567508834788541,2.75403399999999,1.644601929989642,True,1,3
1740465172290,Compass,88.0,60.55346939895352,-71.53987,292.96027,0.0,0.0,0.0,5,288.46013,300.067704351215,298.015628924527,6.020847018630515,0.7557459999999878,1.717397709174842,True,1,3
1740465172424,Compass,88.5,59.76062274817758,-72.54852,289.2898,0.0,0.0,0.0,5,287.45148,298.04023078667035,297.0843689809834,6.479092851607194,1.0086499999999887,1.716899419688195,True,1,3
1740465172803,Compass,89.0,56.56474443060801,-78.91154,280.55563,0.0,0.0,0.0,5,281.08846,295.8407846064992,296.0465344247188,6.676917600909541,6.363020000000006,1.6782971923136296,True,1,3
1740465173043,Compass,89.5,54.80793880680061,-77.77679,278.0749,0.0,0.0,0.0,5,282.22321,293.5902855451081,294.97536731248226,6.582213104254451,1.1347499999999968,1.614790022151251,True,1,3
1740465173384,Compass,90.0,53.706159446566275,-77.77129,279.29947,0.0,0.0,0.0,5,282.22871,292.0013882581802,293.91629480227067,6.175537434437502,0.005499999999983629,1.6452722077687858,True,1,3
1740465173665,Compass,90.5,52.53577650040018,-80.70055,281.29303,0.0,0.0,0.0,5,279.29945,290.3741043619186,292.93019488136144,5.529244636061327,2.9292599999999993,1.659398484334205,True,1,3
1740465173923,Compass,91.0,50.397676347724605,-80.88141,277.12137,0.0,0.0,0.0,5,279.11859,289.2648654037582,292.0380733171441,4.7534388749654655,0.18085999999999558,1.6197795234972971,True,1,3
1740465174253,Compass,91.5,48.38525408117643,-77.35548,274.9712,0.0,0.0,0.0,5,282.64452,287.8716458005345,291.24458863166217,3.9237236461002274,3.5259300000000167,1.6753422097208897,True,1,3
1740465174484,Compass,92.0,47.648165297837025,-75.53246,277.3179,0.0,0.0,0.0,5,284.46754,287.69515013667154,290.5793751932087,3.07510418023339,1.8230199999999854,1.6534666260366206,True,1,3
1740465174783,Compass,92.5,46.840278807347,-76.706245,280.37997,0.0,0.0,0.0,5,283.29375500000003,287.6114294944228,290.08634181041595,2.284753759660577,1.1737849999999526,1.6953306328145337,True,1,3
1740465175048,Compass,93.0,45.79373763136178,-75.45376,275.7451,0.0,0.0,0.0,5,284.54624,288.0242578311872,289.74658395496874,1.6619548763051204,1.2524849999999788,1.2141739532326707,True,1,3
1740465175344,Compass,93.5,45.1843446339548,-72.34964,278.44366,0.0,0.0,0.0,5,287.65036,288.7889301762818,289.6155662487797,1.3930006523468605,3.1041199999999662,1.2112688621782193,True,1,3
1740465175623,Compass,94.0,44.90858770881134,-71.31104,278.0528,0.0,0.0,0.0,5,288.68896,289.60745816752586,289.6759909508166,1.517938671226901,1.0386000000000308,1.1954087547053214,True,1,3
1740465175863,Compass,94.5,44.61865326015567,-73.10982,283.18292,0.0,0.0,0.0,5,286.89018,289.9661630662497,289.9781997427501,2.0313004626900506,1.798780000000022,1.2618066699351353,True,1,3
1740465176143,Compass,95.0,44.204293131436906,-76.85484,272.6479,0.0,0.0,0.0,5,283.14516000000003,289.9244314887095,290.475866635296,2.6609295637826484,3.745019999999954,1.2413493333538812,True,1,3
1740465176443,Compass,95.5,44.17388404079949,-73.96841,284.35797,0.0,0.0,0.0,5,286.03159,290.0895027744127,291.218762728051,3.348619635608374,2.8864299999999616,1.202746102982759,True,1,3
1740465176665,Compass,96.0,44.16672071537573,-73.640976,279.77365,0.0,0.0,0.0,5,286.359024,290.6447300447783,292.14011478392774,4.121873149280813,0.32743399999998246,1.2318246652255829,True,1,3
1740465176964,Compass,96.5,44.16672071537573,-75.456726,291.05508,0.0,0.0,0.0,5,284.543274,290.74441677479217,293.2840470003783,5.051481097677894,1.81574999999998,1.2216696211639146,True,1,3
1740465177223,Compass,97.0,43.2811033391017,-77.8993,277.61218,0.0,0.0,0.0,5,282.1007,291.6250199522722,294.54700035650154,5.93367601164787,2.442573999999979,1.2176133562813691,True,1,3
1740465177503,Compass,97.5,41.72538570822323,-74.04736,286.65286,0.0,0.0,0.0,5,285.95264,292.90775878873336,295.9637925009086,6.916401273699757,3.8519399999999564,1.2372745118352155,True,1,3
1740465177763,Compass,98.0,40.43411886946468,-74.33112,282.0914,0.0,0.0,0.0,5,285.66888,294.9072362409225,297.4519236039718,7.796486869986967,0.2837599999999725,1.2285022132386325,True,1,3
1740465177943,Compass,98.5,39.77200648697523,-74.72676,281.46155,0.0,0.0,0.0,5,285.27324,296.7298687919454,299.16954598045965,8.802634358045083,0.3956400000000144,1.2985080009542196,True,1,3
1740465178307,Compass,99.0,37.78123707609374,-75.4031,281.8452,0.0,0.0,0.0,5,284.5969,299.01508719186,301.0559852983252,9.66922944084416,0.676339999999982,1.1986179891175608,True,1,3
1740465178485,Compass,99.5,37.2918179698979,-72.60039,287.38403,0.0,0.0,0.0,5,287.39961,301.51543097482306,303.0998274290435,10.398263038616683,2.8027099999999905,1.1718005226787234,True,1,3
1740465178824,Compass,100.0,36.47034325996946,-71.08098,292.3298,0.0,0.0,0.0,5,288.91902,304.77041274118034,305.20485314397223,10.881580818443322,1.5194099999999935,1.145873626332525,True,1,3
1740465179023,Compass,100.5,36.06038771976807,-72.459015,294.3593,0.0,0.0,0.0,5,287.540985,306.9685581730367,307.37174707850704,11.03156645295445,1.3780350000000112,1.146282011326256,True,1,3
1740465179384,Compass,101.0,35.81997086123884,-72.247375,302.6197,0.0,0.0,0.0,5,287.75262499999997,310.0408123423872,309.4908817931886,10.842070973731365,0.2116399999999885,1.0935006526534332,True,1,3
1740465179683,Compass,101.5,35.717806746075546,-70.14228,314.2618,0.0,0.0,0.0,5,289.85772,311.9294247134746,311.52430556386446,10.35926815966657,2.1050950000000057,0.9159085413663192,True,1,3
1740465179903,Compass,102.0,35.2439600321814,-70.25828,309.2364,0.0,0.0,0.0,5,289.74172,315.7304987135666,313.3912051066262,9.649744856743835,0.11599999999998545,1.0347564428152989,True,1,3
1740465180123,Compass,102.5,35.08761355521347,-70.57924,312.0106,0.0,0.0,0.0,5,289.42076,318.22102125669335,315.0971647821695,8.710017596587052,0.3209600000000137,1.0111999725809793,True,1,3
1740465180483,Compass,103.0,35.08761355521347,-70.521866,312.32098,0.0,0.0,0.0,5,289.478134,320.747134735187,316.56305939798955,7.588151657682578,0.05737400000003845,0.9984266036072101,True,1,3
1740465180764,Compass,103.5,35.08761355521347,-69.3554,316.22452,0.0,0.0,0.0,5,290.64459999999997,322.22011576870875,317.7431987913843,6.357474527707769,1.1664659999999571,0.9220654766829892,True,1,3
1740465181007,Compass,104.0,36.036331493369296,-68.70775,314.2641,0.0,0.0,0.0,5,291.29224999999997,323.24782579281515,318.6120914354555,5.252418705944652,0.6476499999999987,1.0623054924460789,True,1,3
1740465181205,Compass,104.5,36.91253386385171,-69.7556,315.12378,0.0,0.0,0.0,5,290.2444,323.4120406724953,319.8496600265525,4.436628898302687,1.0478499999999826,1.0764462204823007,True,1,3
1740465181565,Compass,105.0,39.66392016051868,-72.48328,310.44647,0.0,0.0,0.0,5,287.51672,323.40911534887016,321.1458647537546,4.20011928020557,2.727679999999964,1.0272563658242,True,1,3
1740465181863,Compass,105.5,42.0933208033056,-69.37034,316.08337,0.0,0.0,0.0,5,290.62966,322.91072938234896,322.3728143918431,3.9988027799396186,3.1129399999999805,1.2192560306069615,True,1,3
1740465182130,Compass,106.0,43.41001828495353,-68.32783,312.44962,0.0,0.0,0.0,5,291.67217,322.3192639250952,323.210689387066,3.820342837120439,1.042509999999993,1.7822306581973055,True,1,3
1740465182409,Compass,106.5,45.230745212742185,-69.5373,320.69604,0.0,0.0,0.0,5,290.4627,321.0035064291615,323.57629557962264,3.5624321645013026,1.2094700000000103,1.7807983651367894,True,1,3
1740465182683,Compass,107.0,47.17773077681885,-71.36026,308.19037,0.0,0.0,0.0,5,288.63974,319.2175218757434,322.752156546577,5.279709529815191,1.8229599999999664,1.7536332702234376,True,1,3
1740465182963,Compass,107.5,47.6133926143685,-68.08223,308.9501,0.0,0.0,0.0,5,291.91777,317.8038024022491,321.0314858282244,8.616708391681177,3.278030000000001,1.9806520089286181,True,1,3
1740465183184,Compass,108.0,47.660788718295464,-66.06039,309.52994,0.0,0.0,0.0,5,293.93961,325.5320870394912,318.61757335980917,12.255116086016585,2.0218399999999974,3.052997633899707,True,1,3
1740465183503,Compass,108.5,47.660788718295464,-64.80418,314.279,0.0,0.0,0.0,5,295.19582,329.48388325041884,315.8165073428563,15.462848274758064,1.25621000000001,8.085143122473754,False,0,-1
1740465183764,Compass,109.0,48.00004069008692,-60.752674,312.5462,0.0,0.0,0.0,5,299.247326,330.3336692848028,312.7465802737501,18.180185158364598,4.051505999999961,8.078878840741822,False,0,-1
1740465184063,Compass,109.5,48.00004069008692,-53.77824,314.57465,0.0,0.0,0.0,5,306.22176,328.2986236419091,309.5834609649424,20.290520929684693,6.974434000000031,8.0508318979856,False,0,-1
1740465184345,Compass,110.0,47.660788718295464,-53.436493,311.6096,0.0,0.0,0.0,5,306.563507,323.7051141450427,306.437888230913,21.777943234765495,0.341746999999998,8.037111540004556,False,0,-1
1740465184563,Compass,110.5,47.56828972645537,-53.010033,315.26465,0.0,0.0,0.0,5,306.989967,308.38504923950325,303.5266898533395,22.595143596663263,0.4264599999999632,8.035522433635478,False,0,-1
1740465185063,Compass,111.0,47.449191576358814,-47.173424,311.7085,0.0,0.0,0.0,5,312.826576,296.41005499341867,300.9820697981217,22.84969549667894,5.83660900000001,7.98739494314997,False,0,-1
1740465185283,Compass,111.5,46.6222351727156,-35.473663,325.13385,0.0,0.0,0.0,5,324.526337,287.03913876658703,298.90776482839385,22.62472368644217,11.699761000000024,8.043444713238934,False,0,-1
1740465185945,Compass,112.0,41.52883975323655,-3.1215687,349.19897,0.0,0.0,0.0,5,356.8784313,281.3960504182025,297.32536634343285,21.427988931743386,32.352094299999976,7.991053983402737,False,0,-1
1740465186323,Compass,112.5,41.16520640966106,4.6232452,353.33478,0.0,0.0,0.0,5,4.623245199999985,277.360209312278,295.7264613588061,19.680545047752908,7.744813899999997,8.03193668666843,False,0,-1
1740465190283,Compass,113.0,33.29232503520894,10.39556,2.1755981,0.0,0.0,0.0,6,10.395559999999989,275.4639397502329,294.9595523493907,18.41937632888218,5.772314800000004,8.093547655563592,False,0,-1
1740465190623,Compass,113.5,31.85379196422304,9.011209,2.152649,0.0,0.0,0.0,6,9.011209000000008,275.1356729146542,295.0874784644023,18.67238745538375,1.384350999999981,8.145831227209454,False,0,-1
1740465190843,Compass,114.0,31.85379196422304,10.260261,0.35906982,0.0,0.0,0.0,6,10.260261000000014,277.33553076555944,296.3111254052212,21.122406353225742,1.249052000000006,8.094695338136464,False,0,-1
1740465191205,Compass,114.5,31.85379196422304,13.815503,6.946472,0.0,0.0,0.0,6,13.815502999999978,281.04822104747655,298.7570090468503,24.47800749297951,3.5552419999999643,8.059280507381413,False,0,-1
1740465191383,Compass,115.0,33.14421612438586,12.36664,3.4194946,0.0,0.0,0.0,6,12.366640000000018,286.68922785633106,302.1698932024186,27.5086439362302,1.4488629999999603,8.089709536915036,False,0,-1
1740465191743,Compass,115.5,36.76174344682254,8.170497,357.6524,0.0,0.0,0.0,6,8.170497000000012,301.7961097650759,305.99121620315276,29.186712814185444,4.196143000000006,7.964732198231207,False,0,-1
1740465191944,Compass,116.0,36.98870182231325,8.519279,356.992,0.0,0.0,0.0,6,8.519278999999983,305.5003084810174,309.58840449712636,29.26388065730823,0.3487819999999715,2.121718858792855,True,1,4
1740465192264,Compass,116.5,37.27809343300701,10.16854,355.52563,0.0,0.0,0.0,6,10.168540000000007,318.8300341435715,312.47134950422674,27.963331379561915,1.649261000000024,1.5656802393935771,True,1,4
1740465192504,Compass,117.0,37.41130135066141,8.431183,353.69205,0.0,0.0,0.0,6,8.431182999999976,330.21751536708325,313.574644451629,26.69669926824314,1.7373570000000313,1.1724173261444477,True,1,4
1740465192843,Compass,117.5,37.75688058155758,6.7533255,351.61215,0.0,0.0,0.0,6,6.753325500000017,342.0598182573269,313.63194456335174,26.60908182523348,1.6778574999999591,1.1956615976996472,True,1,4
1740465193064,Compass,118.0,38.47508325202169,8.0561,352.15598,0.0,0.0,0.0,6,8.056100000000015,345.0733038639393,312.68412266486604,28.199972526495415,1.3027744999999982,1.2171659298927922,True,1,4
1740465193304,Compass,118.5,39.08949067524416,10.74895,358.9223,0.0,0.0,0.0,6,10.74894999999998,347.6033173269441,310.91042709196296,31.026913689291963,2.6928499999999644,1.1565829660187403,True,1,4
1740465193583,Compass,119.0,41.071726512894486,10.150143,354.29138,0.0,0.0,0.0,6,10.150143000000014,344.3589837775988,308.44508244303404,34.37725933450509,0.5988069999999652,1.1563318030118555,True,1,4
1740465193803,Compass,119.5,42.99518505018905,10.311335,356.85812,0.0,0.0,0.0,6,10.311334999999985,335.35387482780584,304.86572281886,37.7487904993773,0.16119199999997136,0.9281886832429467,True,1,4
1740465194143,Compass,120.0,47.17806197005129,9.887187,356.32523,0.0,0.0,0.0,6,9.887186999999983,320.6043844187838,301.170312863825,40.308645339640066,0.4241480000000024,0.8787954184192898,True,1,4
1740465194483,Compass,120.5,51.09874784424761,12.602838,0.44747925,0.0,0.0,0.0,6,12.60283800000002,292.0133639612667,296.97907906887417,41.58939457924244,2.7156510000000367,0.9180160785236029,True,1,4
1740465194663,Compass,121.0,54.428960294589494,11.866783,355.6851,0.0,0.0,0.0,6,11.866782999999998,275.99517459049594,292.6278450464323,41.27661203318812,0.7360550000000217,0.9781390337150108,True,1,4
1740465195004,Compass,121.5,57.26780563719899,12.553761,1.1008606,0.0,0.0,0.0,6,12.553761000000009,263.11820228827327,288.33301617854676,39.05777076312238,0.6869780000000105,1.2615732899436025,True,1,4
1740465195303,Compass,122.0,59.68213326658155,15.509864,5.4888306,0.0,0.0,0.0,6,15.509863999999993,254.4427874539297,284.8603188754143,35.83533636599148,2.9561029999999846,1.2792891706182035,True,1,4
1740465195584,Compass,122.5,59.68213326658155,17.007084,4.0761414,0.0,0.0,0.0,6,17.00708400000002,249.7090581223981,281.60010008751755,31.706034979968106,1.497220000000027,1.25914545808056,True,1,4
1740465195763,Compass,123.0,59.68213326658155,14.713948,1.2485657,0.0,0.0,0.0,6,14.713948000000016,248.10571540246443,279.66307861310634,28.302938963963612,2.293136000000004,1.3242700088974564,True,1,4
1740465196123,Compass,123.5,59.35081744382297,13.2934475,0.55911255,0.0,0.0,0.0,6,13.293447500000013,250.0691591554944,278.7261262046634,26.503038839267628,1.4205005000000028,1.2739952068511438,True,1,4
1740465196424,Compass,124.0,58.40192767580536,15.826316,8.675201,0.0,0.0,0.0,6,15.82631600000002,255.9615272193086,279.00201693810754,26.987237652493036,2.5328685000000064,1.2162450423156042,True,1,4
1740465196645,Compass,124.5,57.20266192451187,15.597668,1.9046631,0.0,0.0,0.0,6,15.597667999999999,264.9490050304544,281.17683481225845,29.323976212496444,0.22864800000002106,1.2766723583390076,True,1,4
1740465196984,Compass,125.0,55.28311366276324,11.056975,12.406433,0.0,0.0,0.0,6,11.056975000000023,277.63738523904374,285.20092983662585,32.52866307465644,4.540692999999976,1.2454974731005617,True,1,4
1740465197243,Compass,125.5,53.60252297000581,10.2826,351.92902,0.0,0.0,0.0,6,10.282600000000002,292.9828443169529,290.08763952857834,34.42489151005152,0.7743750000000205,1.2324293234537225,True,1,4
1740465197483,Compass,126.0,51.728935930482855,12.572062,347.7446,0.0,0.0,0.0,6,12.572062000000017,298.7000355084928,295.37036170219653,34.64356352522136,2.2894620000000145,1.2078246055602748,True,1,4
1740465197823,Compass,126.5,49.28766009357717,16.144396,353.18423,0.0,0.0,0.0,6,16.14439600000003,315.3036616614302,300.581694648836,33.13065193524468,3.572334000000012,1.2809312616155402,True,1,4
1740465198004,Compass,127.0,47.922830219531065,15.279239,349.89612,0.0,0.0,0.0,6,15.279239000000018,321.29958870116235,305.29433267195657,30.014084209410804,0.8651570000000106,1.3855518133165936,True,1,4
1740465198343,Compass,127.5,45.63925291073463,12.982815,336.26367,0.0,0.0,0.0,6,12.982815000000016,324.7427454204455,309.88459977993284,25.955594680430302,2.296424000000002,1.3855338988402512,True,1,4
1740465198543,Compass,128.0,44.54860407465087,13.182064,337.67264,0.0,0.0,0.0,6,13.182064000000025,324.6356320735299,314.1348150344445,21.29666272484518,0.1992490000000089,1.4067793401956445,True,1,4
1740465198884,Compass,128.5,43.28827785902322,15.369614,330.21487,0.0,0.0,0.0,6,15.369614000000013,336.3565999560079,317.97505362769994,16.431835923950324,2.1875499999999874,1.3604373386399937,True,1,4
1740465199083,Compass,129.0,43.22330281514822,14.477841,324.75708,0.0,0.0,0.0,6,14.477841000000012,336.41884766756016,321.1683163995807,12.121894889303233,0.8917730000000006,1.131164967135092,True,1,4
1740465199443,Compass,129.5,41.82819212265813,13.260282,319.8652,0.0,0.0,0.0,6,13.260282000000018,333.68362005820296,323.54038799326645,9.38478226788139,1.2175589999999943,1.130938019482319,True,1,4
1740465199663,Compass,130.0,40.960537411025264,13.387152,314.36658,0.0,0.0,0.0,6,13.387152000000015,327.8790523219905,325.77035262990364,6.630667849767286,0.1268699999999967,1.1404326744828348,True,1,4
1740465199981,Compass,130.5,39.90237109182862,17.183659,317.6901,0.0,0.0,0.0,6,17.183658999999977,318.7952857492712,327.1673660684219,6.4735898775386636,3.7965069999999628,1.1807461198785998,True,1,4
1740465200204,Compass,131.0,39.30300958578108,15.762232,312.3857,0.0,0.0,0.0,6,15.762231999999983,318.9231657751398,328.42279443066843,7.054314672614578,1.4214269999999942,1.1737097761032376,True,1,4
1740465200403,Compass,131.5,39.30300958578108,15.248871,311.15872,0.0,0.0,0.0,6,15.248871000000008,319.714756036983,329.6838229500499,7.979474065066359,0.5133609999999749,1.1908705693715622,True,1,4
1740465200843,Compass,132.0,39.30300958578108,16.354599,316.45767,0.0,0.0,0.0,6,16.354599000000007,322.55258392928596,331.0965081752916,8.850164056536531,1.1057279999999992,1.1834113696583293,True,1,4
1740465201103,Compass,132.5,39.537660053422485,17.121117,320.7416,0.0,0.0,0.0,6,17.121117000000027,325.53632681725503,332.4338070791213,10.964691572683671,0.7665180000000191,1.2023441164294504,True,1,4
1740465201383,Compass,133.0,39.537660053422485,16.341545,336.19257,0.0,0.0,0.0,6,16.341544999999996,328.56391822224003,333.56643242065417,12.212246871777854,0.7795720000000301,1.2337207874764717,True,1,4
1740465201643,Compass,133.5,39.763264296332615,15.978891,328.52628,0.0,0.0,0.0,6,15.978890999999976,332.1495050580503,334.68031833479597,12.962631526283328,0.36265400000002046,1.2434726975318877,True,1,4
1740465201943,Compass,134.0,39.763264296332615,19.82859,342.10358,0.0,0.0,0.0,6,19.82859000000002,336.2588632392043,335.9540083478698,13.18336722562211,3.8496990000000437,1.196539115350673,True,1,4
1740465202184,Compass,134.5,39.84667881392375,21.046188,343.8483,0.0,0.0,0.0,6,21.04618800000003,340.13101413485924,338.1824891172046,12.897858274066396,1.2175980000000095,1.2704882595045706,True,1,4
1740465202463,Compass,135.0,42.5152086758374,18.477043,347.9567,0.0,0.0,0.0,6,18.47704299999998,343.6581732111671,340.54298586699923,12.349747824091308,2.5691450000000486,1.287156039897944,True,1,4
1740465202743,Compass,135.5,44.01149530236391,18.784016,346.18872,0.0,0.0,0.0,6,18.78401600000001,345.82591045215617,342.14017041820296,10.93141499821628,0.3069730000000277,1.291292129960088,True,1,4
1740465203023,Compass,136.0,45.36772496775654,21.308855,350.49448,0.0,0.0,0.0,6,21.308854999999994,356.4160835134544,343.50165737587844,9.494961756179803,2.524838999999986,1.293276119443325,True,1,4
1740465203264,Compass,136.5,45.36772496775654,21.056578,349.49585,0.0,0.0,0.0,6,21.056578000000002,353.4082277905521,343.86304261203287,8.843132429801084,0.2522769999999923,1.2795247186831213,True,1,4
1740465203443,Compass,137.0,45.36772496775654,19.028204,345.34818,0.0,0.0,0.0,6,19.028204000000017,350.39190877033013,343.3617853481691,9.919829170077183,2.0283739999999852,1.291432625794389,True,1,4
1740465203828,Compass,137.5,43.63310275753949,18.008615,349.21405,0.0,0.0,0.0,6,18.00861500000002,346.9844025180983,342.08699179009386,12.38580160778475,1.0195889999999963,1.246441191664651,True,1,4
1740465204084,Compass,138.0,42.797396971077575,22.309679,351.63654,0.0,0.0,0.0,6,22.309679000000017,352.2224972892941,340.6879338355973,14.150658976126016,4.301063999999997,1.0979828302513701,True,1,4
1740465204223,Compass,138.5,42.51176307799995,23.043552,353.80618,0.0,0.0,0.0,6,23.043551999999977,354.33061702205833,339.0041743185572,15.645326415733269,0.73387299999996,1.0975624892946443,True,1,4
1740465204523,Compass,139.0,41.0918369326561,22.604113,350.22183,0.0,0.0,0.0,6,22.604112999999984,343.67252430503925,336.32304015291135,18.051727984190368,0.43943899999999303,1.0748287267280268,True,1,4
1740465204863,Compass,139.5,39.694684389096736,21.584225,348.67758,0.0,0.0,0.0,6,21.584225000000004,342.9748882944178,332.957699723078,20.669257641497392,1.0198879999999804,1.0269393644215408,True,1,4
1740465205083,Compass,140.0,38.8201985118572,22.888266,348.95438,0.0,0.0,0.0,6,22.888265999999987,330.95710535957176,328.52074458128493,22.349050728262227,1.3040409999999838,1.00643988673269,True,1,4
1740465205364,Compass,140.5,38.10496399748988,25.493069,358.10275,0.0,0.0,0.0,6,25.49306899999999,321.0450592642829,324.67623804211047,22.719039547358456,2.604803000000004,1.0233923300538603,True,1,4
1740465205723,Compass,141.0,38.10496399748988,24.150524,6.264038,0.0,0.0,0.0,6,24.15052400000002,313.0276016869219,320.74708923532864,23.048039698585608,1.3425449999999728,1.023642074588259,True,1,4
1740465205823,Compass,141.5,38.10496399748988,22.88513,352.9943,0.0,0.0,0.0,6,22.885130000000004,315.2729939217554,316.97279971653063,23.08007530872162,1.2653940000000148,1.0131488951511254,True,1,4
1740465206163,Compass,142.0,38.39652287317173,21.022438,353.86548,0.0,0.0,0.0,6,21.022438000000022,314.8746213792589,312.98211391761936,21.682637231836793,1.8626919999999814,0.7389460785630774,True,1,4
1740465206543,Compass,142.5,39.02172872259763,23.156403,359.54416,0.0,0.0,0.0,6,23.15640300000001,303.44116072647904,309.21418632442885,18.688036818920317,2.1339649999999892,0.7266954165790123,True,1,4
1740465206803,Compass,143.0,39.02172872259763,22.018473,10.345398,0.0,0.0,0.0,6,22.01847299999997,295.34580400465643,305.8816419295373,16.424304289291868,1.1379300000000399,0.6936726742599449,True,1,4
1740465207063,Compass,143.5,38.39652287317173,19.885973,0.35543823,0.0,0.0,0.0,6,19.88597299999998,289.8617563865576,303.0681358198912,12.839859904912474,2.132499999999993,0.6916074565130895,True,1,4
1740465207304,Compass,144.0,38.39540377766589,19.80576,354.90924,0.0,0.0,0.0,6,19.80576000000002,295.7406297029347,301.63132285259655,10.486255141657088,0.0802129999999579,0.702452848052036,True,1,4
1740465207588,Compass,144.5,37.76681124016165,21.841724,1.5873108,0.0,0.0,0.0,6,21.841724,291.45467666860384,301.62422245592643,10.472197500814083,2.0359639999999786,0.6922201748264109,True,1,4
1740465207825,Compass,145.0,37.76681124016165,20.116356,0.7154541,0.0,0.0,0.0,6,20.116355999999996,290.370059736127,302.24005116448035,11.419451405802091,1.7253680000000031,0.8004496650325645,True,1,4
1740465208003,Compass,145.5,37.71511218994317,19.758745,358.2229,0.0,0.0,0.0,6,19.758744999999976,292.36221030562535,302.59659008708576,11.927614800190673,0.3576110000000199,0.8036914920003069,True,1,4
1740465208503,Compass,146.0,37.71511218994317,20.74808,1.1287537,0.0,0.0,0.0,6,20.748080000000016,297.8117031242008,303.47968698228664,13.311657869886872,0.9893350000000396,0.7930981388013025,True,1,4
1740465208623,Compass,146.5,38.12525614668051,21.652914,5.2848206,0.0,0.0,0.0,6,21.65291400000001,293.6843583816662,305.36473015056043,15.177135082756473,0.9048339999999939,0.7588412699360828,True,1,4
1740465209044,Compass,147.0,38.1864770730425,20.57519,3.9439697,0.0,0.0,0.0,6,20.57519000000002,300.772296649727,307.9850685864925,16.645769800312245,1.0777239999999892,0.7658977409828727,True,1,4
1740465209303,Compass,147.5,38.1864770730425,19.65808,357.25165,0.0,0.0,0.0,6,19.658079999999984,309.4049108501508,311.11244921048745,17.387793908516063,0.9171100000000365,0.7237970945217621,True,1,4
1740465209523,Compass,148.0,38.433129832866854,19.613087,353.36444,0.0,0.0,0.0,6,19.613087000000007,320.9385533142321,313.9251203549629,18.120537019249056,0.044992999999976746,0.6885606205897485,True,1,4
1740465209843,Compass,148.5,39.72827629661272,22.36759,357.1862,0.0,0.0,0.0,6,22.367590000000007,322.2650323152307,317.0264536314575,17.98042650685542,2.7545029999999997,0.7842194029197492,True,1,4
1740465210164,Compass,149.0,42.74744144390399,20.789772,3.9934692,0.0,0.0,0.0,6,20.78977199999997,320.62107776083593,320.1186819368401,17.032122149734935,1.5778180000000361,0.8433799738267719,True,1,4
1740465210423,Compass,149.5,44.534089821730944,19.213377,351.56012,0.0,0.0,0.0,6,19.21337699999998,328.12107480727155,322.90228099431107,15.516320717383717,1.5763949999999909,0.8703260932501362,True,1,4
1740465210743,Compass,150.0,46.52922468728659,20.538334,351.38785,0.0,0.0,0.0,6,20.53833400000002,331.71680825058627,325.0422935498791,13.942457396099762,1.3249570000000404,0.9255436267586822,True,1,4
1740465210987,Compass,150.5,46.752214185533504,21.371227,346.57544,0.0,0.0,0.0,6,21.371226999999976,334.6508805436376,327.06264793049,10.948092096511305,0.8328929999999559,0.9262939029194857,True,1,4
1740465211283,Compass,151.0,47.931754870857795,20.111128,350.22232,0.0,0.0,0.0,6,20.111128000000008,336.77246574648234,328.09107447357513,8.819734680477557,1.2600989999999683,0.9265229496568664,True,1,4
1740465211403,Compass,151.5,48.00329578528957,19.645523,339.48553,0.0,0.0,0.0,6,19.645523000000026,337.9306968700668,328.09107447357513,8.819734680477557,0.4656049999999823,0.9265229496568664,True,1,4
1740465211763,Compass,152.0,48.00329578528957,16.802982,330.81732,0.0,0.0,0.0,6,16.802981999999986,337.9746758160228,328.09107447357513,8.819734680477557,2.8425410000000397,0.9265229496568664,True,1,4
1740465212004,Compass,152.5,47.931754870857795,19.320045,332.58917,0.0,0.0,0.0,6,19.320044999999993,336.753484316866,328.09107447357513,8.819734680477557,2.5170630000000074,0.9265229496568664,True,1,4
1740465212463,Compass,153.0,47.370382360711424,16.651384,336.25742,0.0,0.0,0.0,6,16.651384000000007,334.1161961676891,328.09107447357513,8.819734680477557,2.668660999999986,0.9265229496568664,True,1,4
1740465212766,Compass,153.5,45.618492686628734,16.483976,324.7831,0.0,0.0,0.0,6,16.483975999999984,329.9118914577216,328.09107447357513,8.819734680477557,0.1674080000000231,0.9265229496568664,True,1,4
1740465213063,Compass,154.0,44.415210051350776,17.369349,319.22855,0.0,0.0,0.0,6,17.369349,323.9896740908299,328.09107447357513,8.819734680477557,0.8853730000000155,0.9265229496568664,True,1,4
1740465213263,Compass,154.5,43.6404780591906,18.437813,319.70355,0.0,0.0,0.0,6,18.437813000000006,316.19869479600413,328.09107447357513,8.819734680477557,1.0684640000000059,0.9265229496568664,True,1,4
