Timestamp_(ms),Type,step,value_1,value_2,value_3,GroundTruth,value_4,value_5,turns,Time_Seconds,Is_Turn,Corrected_Heading
1740465065101,Gyro,0.0,-0.0637585661196912,1.959918983231696,226.93452560511977,0.0,0.0,0.0,0,1740465065.101,False,236.8725556232995
1740465068540,Gyro,0.5,-0.0638390896986636,3.418443011582906,263.9913131545268,0.0,0.0,0.0,0,1740465068.54,False,264.0855320532994
1740465068850,Gyro,1.0,-0.0656215647011956,4.65578652875964,293.62580952054054,0.0,0.0,0.0,0,1740465068.85,False,295.5128939741706
1740465071512,Gyro,1.5,-0.0686954885074223,5.689868960088618,316.5213111828319,0.0,0.0,0.0,0,1740465071.512,True,318.2604663683825
1740465071979,Gyro,2.0,-0.0726503584974787,6.538609730896566,333.3611146210717,0.0,0.0,0.0,0,1740465071.979,False,331.826055086748
1740465072291,Gyro,2.5,-0.0770756720514997,7.219928266510203,344.82851631493077,0.0,0.0,0.0,0,1740465072.291,False,340.0982392718377
1740465072651,Gyro,3.0,-0.0815609265496204,7.7517439922562525,351.60681274408,0.0,0.0,0.0,0,1740465072.651,False,345.38249973040314
1740465072904,Gyro,3.5,-0.0856956193719757,8.15197633346144,354.37930038819025,0.0,0.0,0.0,0,1740465072.904,True,348.6923910482411
1740465073268,Gyro,4.0,-0.0890692478987006,8.438544715452483,353.82927572693234,0.0,0.0,0.0,0,1740465073.268,False,350.7882062662654
1740465073506,Gyro,4.5,-0.0912713095099301,8.629368563556108,350.6400352399771,0.0,0.0,0.0,0,1740465073.506,False,349.3555223690165
1740465073906,Gyro,5.0,-0.0918913015857982,8.742367303098948,345.49487540699164,0.0,0.0,0.0,0,1740465073.906,False,345.5901530689873
1740465074226,Gyro,5.5,-0.0807800711810582,9.106085144092733,339.5843182510584,0.0,0.0,0.0,0,1740465074.226,True,340.756859788323
1740465074586,Gyro,6.0,-0.0649376286918462,8.906378296959685,329.2395144230101,0.0,0.0,0.0,0,1740465074.586,False,335.84767811342056
1740465074826,Gyro,6.5,-0.0405786885807317,8.813032236645858,327.8250885256581,0.0,0.0,0.0,0,1740465074.826,False,331.47927809370145
1740465075409,Gyro,7.0,-0.0466128595365015,9.02106959967299,326.6291018306597,0.0,0.0,0.0,0,1740465075.409,False,327.8084063230233
1740465075544,Gyro,7.5,-0.0344420539223467,9.231267599411463,325.6228711506989,0.0,0.0,0.0,0,1740465075.544,False,324.96309046136594
1740465076015,Gyro,8.0,-0.0286363354054785,9.147725808957068,323.81986634520695,0.0,0.0,0.0,0,1740465076.015,False,322.7644055750757
1740465076126,Gyro,8.5,-0.0270498628567698,8.685457989963938,322.61559646616155,0.0,0.0,0.0,0,1740465076.126,False,321.30786290574815
1740465076510,Gyro,9.0,-0.0413553188058053,8.656016275907056,321.5815341353345,0.0,0.0,0.0,0,1740465076.51,False,320.51927432471416
1740465076775,Gyro,9.5,-0.021997931557914,8.452227284896924,320.4330654429514,0.0,0.0,0.0,0,1740465076.775,False,320.2729214122408
1740465077252,Gyro,10.0,-0.032815156687793,7.777397990552376,318.7650334030691,0.0,0.0,0.0,0,1740465077.252,False,319.75071067704374
1740465077363,Gyro,10.5,-0.0194210378946908,6.8852679147106075,318.2782566230756,0.0,0.0,0.0,0,1740465077.363,False,319.59936205122267
1740465077972,Gyro,11.0,-0.0216836124738016,6.1356833237985535,317.69428656096386,0.0,0.0,0.0,0,1740465077.972,False,319.7254283482551
1740465078091,Gyro,11.5,-0.0374840459182604,9.241961140078352,319.58533018960065,0.0,0.0,0.0,0,1740465078.091,False,319.9951460546872
1740465078471,Gyro,12.0,-0.045716562637188,10.591280292513776,320.70845144491284,0.0,0.0,0.0,0,1740465078.471,False,320.1255779589449
1740465078724,Gyro,12.5,-0.0435143691794568,10.20778526734216,321.2245676560929,0.0,0.0,0.0,0,1740465078.724,False,319.9770924749449
1740465079105,Gyro,13.0,-0.027193835878509,7.7296097900620335,320.867839522716,0.0,0.0,0.0,0,1740465079.105,False,317.3667902132708
1740465079412,Gyro,13.5,-0.0218091487032883,3.432326676953225,319.97077844393215,0.0,0.0,0.0,0,1740465079.412,False,315.98977544863595
1740465079873,Gyro,14.0,-0.0152694002075709,-2.285391356717841,317.51352412552745,0.0,0.0,0.0,0,1740465079.873,False,315.39560870657925
1740465080010,Gyro,14.5,-0.0044428959917161,-9.411982645047276,314.3990419744977,0.0,0.0,0.0,0,1740465080.01,False,315.3581876331656
1740465080586,Gyro,15.0,-0.0096942129761358,-17.496644546649012,310.95926454723394,0.0,0.0,0.0,0,1740465080.586,False,315.5807110270383
1740465080683,Gyro,15.5,-0.0108731056717879,-26.341740929061466,307.56737751225523,0.0,0.0,0.0,0,1740465080.683,True,316.2289962900692
1740465081032,Gyro,16.0,-0.0176640498486431,-35.34838119937846,304.43188520104246,0.0,0.0,0.0,0,1740465081.032,False,317.2272729520539
1740465104930,Gyro,16.5,-0.0039877420912061,-44.55357875691349,301.11516342922164,0.0,0.0,0.0,0,1740465104.93,False,318.48495909006886
1740465105185,Gyro,17.0,-0.0301100550202676,-53.67975024645246,297.98201257273263,0.0,0.0,0.0,0,1740465105.185,False,319.9030898979467
1740465105565,Gyro,17.5,-0.0312812528842755,-62.307116130891714,295.27093459626974,0.0,0.0,0.0,0,1740465105.565,False,321.37770342967366
1740465105863,Gyro,18.0,-0.04932823192285,-70.14583811379453,293.1633324844685,0.0,0.0,0.0,0,1740465105.863,False,322.615345209367
1740465106366,Gyro,18.5,-0.0706335976034643,-77.40518785423251,292.016507479565,0.0,0.0,0.0,0,1740465106.366,False,323.6194863534699
1740465106645,Gyro,19.0,-0.0926837787554745,-83.22456971797875,291.2224689081364,0.0,0.0,0.0,0,1740465106.645,False,324.0963133014454
1740465107025,Gyro,19.5,-0.1078041764998353,-87.57341069107449,290.8497942268681,0.0,0.0,0.0,0,1740465107.025,False,323.6833875345998
1740465107284,Gyro,20.0,-0.1285879118120285,-89.98355035321894,291.23793296501776,0.0,0.0,0.0,0,1740465107.284,False,322.0110792689438
1740465107631,Gyro,20.5,-0.0971277386484133,-90.52795803942357,292.104852363514,0.0,0.0,0.0,0,1740465107.631,False,322.72799800806405
1740465107984,Gyro,21.0,-0.1200799142351408,-88.77014391552689,293.60767915658363,0.0,0.0,0.0,1,1740465107.984,False,323.62240837226614
1740465108164,Gyro,21.5,-0.1340370554848954,-84.38820149885484,296.20835128473004,0.0,0.0,0.0,1,1740465108.164,False,324.4849356689235
1740465108544,Gyro,22.0,-0.1139695957938201,-83.31997309937789,296.5199039228471,0.0,0.0,0.0,1,1740465108.544,False,325.13930239577326
1740465108746,Gyro,22.5,-0.093568646110754,-82.8108418440657,296.27146158221285,0.0,0.0,0.0,1,1740465108.746,False,325.56195863259666
1740465109104,Gyro,23.0,-0.0707264925139906,-83.06570435795912,296.0353551487379,0.0,0.0,0.0,1,1740465109.104,False,325.8181042791765
1740465109444,Gyro,23.5,-0.0640521401532519,-83.21079195684764,295.8576711441612,0.0,0.0,0.0,1,1740465109.444,False,325.8555780735885
1740465109704,Gyro,24.0,-0.0378284969526964,-83.41513713991401,295.69469664922826,0.0,0.0,0.0,1,1740465109.704,False,325.7865018413743
1740465109983,Gyro,24.5,-0.0110127316869236,-84.30181597450046,295.0173805230432,0.0,0.0,0.0,1,1740465109.983,False,325.7286121778469
1740465110264,Gyro,25.0,-0.0303864631599538,-85.51506801274824,294.8275699378847,0.0,0.0,0.0,1,1740465110.264,False,325.878167514353
1740465110463,Gyro,25.5,-0.0385091306020917,-86.23363437920787,295.57202714612265,0.0,0.0,0.0,1,1740465110.463,False,326.63698573626334
1740465110845,Gyro,26.0,-0.0452365930612286,-86.58266643543539,296.91631504412857,0.0,0.0,0.0,1,1740465110.845,False,327.4892112072435
1740465111050,Gyro,26.5,-0.0261146003003592,-87.39444117881555,297.59673645635473,0.0,0.0,0.0,1,1740465111.05,False,328.18161688000805
1740465111464,Gyro,27.0,-0.0391949341836543,-88.35087725596495,298.92156277214417,0.0,0.0,0.0,1,1740465111.464,False,328.5561524506151
1740465111645,Gyro,27.5,-0.0362648426226867,-88.86707480254879,300.0289328211798,0.0,0.0,0.0,1,1740465111.645,False,327.9679250698786
1740465112043,Gyro,28.0,-0.0512227209335724,-89.12395133246052,300.71355826413503,0.0,0.0,0.0,1,1740465112.043,False,327.7981581567829
1740465112223,Gyro,28.5,-0.0576730288338665,-89.62029011964587,300.24685973847306,0.0,0.0,0.0,1,1740465112.223,False,327.61814507097375
1740465112626,Gyro,29.0,-0.0596976858129447,-94.81503405230356,296.3930473193819,0.0,0.0,0.0,1,1740465112.626,False,327.27405306233965
1740465112803,Gyro,29.5,-0.0652789119237651,-96.9346094869227,294.13560196142174,0.0,0.0,0.0,1,1740465112.803,False,326.79009283342396
1740465113203,Gyro,30.0,-0.0688307850437389,-96.53936525531104,292.79148618175526,0.0,0.0,0.0,1,1740465113.203,False,328.7247283321803
1740465113383,Gyro,30.5,-0.0669124037426601,-93.97404541435,292.63062918927403,0.0,0.0,0.0,1,1740465113.383,False,329.75879282486454
1740465113745,Gyro,31.0,-0.1019684661244839,-89.13612345047295,301.78574426282734,0.0,0.0,0.0,1,1740465113.745,False,328.89049180173515
1740465113944,Gyro,31.5,-0.1089261748357293,-82.3280151629608,299.2557833246123,0.0,0.0,0.0,1,1740465113.944,False,326.6367471636976
1740465114343,Gyro,32.0,-0.1040537501286355,-73.93187241075428,298.7487275253315,0.0,0.0,0.0,1,1740465114.343,False,323.40839633421507
1740465114537,Gyro,32.5,-0.1078135950148728,-65.0074503502771,299.7571674534126,0.0,0.0,0.0,1,1740465114.537,False,319.64873163008144
1740465114945,Gyro,33.0,-0.1006842080053927,-54.98838276348415,302.416404236675,0.0,0.0,0.0,1,1740465114.945,False,315.4455867232596
1740465115127,Gyro,33.5,-0.0753585062979723,-44.23068431497168,307.0623649950927,0.0,0.0,0.0,1,1740465115.127,True,311.20323006814783
1740465121860,Gyro,34.0,-0.0495779049118987,-33.500458257763576,312.3733272409247,0.0,0.0,0.0,1,1740465121.86,False,307.37733636533085
1740465121947,Gyro,34.5,-0.0399899726652495,-23.637116265282486,316.8080153187278,0.0,0.0,0.0,1,1740465121.947,False,304.3717844568678
1740465122469,Gyro,35.0,-0.0550283899148408,-14.206102391467624,321.3514172899602,0.0,0.0,0.0,1,1740465122.469,False,303.4258033645775
1740465122564,Gyro,35.5,-0.0516811820632553,-5.0179124401764525,326.4670057763936,0.0,0.0,0.0,1,1740465122.564,True,303.6898758665003
1740465123066,Gyro,36.0,-0.0372003440933307,2.8545123623733075,330.800332553118,0.0,0.0,0.0,1,1740465123.066,False,304.83028034161254
1740465123344,Gyro,36.5,-0.0197305273126836,8.880455583360487,333.85084106243477,0.0,0.0,0.0,1,1740465123.344,False,307.2585834593827
1740465123526,Gyro,37.0,-0.0220267383064724,13.52313874926432,336.570643180774,0.0,0.0,0.0,1,1740465123.526,False,311.4181073110691
1740465124487,Gyro,37.5,-0.0061183412806471,16.814971587610145,337.6722009251349,0.0,0.0,0.0,1,1740465124.487,False,313.2425033205949
1740465124783,Gyro,38.0,0.0083283143994768,17.641354094802026,336.7431545439646,0.0,0.0,0.0,2,1740465124.783,False,314.4356938783455
1740465124885,Gyro,38.5,0.0067648680779665,15.660924462732735,334.84833743379784,0.0,0.0,0.0,2,1740465124.885,False,314.8940680238363
1740465125227,Gyro,39.0,-0.0002205984846355,11.096763369728537,331.4787092285021,0.0,0.0,0.0,2,1740465125.227,False,314.7930839608695
1740465125484,Gyro,39.5,0.0006875485245177,11.497573899084532,333.09451176200974,0.0,0.0,0.0,2,1740465125.484,False,314.3850773608919
1740465125864,Gyro,40.0,0.0036529162280156,11.340178177443477,334.80019717554353,0.0,0.0,0.0,2,1740465125.864,False,313.7916318706082
1740465126105,Gyro,40.5,0.0137113174699246,11.070770450735402,338.0122922850564,0.0,0.0,0.0,2,1740465126.105,False,313.56841478585295
1740465126403,Gyro,41.0,0.0077402144274271,10.964874336318926,341.55820788819466,0.0,0.0,0.0,2,1740465126.403,False,313.39022789684765
1740465126664,Gyro,41.5,0.0079719577373323,11.155791608303234,332.6859945243504,0.0,0.0,0.0,2,1740465126.664,False,313.33181373685676
1740465126864,Gyro,42.0,0.0340332915572078,11.505523071330362,332.7355140961059,0.0,0.0,0.0,2,1740465126.864,False,313.15696204453207
1740465127210,Gyro,42.5,0.0400465954179465,11.639988667603651,332.713838989862,0.0,0.0,0.0,2,1740465127.21,True,312.73300477607484
1740465127506,Gyro,43.0,0.0489438474006205,12.074663937070795,333.093254887214,0.0,0.0,0.0,2,1740465127.506,False,311.83040205384737
1740465127744,Gyro,43.5,0.0671995027484464,12.32094120424961,334.6971620235331,0.0,0.0,0.0,2,1740465127.744,False,310.86150671970483
1740465128009,Gyro,44.0,0.0800098374130425,11.762372493036803,335.56054382150626,0.0,0.0,0.0,2,1740465128.009,False,310.0958738416384
1740465128276,Gyro,44.5,0.0699253274408295,10.67149881981027,335.8690328506007,0.0,0.0,0.0,2,1740465128.276,False,309.8943488163926
1740465128564,Gyro,45.0,0.0612677748389989,9.633482622687035,335.5078294344517,0.0,0.0,0.0,2,1740465128.564,False,310.5313270281608
1740465128823,Gyro,45.5,0.0538240509682896,8.609007948283649,336.0622586106531,0.0,0.0,0.0,2,1740465128.823,False,310.63492895579697
1740465129071,Gyro,46.0,0.0556919130017973,7.357639329780886,336.8892843053245,0.0,0.0,0.0,2,1740465129.071,False,310.7721773151628
1740465129250,Gyro,46.5,0.0271188347960114,6.2934420561620685,337.34984297482436,0.0,0.0,0.0,2,1740465129.25,False,311.1601907035298
1740465129543,Gyro,47.0,0.0100556072953578,5.83988251480869,338.7787318960404,0.0,0.0,0.0,2,1740465129.543,False,311.8833895396217
1740465129930,Gyro,47.5,0.0016109523010787,5.738426098659622,339.3403467865275,0.0,0.0,0.0,2,1740465129.93,False,313.28067364446645
1740465130128,Gyro,48.0,-0.0032572731328865,5.499781178587706,339.87284152010056,0.0,0.0,0.0,2,1740465130.128,False,314.80132086445684
1740465130504,Gyro,48.5,-0.0343609733765932,5.369163348414448,341.02578265118916,0.0,0.0,0.0,2,1740465130.504,False,316.57436092772735
1740465130789,Gyro,49.0,-0.0572372794058509,5.695276434226801,342.540130470738,0.0,0.0,0.0,2,1740465130.789,False,318.30757040724626
1740465131064,Gyro,49.5,-0.0623559210804177,5.980164034586393,345.71269483164025,0.0,0.0,0.0,2,1740465131.064,False,319.8336933438479
1740465131325,Gyro,50.0,-0.0739635613115388,5.959406177345464,347.646671876426,0.0,0.0,0.0,2,1740465131.325,False,320.99022936065546
1740465131604,Gyro,50.5,-0.1043126754991815,6.51594126511924,349.65563803857054,0.0,0.0,0.0,2,1740465131.604,False,321.73155764366976
1740465131784,Gyro,51.0,-0.1234555801771806,7.832244201536356,349.96243177508575,0.0,0.0,0.0,2,1740465131.784,False,322.0348671948984
1740465132024,Gyro,51.5,-0.1173059219051964,9.39396532494268,348.45672977116294,0.0,0.0,0.0,2,1740465132.024,False,321.6999167178736
1740465132383,Gyro,52.0,-0.0980419747721466,10.719758686989085,346.2167626544581,0.0,0.0,0.0,2,1740465132.383,False,320.50897909878586
1740465132751,Gyro,52.5,-0.1116570378548532,11.8726403022555,343.6305134782568,0.0,0.0,0.0,2,1740465132.751,False,318.4028973666648
1740465132906,Gyro,53.0,-0.1131439955346505,13.22182875004888,341.29075466818813,0.0,0.0,0.0,2,1740465132.906,False,315.62071737421735
1740465133269,Gyro,53.5,-0.0822743907054583,14.163576585256454,339.3693493134971,0.0,0.0,0.0,2,1740465133.269,False,312.5215448811229
1740465133449,Gyro,54.0,-0.0404989873339321,13.794363288362048,335.9987830402052,0.0,0.0,0.0,2,1740465133.449,True,309.335572182463
1740465133784,Gyro,54.5,-0.023277098568813,13.050357431415344,332.2064005132356,0.0,0.0,0.0,2,1740465133.784,False,306.3495204166436
1740465134109,Gyro,55.0,0.008965500243707,12.05494253115383,328.157464720493,0.0,0.0,0.0,2,1740465134.109,False,303.61173204888644
1740465134384,Gyro,55.5,0.006511583204315,11.110712231039424,325.3456643870507,0.0,0.0,0.0,2,1740465134.384,False,301.0624201139541
1740465134668,Gyro,56.0,0.0176629814594637,14.294920995096277,324.3180451193162,0.0,0.0,0.0,2,1740465134.668,False,298.8117339465741
1740465134944,Gyro,56.5,0.0076249185696305,15.095933132641216,322.6587471461223,0.0,0.0,0.0,2,1740465134.944,False,296.9045959397438
1740465135203,Gyro,57.0,0.0165191263872178,13.900352585158396,321.60653911735477,0.0,0.0,0.0,2,1740465135.203,False,295.2724860582448
1740465135486,Gyro,57.5,0.0460122189011109,10.418656768143071,320.00828264792034,0.0,0.0,0.0,2,1740465135.486,False,290.3100827046453
1740465135770,Gyro,58.0,0.0558559029363511,4.745647855835198,318.3595442235987,0.0,0.0,0.0,2,1740465135.77,False,288.36296024689955
1740465136019,Gyro,58.5,0.0388453868784892,-2.5367042769695543,317.0133346845336,0.0,0.0,0.0,2,1740465136.019,False,288.6793398564054
1740465136203,Gyro,59.0,0.0280905963054262,-10.66068128375272,316.22336745995045,0.0,0.0,0.0,2,1740465136.203,False,290.7144503162789
1740465136423,Gyro,59.5,0.0518351608685185,-22.60222856104909,314.3525713370345,0.0,0.0,0.0,2,1740465136.423,False,294.2817294357773
1740465136929,Gyro,60.0,0.0607086988361549,-35.89023106083645,311.2999583981656,0.0,0.0,0.0,2,1740465136.929,False,299.32074973308494
1740465137065,Gyro,60.5,0.0516992040296823,-47.08731295156859,308.39722694997994,0.0,0.0,0.0,2,1740465137.065,False,305.5456298484888
1740465145119,Gyro,61.0,0.0249972881254655,-55.65925419519386,305.16010183719806,0.0,0.0,0.0,2,1740465145.119,False,315.7909912401724
1740465145508,Gyro,61.5,0.0275372628882965,-61.89524374496496,302.7269676560931,0.0,0.0,0.0,2,1740465145.508,False,323.35161640094424
1740465145765,Gyro,62.0,-0.010520632925531,-65.61306438185606,301.80374429878685,0.0,0.0,0.0,2,1740465145.765,False,327.50803646190064
1740465146305,Gyro,62.5,-0.0435261588949651,-66.21775765277792,302.7222313599179,0.0,0.0,0.0,2,1740465146.305,False,329.29247139525677
1740465146444,Gyro,63.0,-0.059805664998757,-64.28126581533107,304.16998959136606,0.0,0.0,0.0,2,1740465146.444,False,330.1581873442784
1740465146805,Gyro,63.5,-0.0473813140979726,-60.55043816595223,306.4234586237296,0.0,0.0,0.0,2,1740465146.805,False,329.42421551283354
1740465147046,Gyro,64.0,-0.0492561442414835,-54.95292720483754,308.24246081725687,0.0,0.0,0.0,2,1740465147.046,False,326.43022858817113
1740465151538,Gyro,64.5,-0.0697606204641051,-46.819757592006646,312.0086653579564,0.0,0.0,0.0,3,1740465151.538,False,319.86250461760545
1740465152067,Gyro,65.0,-0.0677733357916631,-36.307469221215655,315.5139845406958,0.0,0.0,0.0,3,1740465152.067,False,317.97563237618203
1740465152272,Gyro,65.5,-0.0975762849283088,-23.880012132118058,328.39865817260153,0.0,0.0,0.0,3,1740465152.272,False,315.9721085610032
1740465152706,Gyro,66.0,-0.1062489369946702,-9.37023190621106,337.92712313173837,0.0,0.0,0.0,3,1740465152.706,True,314.54985566686037
1740465154048,Gyro,66.5,-0.1230435130754154,0.3603992462896459,334.1007524681229,0.0,0.0,0.0,3,1740465154.048,False,314.06645174320425
1740465154205,Gyro,67.0,-0.0859095521829673,8.805689718175786,331.2652131938503,0.0,0.0,0.0,3,1740465154.205,False,314.6276881475926
1740465154625,Gyro,67.5,-0.0573306685018626,15.1030324264137,328.7879689244812,0.0,0.0,0.0,3,1740465154.625,False,316.37214145296434
1740465154744,Gyro,68.0,-0.0587102551280476,19.39638972177161,334.78939354363774,0.0,0.0,0.0,3,1740465154.744,False,319.2771782564336
1740465155345,Gyro,68.5,-0.0597755451227518,21.612200366590148,328.2213713664557,0.0,0.0,0.0,4,1740465155.345,False,317.6524649008037
1740465155625,Gyro,69.0,-0.0069901357643019,21.004441190225325,330.5649803269003,0.0,0.0,0.0,4,1740465155.625,False,314.3355096004691
1740465155785,Gyro,69.5,0.0206844848282116,17.163415752337166,328.36340770185944,0.0,0.0,0.0,4,1740465155.785,False,310.51521977035515
1740465156144,Gyro,70.0,0.016607438518143,14.681683973487894,323.7534911572371,0.0,0.0,0.0,4,1740465156.144,False,306.4155332964878
1740465156491,Gyro,70.5,0.0079154755024517,14.177232736188127,317.59673644654737,0.0,0.0,0.0,4,1740465156.491,True,300.8493182018096
1740465156725,Gyro,71.0,-0.0023041054529257,14.01683843609006,309.7817379797283,0.0,0.0,0.0,4,1740465156.725,False,293.82831123508686
1740465156924,Gyro,71.5,0.0114100010565543,13.747959237986109,300.7502738215067,0.0,0.0,0.0,4,1740465156.924,False,285.25484460880045
1740465157267,Gyro,72.0,-0.0195460892368418,13.660327548545112,291.09097655769517,0.0,0.0,0.0,4,1740465157.267,False,276.0685442894165
1740465157505,Gyro,72.5,-0.0263639549174563,13.780411958483,281.0083710460902,0.0,0.0,0.0,4,1740465157.505,True,265.9534429600592
1740465157766,Gyro,73.0,-0.0334831854470411,13.701711001634358,270.4065613272279,0.0,0.0,0.0,4,1740465157.766,False,256.0138682291739
1740465158051,Gyro,73.5,-0.019745381123733,13.18350070055558,260.1592815756752,0.0,0.0,0.0,4,1740465158.051,False,245.8285767557977
1740465158305,Gyro,74.0,-0.0338702482956844,12.90207418339311,250.5246270774733,0.0,0.0,0.0,4,1740465158.305,False,235.37717935074028
1740465158585,Gyro,74.5,-0.025013139410101,18.064515899313292,238.56328734880393,0.0,0.0,0.0,4,1740465158.585,True,224.87074689864053
1740465158865,Gyro,75.0,-0.0231053419968941,19.95453844001285,229.9545926479214,0.0,0.0,0.0,4,1740465158.865,False,215.8582655755824
1740465159125,Gyro,75.5,-0.0310179263855831,19.31914607159181,227.52425683556444,0.0,0.0,0.0,4,1740465159.125,False,207.82251238203472
1740465159406,Gyro,76.0,-0.0461592061551155,17.061326210199223,216.76075641385813,0.0,0.0,0.0,4,1740465159.406,False,200.52420790058662
1740465159707,Gyro,76.5,-0.0358679656435105,13.052995854527484,205.3016805590037,0.0,0.0,0.0,4,1740465159.707,True,197.83326150212255
1740465159986,Gyro,77.0,-0.0262128802960114,6.9105185570447185,206.16635251389093,0.0,0.0,0.0,4,1740465159.986,False,198.76809457294289
1740465160270,Gyro,77.5,-0.0356783601227521,-0.5992643203661138,211.72150845047145,0.0,0.0,0.0,4,1740465160.27,False,203.1301645943205
1740465160506,Gyro,78.0,-0.0507179307520033,-8.770651457992694,222.1081636645936,0.0,0.0,0.0,4,1740465160.506,False,211.26849971318154
1740465160885,Gyro,78.5,-0.0421870698204571,-17.670541478260656,224.1855143478234,0.0,0.0,0.0,4,1740465160.885,True,223.17474672297595
1740465161045,Gyro,79.0,-0.0304104585165017,-27.34410826119614,239.5201134684509,0.0,0.0,0.0,4,1740465161.045,False,238.6598501119963
1740465167329,Gyro,79.5,-0.050471240386884,-36.944871302059056,247.04989601503465,0.0,0.0,0.0,4,1740465167.329,False,256.4998308636099
1740465167706,Gyro,80.0,-0.0558802871797247,-46.16170230042443,254.40838057207935,0.0,0.0,0.0,4,1740465167.706,False,272.79641106214854
1740465167924,Gyro,80.5,-0.0511642702876358,-54.90010200065316,262.09309654788836,0.0,0.0,0.0,4,1740465167.924,False,286.36381178502893
1740465168126,Gyro,81.0,-0.0592298910473284,-63.16786654952525,269.4221634847957,0.0,0.0,0.0,4,1740465168.126,True,297.5482797571857
1740465168486,Gyro,81.5,-0.0606503593679234,-70.3586895377566,276.5603034030696,0.0,0.0,0.0,4,1740465168.486,False,306.15896870611374
1740465168870,Gyro,82.0,-0.0620063659519378,-76.18668532298048,282.67449914023854,0.0,0.0,0.0,4,1740465168.87,False,312.4734618696405
1740465169064,Gyro,82.5,-0.0580546501063346,-80.48478146224161,287.83296709054906,0.0,0.0,0.0,4,1740465169.064,False,316.98048910729426
1740465169444,Gyro,83.0,-0.0740133105225162,-82.88814517718112,291.58063731938194,0.0,0.0,0.0,4,1740465169.444,True,319.50176443539107
1740465169649,Gyro,83.5,-0.0738052092926699,-83.06100162863582,293.85833199084317,0.0,0.0,0.0,5,1740465169.649,False,322.21975966994853
1740465169927,Gyro,84.0,-0.0948820850947945,-79.95065591467704,294.346114066685,0.0,0.0,0.0,5,1740465169.927,False,324.0798039006413
1740465170165,Gyro,84.5,-0.0904980979462166,-74.22728109676277,292.3892973161129,0.0,0.0,0.0,5,1740465170.165,False,325.1715998181677
1740465170427,Gyro,85.0,-0.100548812879953,-74.08039712978008,293.9890458221606,0.0,0.0,0.0,5,1740465170.427,False,325.59880884285286
1740465170747,Gyro,85.5,-0.104001705708361,-73.70737623373563,295.0237500915296,0.0,0.0,0.0,5,1740465170.747,False,325.5167278596478
1740465171104,Gyro,86.0,-0.0944599171002865,-73.66626833082618,295.63514418437046,0.0,0.0,0.0,5,1740465171.104,False,325.026026620288
1740465171325,Gyro,86.5,-0.0711061748268968,-74.14529708695564,295.23074852565844,0.0,0.0,0.0,5,1740465171.325,False,324.19839935517354
1740465171692,Gyro,87.0,-0.0647543877930623,-74.88523116835478,293.95951913696933,0.0,0.0,0.0,5,1740465171.692,False,323.1438311232743
1740465171885,Gyro,87.5,-0.0456224688212743,-75.19813777345448,292.30907597253656,0.0,0.0,0.0,5,1740465171.885,False,321.86337275124095
1740465172292,Gyro,88.0,-0.0408773441501727,-75.5929273337683,290.3899703170936,0.0,0.0,0.0,5,1740465172.292,False,320.3317358017111
1740465172426,Gyro,88.5,-0.0228333604736839,-76.20817846976044,288.1324212585778,0.0,0.0,0.0,5,1740465172.426,False,318.2145304059193
1740465172804,Gyro,89.0,-0.0248951131884599,-76.68197478881896,285.7300193527263,0.0,0.0,0.0,5,1740465172.804,False,315.9975592618319
1740465173045,Gyro,89.5,-0.0144506495753512,-76.78665013827957,283.37089814971876,0.0,0.0,0.0,5,1740465173.045,False,313.81453569551013
1740465173386,Gyro,90.0,-0.0048128999321673,-76.70445588852475,281.74676070610974,0.0,0.0,0.0,5,1740465173.386,False,311.83760619417234
1740465173666,Gyro,90.5,0.0126432695724091,-76.85669690388924,280.0181573847629,0.0,0.0,0.0,5,1740465173.666,False,310.1776193428744
1740465173924,Gyro,91.0,0.0181449756554427,-76.9713872111792,278.83609446877733,0.0,0.0,0.0,5,1740465173.924,False,308.9433518734527
1740465174255,Gyro,91.5,0.0307320330382474,-76.74420119810304,277.4534395063713,0.0,0.0,0.0,5,1740465174.255,False,308.176293842755
1740465174486,Gyro,92.0,0.0381353662239289,-76.49520022719751,277.3391106570741,0.0,0.0,0.0,5,1740465174.486,False,307.81939177393366
1740465174787,Gyro,92.5,0.0388361296662303,-76.48682851748846,277.25457242562595,0.0,0.0,0.0,5,1740465174.787,False,307.78020969984635
1740465175049,Gyro,93.0,0.0216722971238964,-76.12892621739039,277.78113546910424,0.0,0.0,0.0,5,1740465175.049,False,308.02748751402845
1740465175346,Gyro,93.5,0.0346593047182081,-75.55210467571011,278.7309176789767,0.0,0.0,0.0,5,1740465175.346,False,308.3878822160313
1740465175624,Gyro,94.0,0.0244034754946057,-74.82369488492881,279.7747199346158,0.0,0.0,0.0,5,1740465175.624,False,308.84430445541796
1740465175864,Gyro,94.5,0.0284702006456355,-74.7073490774754,280.1770634913337,0.0,0.0,0.0,5,1740465175.864,False,309.29968887039854
1740465176146,Gyro,95.0,0.0124522237178815,-74.56327008139827,280.17225875122256,0.0,0.0,0.0,5,1740465176.146,False,309.8181619031998
1740465176444,Gyro,95.5,0.0089951992850603,-74.29480849100925,280.41433802549517,0.0,0.0,0.0,5,1740465176.444,False,310.30673486754176
1740465176667,Gyro,96.0,0.0068780427116704,-74.30887418927664,280.9849644949296,0.0,0.0,0.0,5,1740465176.667,False,310.8820823820152
1740465176966,Gyro,96.5,-0.0045696938067995,-74.57358266426847,281.0179649656717,0.0,0.0,0.0,5,1740465176.966,False,311.5349588780104
1740465177224,Gyro,97.0,-0.0188780526626346,-74.60585389506285,281.9204115887511,0.0,0.0,0.0,5,1740465177.224,False,312.4969986580663
1740465177505,Gyro,97.5,-0.0320449382853869,-74.45803346354928,283.2859957437037,0.0,0.0,0.0,5,1740465177.505,False,313.7720804125044
1740465177765,Gyro,98.0,-0.0601679806917286,-74.37019596632798,285.3758019156553,0.0,0.0,0.0,5,1740465177.765,False,315.5300768623769
1740465177945,Gyro,98.5,-0.0785134865230458,-74.2686993939187,287.28517044785536,0.0,0.0,0.0,5,1740465177.945,False,317.55085754520485
1740465178310,Gyro,99.0,-0.0908080580970895,-73.89065614775983,289.7415832363483,0.0,0.0,0.0,5,1740465178.31,False,319.92250450498767
1740465178490,Gyro,99.5,-0.1008122195299105,-73.20701497417369,292.4932100261488,0.0,0.0,0.0,5,1740465178.49,False,322.5772271550859
1740465178825,Gyro,100.0,-0.1030430157839151,-72.39076206505307,296.0482586204607,0.0,0.0,0.0,5,1740465178.825,False,325.5332682400258
1740465179025,Gyro,100.5,-0.1048708498640066,-72.09404087675624,298.38252961424945,0.0,0.0,0.0,5,1740465179.025,True,328.5961498964332
1740465179389,Gyro,101.0,-0.111804826899966,-71.64343960804099,301.6496483981657,0.0,0.0,0.0,5,1740465179.389,False,331.7154424779724
1740465179684,Gyro,101.5,-0.1205788912013716,-71.03080315822079,303.73438472703134,0.0,0.0,0.0,5,1740465179.684,False,334.7246360792885
1740465179905,Gyro,102.0,-0.1076678948443923,-70.48242359431102,307.7628375710979,0.0,0.0,0.0,5,1740465179.905,False,337.5518340848473
1740465180124,Gyro,102.5,-0.0828250709607705,-70.46854201863269,310.32047321346477,0.0,0.0,0.0,5,1740465180.124,True,340.0285022749598
1740465180484,Gyro,103.0,-0.0707191019983646,-70.32975791598479,312.94159932984263,0.0,0.0,0.0,5,1740465180.484,False,342.1314444071576
1740465180765,Gyro,103.5,-0.0333154085300747,-70.26075995455946,314.4665761359884,0.0,0.0,0.0,5,1740465180.765,False,343.81422281011925
1740465181009,Gyro,104.0,-0.0249206592043147,-70.36671779503021,315.49592911081675,0.0,0.0,0.0,5,1740465181.009,False,345.01641798686006
1740465181207,Gyro,104.5,-0.0250469999096106,-70.779965089244,315.571773082703,0.0,0.0,0.0,5,1740465181.207,False,344.9209639463864
1740465181567,Gyro,105.0,-0.0449678760071913,-70.6590688960436,315.59586475645256,0.0,0.0,0.0,5,1740465181.567,False,344.44536692882457
1740465181864,Gyro,105.5,-0.0494872523613919,-70.11446279110737,315.2067556521701,0.0,0.0,0.0,5,1740465181.864,False,343.98562841660134
1740465182132,Gyro,106.0,-0.0530585556974494,-69.69958139882232,314.6929828179106,0.0,0.0,0.0,5,1740465182.132,False,344.07402645723494
1740465182411,Gyro,106.5,-0.0556051857520424,-69.49841145276152,313.38988313827673,0.0,0.0,0.0,5,1740465182.411,False,344.7466948263473
1740465182685,Gyro,107.0,-0.0622338527927419,-70.23531483259151,311.39496294867234,0.0,0.0,0.0,5,1740465182.685,False,346.6241883294083
1740465182966,Gyro,107.5,-0.0889963546209534,-69.7158119814964,310.0628234096073,0.0,0.0,0.0,5,1740465182.966,False,348.5458151418486
1740465183186,Gyro,108.0,-0.1380876531111458,-67.85389094995017,318.3817992709998,0.0,0.0,0.0,5,1740465183.186,False,349.782805400218
1740465183506,Gyro,108.5,-0.1637921744110801,-64.33866169120552,323.14105140895333,0.0,0.0,0.0,5,1740465183.506,True,349.7827879547592
1740465183766,Gyro,109.0,-0.1599009360831952,-59.5297320686165,324.9254045080053,0.0,0.0,0.0,5,1740465183.766,False,348.458408564366
1740465184065,Gyro,109.5,-0.1859043979233387,-53.718872540175894,323.8737940274561,0.0,0.0,0.0,5,1740465184.065,False,346.47234981693015
1740465184347,Gyro,110.0,-0.2051488917307919,-46.942639995716995,320.28322995096056,0.0,0.0,0.0,5,1740465184.347,False,342.51618236863226
1740465184565,Gyro,110.5,-0.2187053406539693,-39.55211231167001,305.8380636449784,0.0,0.0,0.0,5,1740465184.565,True,336.4931522278317
1740465185065,Gyro,111.0,-0.2171729808354012,-31.78510228829645,294.70083272637766,0.0,0.0,0.0,5,1740465185.065,False,328.40920098041414
1740465185285,Gyro,111.5,-0.2158013223123545,-24.02166460555708,286.03213148741077,0.0,0.0,0.0,5,1740465185.285,False,318.75390770275936
1740465185947,Gyro,112.0,-0.1883308717582521,-16.466144339293685,280.9138085125825,0.0,0.0,0.0,5,1740465185.947,False,309.1234892233621
1740465186324,Gyro,112.5,-0.1708781012804948,-9.49713503043466,277.1975125008139,0.0,0.0,0.0,5,1740465186.324,True,301.9127425918476
1740465190284,Gyro,113.0,-0.1474926190574484,-3.212488507714892,275.4451674403366,0.0,0.0,0.0,6,1740465190.284,False,296.753628782946
1740465190624,Gyro,113.5,-0.1291622946485241,2.1160738437070785,275.1275050931644,0.0,0.0,0.0,6,1740465190.624,False,294.34179921179054
1740465190846,Gyro,114.0,-0.1172250629141339,6.518485718502711,277.25889025825103,0.0,0.0,0.0,6,1740465190.846,False,294.91624098518577
1740465191207,Gyro,114.5,-0.1172010747897142,9.98288400846671,280.87084370709044,0.0,0.0,0.0,6,1740465191.207,False,298.1747946492776
1740465191385,Gyro,115.0,-0.093760484103804,12.68448861176841,286.40846413206583,0.0,0.0,0.0,6,1740465191.385,True,303.8286931927577
1740465191744,Gyro,115.5,-0.0717126277325064,13.89086758741403,301.4762520071883,0.0,0.0,0.0,6,1740465191.744,False,311.86219868324486
1740465191947,Gyro,116.0,-0.043019370848427,13.683638550637308,305.19370024190545,0.0,0.0,0.0,6,1740465191.947,False,322.2565640814164
1740465192266,Gyro,116.5,-0.0494400315983452,12.309403002255497,318.59232072572354,0.0,0.0,0.0,6,1740465192.266,False,334.0953033314006
1740465192506,Gyro,117.0,-0.0453448870965146,10.123328426740644,330.0623026348441,0.0,0.0,0.0,6,1740465192.506,True,344.36337018878146
1740465192844,Gyro,117.5,-0.0610485078308394,9.47381813674392,341.9285924125491,0.0,0.0,0.0,6,1740465192.844,False,350.9365433313469
1740465193066,Gyro,118.0,-0.0671307795811499,9.379587886008387,344.9457984439319,0.0,0.0,0.0,6,1740465193.066,False,353.625166458509
1740465193305,Gyro,118.5,-0.0536851739020392,9.77362398277203,347.46588265445814,0.0,0.0,0.0,6,1740465193.305,False,352.6567841556354
1740465193586,Gyro,119.0,-0.0352610440752986,9.943668137561174,344.21538595619074,0.0,0.0,0.0,6,1740465193.586,False,347.9539416157175
1740465193805,Gyro,119.5,-0.0556592915870343,10.343786270774638,335.19430834912976,0.0,0.0,0.0,6,1740465193.805,True,339.9458154540512
1740465194146,Gyro,120.0,-0.047523147138391,11.371500776658904,320.402649833275,0.0,0.0,0.0,6,1740465194.146,False,327.2609614591857
1740465194484,Gyro,120.5,-0.0268928153993262,12.356718924909954,291.75180463222927,0.0,0.0,0.0,6,1740465194.484,False,311.6498698370981
1740465194665,Gyro,121.0,-0.0066231318493428,12.823650721412074,275.69709888852236,0.0,0.0,0.0,6,1740465194.665,False,295.8423467173481
1740465195006,Gyro,121.5,-0.0125076175541482,13.05660904161475,262.7940508826382,0.0,0.0,0.0,6,1740465195.006,True,282.636015897087
1740465195304,Gyro,122.0,-0.0092635448896827,13.495371292840636,254.0846452566167,0.0,0.0,0.0,6,1740465195.304,False,272.95126296677563
1740465195586,Gyro,122.5,-0.0220061606983782,13.949709242987735,249.31911045112483,0.0,0.0,0.0,6,1740465195.586,False,267.5758947263889
1740465195765,Gyro,123.0,-0.0119847107912061,14.09339203170954,247.705111317421,0.0,0.0,0.0,6,1740465195.765,False,265.3660969063653
1740465196125,Gyro,123.5,-0.0303458009616864,14.063579321346678,249.67338499836248,0.0,0.0,0.0,6,1740465196.125,False,266.9766162515065
1740465196426,Gyro,124.0,-0.0244735852612942,14.201108497221144,255.5672735992123,0.0,0.0,0.0,6,1740465196.426,False,272.645166397927
1740465196650,Gyro,124.5,-0.045277704494867,14.327741353710191,264.5613143380158,0.0,0.0,0.0,6,1740465196.65,True,281.04731603856413
1740465196986,Gyro,125.0,-0.0379711719795026,14.30959388689097,277.2683749787479,0.0,0.0,0.0,6,1740465196.986,False,290.9178195969402
1740465197245,Gyro,125.5,-0.0517220327236999,13.937719472376427,292.65113081071894,0.0,0.0,0.0,6,1740465197.245,False,301.6732582091115
1740465197484,Gyro,126.0,-0.0606092038103948,13.853076109349294,298.3786182379827,0.0,0.0,0.0,6,1740465197.484,False,312.4746075066157
1740465197825,Gyro,126.5,-0.0747091963605744,13.73764296861703,315.00423908466445,0.0,0.0,0.0,6,1740465197.825,True,322.6437631692194
1740465198006,Gyro,127.0,-0.0659180626096755,13.54725953890144,321.0138519025788,0.0,0.0,0.0,6,1740465198.006,False,331.60025993148696
1740465198344,Gyro,127.5,-0.0770379837280148,13.5975326560966,324.4579354462204,0.0,0.0,0.0,6,1740465198.344,False,338.0010874643568
1740465198544,Gyro,128.0,-0.0701915643609014,13.927895262994276,324.3367114874103,0.0,0.0,0.0,6,1740465198.544,False,341.990533445771
1740465198886,Gyro,128.5,-0.0729958537826078,14.227480290290773,336.05555464857395,0.0,0.0,0.0,6,1740465198.886,True,343.691889809344
1740465199085,Gyro,129.0,-0.06478372722589,14.223586493461744,336.11802459300026,0.0,0.0,0.0,6,1740465199.085,False,343.62343074427355
1740465199447,Gyro,129.5,-0.065706225799803,14.50221457012078,333.36832445570053,0.0,0.0,0.0,6,1740465199.447,False,342.6179077757702
1740465199664,Gyro,130.0,-0.0495553267497869,15.111348797973012,327.5306361752167,0.0,0.0,0.0,6,1740465199.664,False,340.4060633139942
1740465199983,Gyro,130.5,-0.0371966358253673,15.416574410918416,318.42230145798897,0.0,0.0,0.0,6,1740465199.983,True,338.7164372908479
1740465200208,Gyro,131.0,-0.0435500219693685,15.478067276233878,318.54734845047017,0.0,0.0,0.0,6,1740465200.208,False,337.4028898753949
1740465200405,Gyro,131.5,-0.0483896022274593,15.731319561621255,319.3274940732227,0.0,0.0,0.0,6,1740465200.405,False,336.6376505583094
1740465200845,Gyro,132.0,-0.0450377718041838,16.4268764338017,322.1340172997673,0.0,0.0,0.0,6,1740465200.845,False,336.310868048836
1740465201105,Gyro,132.5,-0.0411480026855176,17.159193614906627,325.0837745243504,0.0,0.0,0.0,6,1740465201.105,False,337.46582292492144
1740465201385,Gyro,133.0,-0.0262978442625037,17.417667747956642,328.10192397515135,0.0,0.0,0.0,6,1740465201.385,False,340.6327040788962
1740465201645,Gyro,133.5,-0.0291629451006861,17.693875455704266,331.67788535141807,0.0,0.0,0.0,6,1740465201.645,True,345.18137645260947
1740465201944,Gyro,134.0,-0.0233813340310556,18.206230845374087,335.7656261719476,0.0,0.0,0.0,6,1740465201.944,False,350.1874959710215
1740465202189,Gyro,134.5,-0.0362750038215098,18.773023879045212,339.6125425171584,0.0,0.0,0.0,6,1740465202.189,False,353.78314373244405
1740465202465,Gyro,135.0,-0.0174394504671459,19.095697867276662,343.1272271820815,0.0,0.0,0.0,6,1740465202.465,False,356.88301663283187
1740465202745,Gyro,135.5,-0.0240159453828045,19.25147669826718,345.2896471199697,0.0,0.0,0.0,6,1740465202.745,True,0.31934523758569366
1740465203025,Gyro,136.0,-0.032529370035959,19.822829175220424,355.8644109382109,0.0,0.0,0.0,6,1740465203.025,False,2.7726096103588835
1740465203266,Gyro,136.5,-0.0323061983176851,20.385435433474747,352.81979599868816,0.0,0.0,0.0,6,1740465203.266,False,4.9996122956645355
1740465203445,Gyro,137.0,-0.0218618095087607,20.937620647597004,349.7657863419376,0.0,0.0,0.0,6,1740465203.445,False,6.175528698730094
1740465203829,Gyro,137.5,-0.0334405562591692,21.333864932003667,346.3279380581848,0.0,0.0,0.0,6,1740465203.829,True,5.888577229762739
1740465204086,Gyro,138.0,-0.0285465285326246,21.776935028113503,351.5486479601135,0.0,0.0,0.0,6,1740465204.086,False,3.5660143638970916
1740465204224,Gyro,138.5,-0.0411609402039223,22.188153770839875,353.63522208237566,0.0,0.0,0.0,6,1740465204.224,False,359.7925330659136
1740465204524,Gyro,139.0,-0.0252001274374956,22.3327865478912,342.94613275579843,0.0,0.0,0.0,6,1740465204.524,False,355.5651599936683
1740465204865,Gyro,139.5,-0.0395215965965343,22.50374553841098,342.2358161784856,0.0,0.0,0.0,6,1740465204.865,True,350.4347376200205
1740465205085,Gyro,140.0,-0.0361051159270018,22.8212325403724,330.1693438672729,0.0,0.0,0.0,6,1740465205.085,False,345.50728473560287
1740465205366,Gyro,140.5,-0.0470895810932325,22.884877450473734,320.2283720169952,0.0,0.0,0.0,6,1740465205.366,False,339.19999284458885
1740465205725,Gyro,141.0,-0.0475913523771488,22.74935040634167,312.1998465871162,0.0,0.0,0.0,6,1740465205.725,False,332.7138188873092
1740465205825,Gyro,141.5,-0.0425377232256288,22.662485274926176,314.4574226315752,0.0,0.0,0.0,6,1740465205.825,True,325.99034820865484
1740465206165,Gyro,142.0,-0.0312494853068646,22.60046105165059,314.062486413857,0.0,0.0,0.0,6,1740465206.165,False,320.0755017519051
1740465206545,Gyro,142.5,-0.0321025031686821,22.368347313173977,302.6155878849261,0.0,0.0,0.0,6,1740465206.545,False,315.1120437851868
1740465206804,Gyro,143.0,-0.0215097127986267,21.88166043412854,294.53410060150026,0.0,0.0,0.0,6,1740465206.804,False,311.36524140043474
1740465207065,Gyro,143.5,-0.0199476760693034,21.442655761359664,289.0675525400423,0.0,0.0,0.0,6,1740465207.065,True,308.5628792911075
1740465207306,Gyro,144.0,-0.0204167497371687,21.206653806799352,294.97931702843715,0.0,0.0,0.0,6,1740465207.306,False,306.1419002989947
1740465207590,Gyro,144.5,-0.0238166113439029,21.047011391957906,290.6937414122227,0.0,0.0,0.0,6,1740465207.59,False,304.18193459427226
1740465207827,Gyro,145.0,-0.0163010864493361,20.677214571428323,289.6329127067635,0.0,0.0,0.0,6,1740465207.827,False,303.63203054479385
1740465208005,Gyro,145.5,-0.025562074757149,20.37603032755778,291.65129649885233,0.0,0.0,0.0,6,1740465208.005,False,305.44550696253225
1740465208504,Gyro,146.0,-0.026255038339627,20.430785103628395,297.1100685746941,0.0,0.0,0.0,6,1740465208.504,False,308.8048405253876
1740465208625,Gyro,146.5,-0.0296124192026541,20.51589763386703,292.96689134684186,0.0,0.0,0.0,6,1740465208.625,False,312.8179354479818
1740465209046,Gyro,147.0,-0.0172361748885646,20.70546514547213,300.05875732591994,0.0,0.0,0.0,6,1740465209.046,False,317.16836527887006
1740465209305,Gyro,147.5,-0.0208359826941873,20.556579065053693,308.7212747466455,0.0,0.0,0.0,6,1740465209.305,True,321.57464286893514
1740465209525,Gyro,148.0,-0.0251821460503821,20.73252203857445,320.2681952664231,0.0,0.0,0.0,6,1740465209.525,False,326.9911563904848
1740465209845,Gyro,148.5,-0.0304017501675445,20.801302535795763,321.5929973455339,0.0,0.0,0.0,6,1740465209.845,False,332.18261259741655
1740465210165,Gyro,149.0,-0.0205592480772537,20.57168506309227,319.9604363909736,0.0,0.0,0.0,6,1740465210.165,False,336.99395361908836
1740465210425,Gyro,149.5,-0.0327198480132457,20.22108806701512,327.4973988591004,0.0,0.0,0.0,6,1740465210.425,False,341.36960857861425
1740465210744,Gyro,150.0,-0.0309721610077052,19.989698703676165,331.11395600671636,0.0,0.0,0.0,6,1740465210.744,True,345.4129002074809
1740465210989,Gyro,150.5,-0.0284973511170163,19.731540337807605,334.0686716117368,0.0,0.0,0.0,6,1740465210.989,False,347.9572460871225
1740465211285,Gyro,151.0,-0.0254587365749873,19.449017671834373,336.21039357583675,0.0,0.0,0.0,6,1740465211.285,False,349.54955602450065
1740465211404,Gyro,151.5,-0.0220196356154263,19.14453540818117,337.38796980068736,0.0,0.0,0.0,6,1740465211.404,False,350.7264702589212
1740465211767,Gyro,152.0,-0.0183433664721415,18.8204982492727,337.4502481879599,0.0,0.0,0.0,6,1740465211.767,False,350.85617054237855
1740465212005,Gyro,152.5,-0.0145932473789409,18.479310897533665,336.24607663932545,0.0,0.0,0.0,6,1740465212.005,False,349.7621470811779
1740465212466,Gyro,153.0,-0.0109325965696327,18.12337805538878,333.62430305645523,0.0,0.0,0.0,6,1740465212.466,False,347.24507398200683
1740465212767,Gyro,153.5,-0.007524732278025,17.75510442526274,329.4337753410204,0.0,0.0,0.0,6,1740465212.767,False,343.10044280230267
1740465213064,Gyro,154.0,-0.0045329727379258,17.376894709580252,323.5233413946921,0.0,0.0,0.0,6,1740465213.064,True,337.18294049411537
1740465213265,Gyro,154.5,-0.0021206361831434,16.991153610766023,315.74184911914165,0.0,0.0,0.0,6,1740465213.265,False,329.53789058214215
