step,heading_compass,x_compass,y_compass,heading_gyro,x_gyro,y_gyro,gt_x,gt_y,gt_heading,heading_compass_sin,heading_compass_cos,heading_gyro_sin,heading_gyro_cos,gt_heading_sin,gt_heading_cos
0.0,0.8737756767370186,0.0,0.0,0.873775676737047,0.0,0.0,0.0,0.0,1.317947706409261,0.7667581398058493,0.6419360988770406,0.7667581398058675,0.6419360988770189,0.9682037315178016,0.25016301540196695
0.5,-2.893907264568517,0.0206918489634577,0.3493878180281525,0.23145138306650992,0.2440679887187553,0.250860154035633,0.07016725740686525,0.27156772292073583,1.317947706409261,-0.24516064320462863,-0.9694824696834352,0.2293904458384438,0.9733344868841544,0.9682037315178016,0.25016301540196695
1.0,0.45380785412594804,0.0617510334987865,0.6969711078527553,-2.546158097240628,0.2668800067706531,0.6001159511706267,0.1403345148137305,0.5431354458414717,1.317947706409261,0.43839114359646847,0.8987842929291658,-0.5608685787526227,-0.8279048480157687,0.9682037315178016,0.25016301540196695
1.5,2.812199692820414,0.1170785202503709,1.042570397796692,2.362045823852558,0.0260503530684558,0.8540865752547513,0.21050177222059574,0.8147031687622075,1.317947706409261,0.32346868390940875,-0.9462388760402497,0.7029571821227276,-0.7112321703227957,0.9682037315178016,0.25016301540196695
2.0,0.8737756767370328,0.1606843023851332,1.3898433966958517,0.873775676737047,0.0696561352032182,1.2013595741539107,0.280669029627461,1.0862708916829433,1.317947706409261,0.7667581398058584,0.6419360988770297,0.7667581398058675,0.6419360988770189,0.9682037315178016,0.25016301540196695
2.5,-1.6428564649712971,0.1889994802656408,1.7386961603391904,-2.639182269680539,0.1673638735985355,1.5374446792354544,0.35083628703432623,1.3578386146036792,1.317947706409261,-0.997404791538319,-0.07199779035777723,-0.4815394547234464,-0.8764244140510041,0.9682037315178016,0.25016301540196695
3.0,-1.9342616066796277,0.2155400416863493,2.087688421857227,1.7251251335512094,0.2903636632166975,1.8651199022137688,0.4210035444411915,1.629406337524415,1.317947706409261,-0.9346704781106071,-0.35551525614028034,0.9881149270962919,-0.15371691790264938,0.9682037315178016,0.25016301540196695
3.5,1.627400251612043,0.2637096817855908,2.434357840428738,2.083623751743964,0.4154112894821017,2.192019108645029,0.4911708018480567,1.9009740604451508,1.317947706409261,0.9983984255371172,-0.056573703122611695,0.8713607364551421,-0.49064291186600495,0.9682037315178016,0.25016301540196695
4.0,1.2332841099037122,0.3094935924200084,2.7813503958633174,-0.8803899354314879,0.5233880863022617,2.524947045815309,0.561338059254922,2.1725417833658867,1.317947706409261,0.9435813908440447,0.33114069344135,-0.7709872681037252,0.6368505573695877,0.9682037315178016,0.25016301540196695
4.5,-0.20017603180461663,0.3465828129906449,3.1293796902013984,-0.20043414112460312,0.5983422093810937,2.8668269654266885,0.6315053166617872,2.4441095062866225,1.317947706409261,-0.1988418506044093,0.9800315905358428,-0.19909479926553525,0.9799802349565099,0.9682037315178016,0.25016301540196695
5.0,-0.5855811735129457,0.381330162220225,3.4776505929789883,-1.4763976928479892,0.6276707721010542,3.2155959941674603,0.7016725740686525,2.7156772292073583,1.317947706409261,-0.5526838204285305,0.8333910214518296,-0.9955477566276961,0.09425849708944821,0.9682037315178016,0.25016301540196695
5.5,2.6705546847787236,0.4358030999668717,3.823385605746353,-1.659321076755564,0.6061955057149095,3.564936534233517,0.7718398314755177,2.987244952128094,1.317947706409261,0.45381146132386047,-0.8910977261620088,-0.9960842425201563,-0.08840917261826671,0.9682037315178016,0.25016301540196695
6.0,1.1030030430703928,0.4807978896016984,4.170481369053423,-1.8517433163621497,0.5080996475719023,3.9009085607702314,0.842007088882383,3.25881267504883,1.317947706409261,0.8925655081329932,0.4509177460372253,-0.960793301501789,-0.27726563398533965,0.9682037315178016,0.25016301540196695
6.5,1.0285307013620635,0.5253414905985604,4.517635322812029,0.6030270675479166,0.3877902649838164,4.229581121932969,0.9121743462892482,3.530380397969566,1.317947706409261,0.8565416414482105,0.516077917048584,0.567138229289161,0.8236226252834213,0.9682037315178016,0.25016301540196695
7.0,2.382752259653733,0.5780770869191125,4.863639595734656,-3.0069486533679672,0.2470249700254823,4.550026330565105,0.9823416036961135,3.8019481208903017,1.317947706409261,0.6880804578739714,-0.7256344007087493,-0.1342375418319903,-0.9909491825330422,0.9682037315178016,0.25016301540196695
7.5,2.9402691179454035,0.6341769297979297,5.2091143525968215,-0.14398305206669093,0.0873930727958394,4.861502906549343,1.0525088611029787,4.0735158438110375,1.317947706409261,0.19996630945685817,-0.979802773563233,-0.14348607918219003,0.9896523354597423,0.9682037315178016,0.25016301540196695
8.0,1.8276609762370732,0.6835579552728122,5.5556132910122935,1.9222084237034274,-0.0947107719557774,5.160397854192623,1.122676118509844,4.345083566731773,1.317947706409261,0.9671912644583783,-0.25404932189518503,0.9388875715117052,-0.34422395044629384,0.9682037315178016,0.25016301540196695
8.5,2.470033834528744,0.7368205761064538,5.901536827681789,-1.6960504812594586,-0.2953144546316414,5.447204692494783,1.1928433759167092,4.616651289652509,1.317947706409261,0.622207068222963,-0.7828527091690909,-0.9921659485443104,-0.12492690082271665,0.9682037315178016,0.25016301540196695
9.0,-2.0379476143591724,0.8007737210130215,6.24564436211915,1.139083469175585,-0.5128045682719403,5.721427321883259,1.2630106333235744,4.888219012573245,1.317947706409261,-0.8928548116351636,-0.4503446295226985,0.9082503762953801,0.41842711905336694,0.9682037315178016,0.25016301540196695
9.5,-0.4768266143591724,0.874077763769372,6.587881878057387,-0.00938522320753421,-0.7357472951956096,5.991235662213646,1.3331778907304397,5.159786735493981,1.317947706409261,-0.458962078171246,0.8884558575420227,-0.009385085429287303,0.9999559591159427,0.9682037315178016,0.25016301540196695
10.0,-0.08233860717958663,0.9118826802059636,6.935834156815872,-1.6774172630898256,-0.966449278206092,6.254440136026367,1.403345148137305,5.431354458414717,1.317947706409261,-0.08224560094133238,0.9966120916012403,-0.9943213705972331,-0.10641903952601654,0.9682037315178016,0.25016301540196695
10.5,-1.4359477071795865,0.9414574614500942,7.2845823931044045,-2.1641940430833024,-1.1993790560897688,6.51567512329848,1.4735124055441702,5.7029221813354525,1.317947706409261,-0.9909216941837682,0.13444030644107655,-0.8290455294448336,-0.559181106715468,0.9682037315178016,0.25016301540196695
11.0,0.030751692820413012,0.9799490913412864,7.632459374849848,-2.7481641051950483,-1.434959248817297,6.774522516166286,1.5436796629510354,5.974489904256188,1.317947706409261,0.030746846241390777,0.9995272039550541,-0.38335726983835516,-0.9236001319088702,0.9682037315178016,0.25016301540196695
11.5,0.21873269282041363,1.0195818572184403,7.980208197808211,-0.8571204765582543,-1.661869450312275,7.04100283524728,1.6138469203579007,6.246057627176924,1.317947706409261,0.21699268632211866,0.9761732295462269,-0.7559607146252298,0.6546169856819419,0.9682037315178016,0.25016301540196695
12.0,-1.5832823071795863,1.0482597446921131,8.329031331745808,0.2660007787539307,-1.8835128023190035,7.311879605220678,1.684014177764766,6.51762535009766,1.317947706409261,-0.9999220511596079,-0.0124856559604397,0.2628749809000941,0.96482990439599,0.9682037315178016,0.25016301540196695
12.5,-3.120756007179587,1.067568118764188,8.67849833546818,0.782116989934007,-2.102707156782875,7.584741905605262,1.7541814351716312,6.789193073018396,1.317947706409261,-0.020835138682943902,-0.9997829249372399,0.7047828389559446,0.7094231106421606,0.9682037315178016,0.25016301540196695
13.0,2.193576,1.0809646388021723,9.02824186042736,0.42538885655708825,-2.323596114488385,7.856234204508515,1.8243486925784964,7.060760795939132,1.317947706409261,0.8122602266276654,-0.5832952290553847,0.4126750139461742,0.9108783304396504,0.9682037315178016,0.25016301540196695
13.5,-1.9250010071795867,1.1075616067804557,9.37722982769036,-0.4716722222267613,-2.54870849086184,8.124234984364648,1.8945159499853617,7.3323285188598675,1.317947706409261,-0.9379226376794767,-0.3468445267383832,-0.4543765517834572,0.890809715477652,0.9682037315178016,0.25016301540196695
14.0,1.2433302907635628,1.103804202895002,9.727209658417848,-2.928926540631455,-2.785104147376977,8.382337858391221,1.964683207392227,7.603896241780603,1.317947706409261,0.9468604187531791,0.3216447534136914,-0.2110666967698212,-0.9774716617450739,0.9682037315178016,0.25016301540196695
14.5,0.3824564907635839,1.0947889452310062,10.077093532194922,0.23977661551839802,-3.035173679814624,8.627215846267667,2.034850464799092,7.875463964701339,1.317947706409261,0.37320060408760464,0.9277506718448912,0.23748563866821157,0.9713910496943812,0.9682037315178016,0.25016301540196695
15.0,1.0446459,1.101169970347874,10.427035359529778,3.0831844954342067,-3.299485219008019,8.856648647430053,2.1050177222059574,8.147031687622075,1.317947706409261,0.8647467602594171,0.5022081646298098,0.058374953788732586,-0.998294728409483,0.9682037315178016,0.25016301540196695
15.5,1.668742,1.1113622940279813,10.77688692310782,-0.3087025395445018,-3.5769081386127475,9.070041533154924,2.1751849796128226,8.41859941054281,1.317947706409261,0.9952071560099192,-0.09778914370546714,-0.303822764874374,0.9527285697112745,0.9682037315178016,0.25016301540196695
16.0,2.0966506000000003,1.1241671454743636,11.12665261007473,2.8389904564223123,-3.865587776505257,9.2679406657105,2.245352237019688,8.690167133463547,1.317947706409261,0.8648954530858719,-0.501952044752668,0.2980051772150882,-0.9545642536534688,0.9682037315178016,0.25016301540196695
16.5,0.3195164422841259,1.202220648507934,11.467838264322074,0.3195164422841259,-3.787534273471687,9.609126319957843,1.9670050942671617,8.769653625543496,2.8634300547226186,0.31410751374616697,0.9493874181851166,0.31410751374616697,0.9493874181851166,0.2745893387125133,-0.9615615919250439
17.0,-1.9415182505362836,1.228717009033539,11.81683388446493,-2.813634414204884,-3.72824547411972,9.954068109643297,1.6886579515146356,8.849140117623444,2.863430054722625,-0.9320660439107997,-0.3622884069197786,-0.3221107623068575,-0.9467019894381205,0.2745893387125073,-0.9615615919250456
17.5,-0.838025452593147,1.2122513339799734,12.166446357848004,0.7584729165118134,-3.6853386364396568,10.301428158123684,1.4103108087621097,8.928626609703393,2.8634300547226186,-0.7433237322145527,0.6689318568633339,0.6878137571603816,0.7258872057426826,0.2745893387125133,-0.9615615919250439
18.0,-0.771265452593159,1.196193032105588,12.516077779406352,-1.3491291952894002,-3.655235441999324,10.650131180313751,1.1319636660095835,9.00811310178334,2.863430054722625,-0.6970431629183416,0.7170291688828246,-0.975532275850089,0.21985626844542314,0.2745893387125073,-0.9615615919250456
18.5,-2.517750452593166,1.169486405447088,12.86505737206547,-2.4959542001929194,-3.6321174066763513,10.999366854955973,0.8536165232570574,9.08759959386329,2.8634300547226186,-0.5841579486977259,-0.8116400008459816,-0.6017085039089529,-0.7987157669181506,0.2745893387125133,-0.9615615919250439
19.0,1.4225098545864405,1.128535692765734,13.212653458250124,2.99319253555808,-3.6138413495643698,11.348889366014186,0.5752693805045315,9.16708608594324,2.8634300547226186,0.989025692600506,0.14774362719281509,0.14785602487754898,-0.9890088957675809,0.2745893387125133,-0.9615615919250439
19.5,-1.000735452593151,1.1110772471199906,13.56221776231396,2.6205178542897443,-3.5978390973254686,11.698523357386996,0.2969222377520053,9.246572578023187,2.863430054722625,-0.8418681239321831,0.5396832977839007,0.4978125821147085,-0.8672846321066034,0.2745893387125073,-0.9615615919250456
20.0,1.7533820566433178,1.1217863768972418,13.91205388757751,3.008656592439422,-3.5794687052060405,12.048040923030523,0.01857509499947918,9.326059070103137,2.8634300547226186,0.9833774822051471,-0.18157292609820858,0.13254486603900195,-0.9911770066374134,0.2745893387125133,-0.9615615919250439
20.5,-2.6002718791019497,0.7725802964574098,13.93561473187158,-2.407609316243928,-3.5558122079122687,12.397240536626803,-0.25977204775304674,9.405545562183086,2.8634300547226186,-0.5152683826271192,-0.8570288757473885,-0.6698326175847514,-0.7425121308231672,0.2745893387125133,-0.9615615919250439
21.0,-0.5468545315668116,0.4225875898202716,13.933355240599168,-1.0974450860323195,-3.904280259707754,12.429951649078978,-0.5381191905055731,9.485032054263034,2.8634300547226257,-0.5200030586557431,0.8541643981041774,-0.8900455535414353,0.4558715966378252,0.2745893387125064,-0.9615615919250459
21.5,2.0730325087887813,0.0728574273080954,13.947096180494489,1.5032270421140943,-4.250905145363925,12.47844070602842,-0.816466333258099,9.564518546342983,2.8634300547226186,0.8765082858477964,-0.48138677260614227,0.9977180642841326,0.06751788060301836,0.2745893387125133,-0.9615615919250439
22.0,-1.0868457580352633,-0.2756045671922514,13.979871756596827,1.8147796802311582,-4.597261242847762,12.528813851014284,-1.094813476010625,9.644005038422932,2.8634300547226186,-0.8851637154868125,0.4652796973709267,0.9703834176317774,-0.2415699128311956,0.2745893387125133,-0.9615615919250439
22.5,-1.7723287176796525,-0.6244337388037573,14.008476109986312,1.5663373395969025,-4.94383250839422,12.577684679711238,-1.3731606187631513,9.72349153050288,2.8634300547226257,-0.979760988182161,-0.20017094203783803,0.9999900587330556,0.004458972421990347,0.2745893387125064,-0.9615615919250459
23.0,2.381303629855534,-0.9740849086571384,14.024098511215383,1.330230906121944,-5.290602219367563,12.625126934626705,-1.6515077615156772,9.80297802258283,2.8634300547226186,0.6891309111437552,-0.7246368658205141,0.9712034176115618,0.2382518029724482,0.2745893387125133,-0.9615615919250439
23.5,1.281430363031479,-1.320894901843627,14.071245394738984,1.1525469015452536,-5.637517389159762,12.671493570994354,-1.9298549042682032,9.882464514662777,2.863430054722625,0.958424986965251,0.28534460632831016,0.9138013560154158,0.40616139863899825,0.2745893387125073,-0.9615615919250456
24.0,-2.9975729037925625,-1.6658439017169293,14.130492229982805,0.9895724066123144,-5.9845630425424154,12.716873241202576,-2.2082020470207295,9.961951006742726,2.8634300547226195,-0.14352239708029865,-0.9896470691798794,0.8357912860235294,0.5490472895909194,0.2745893387125124,-0.9615615919250442
24.5,0.3891144437426597,-2.013346066114883,14.172232447264667,0.3122562804272384,-6.332120885767346,12.758147271934188,-2.486549189773256,10.041437498822676,2.8634300547226195,0.3793692071510395,0.9252453753818992,0.30720658971811937,0.9516428485696528,0.2745893387125124,-0.9615615919250442
25.0,1.7192817912777905,-2.363154400445738,14.18381386482353,0.12244569526872695,-6.679813554980213,12.798269681827316,-2.7648963325257814,10.120923990902623,2.863430054722624,0.9889962731786085,-0.14794043273839363,0.12213995422715156,0.9925128873628741,0.2745893387125081,-0.9615615919250454
25.5,-2.6002718791019497,-2.7123604808855704,14.207374709117602,-2.6002718791019497,-7.029019635420045,12.821830526121389,-3.0432434752783077,10.200410482982573,2.8634300547226195,-0.5152683826271192,-0.8570288757473885,-0.5152683826271192,-0.8570288757473885,0.2745893387125124,-0.9615615919250442
26.0,-2.694026281730526,-3.061604646951157,14.230364108177884,-1.2559839810960334,-7.377576865579236,12.853577294519964,-3.321590618030834,10.27989697506252,2.8634300547226257,-0.4327728948157274,-0.9015029792035162,-0.9508545005663641,0.30963804474368173,0.2745893387125064,-0.9615615919250459
26.5,2.8284346228204917,-3.411123255264365,14.248714651570335,-0.5755625688698665,-7.7257325146920195,12.88946105116356,-3.5999377607833596,10.35938346714247,2.8634300547226186,0.3080646089629625,-0.9513654380439185,-0.5443068080664837,0.83888622511785,0.2745893387125133,-0.9615615919250439
27.0,-2.286443779808071,-3.760886067257091,14.235831509603374,0.7492637469195707,-8.072965445443806,12.933384755487364,-3.878284903535886,10.43886995922242,2.8634300547226195,-0.7546686015034768,-0.6561061666413344,0.6810998671409041,0.7321905291525169,0.2745893387125124,-0.9615615919250442
27.5,-1.1664641824366022,-4.1108338745224255,14.229787323125096,1.856633795955208,-8.419284653334149,12.984010897412324,-4.156632046288412,10.518356451302367,2.8634300547226257,-0.9193653398241185,0.39340484482284044,0.9594258554587382,-0.28196103964425373,0.2745893387125064,-0.9615615919250459
28.0,2.223781414934802,-4.460526673270508,14.244448377102673,2.541259238910431,-8.76497422240354,13.03877148393784,-4.434979189040938,10.597842943382316,2.8634300547226186,0.7942737196200913,-0.607560086181494,0.5649176210150099,-0.8251473089495849,0.2745893387125133,-0.9615615919250439
28.5,-0.6637379876937253,-4.810514042280655,14.241474905502816,2.074560713248463,-9.111098367003676,13.09071449621883,-4.713326331793464,10.677329435462266,2.8634300547226195,-0.6160655429375735,0.7876948944896321,0.8757716052189976,-0.482725693838789,0.2745893387125124,-0.9615615919250442
29.0,1.3976479168572986,-5.159332834600096,14.212744257671508,-1.7792517058427215,-9.459930992302414,13.11927670074143,-4.9916734745459905,10.756815927542213,2.8634300547226257,0.9850472276073406,0.17228453030696636,-0.9783517394059041,-0.2069489647266731,0.2745893387125064,-0.9615615919250459
29.5,-2.140786792950866,-5.509127267789488,14.200750321298834,2.246488243376728,-9.809617953282688,13.134076339939092,-5.270020617298517,10.836302419622163,2.8634300547226195,-0.8419061198917932,-0.5396240221568583,0.7802743874704057,-0.6254373511852992,0.2745893387125124,-0.9615615919250442
30.0,-1.6322415027590118,-5.857885459669041,14.230207469784467,0.9023724637102468,-10.159555852506832,13.140669266951626,-5.548367760051042,10.915788911702112,2.8634300547226186,-0.9981128390370071,-0.061406518786571995,0.7847994508260341,0.619749805956529,0.2745893387125133,-0.9615615919250439
30.5,-1.7928959053875637,-6.206724876771781,14.25868660382012,0.7415154712290182,-10.50951088214609,13.146279724168824,-5.826714902803568,10.99527540378206,2.863430054722624,-0.9754371084327872,-0.22027811396569344,0.6754062647515148,0.7374458471877151,0.2745893387125081,-0.9615615919250454
31.0,-0.7184850008365125,-6.556709244812762,14.255378715225424,-2.66974006957685,-10.85411524100553,13.207499295018955,-6.105062045556094,11.074761895862009,2.8634300547226195,-0.658244930639312,0.7528038332046718,-0.4545372124234983,-0.8907277488224309,0.2745893387125124,-0.9615615919250442
31.5,0.41312059653487765,-6.906690682858582,14.25898329888787,1.0834842993877096,-11.20108604770796,13.253447736736437,-6.383409188308621,11.154248387941958,2.8634300547226195,0.4014693465494403,0.9158724604338562,0.8835946990633544,0.46825250430418436,0.2745893387125124,-0.9615615919250442
32.0,-1.4304891132731932,-7.255342987009423,14.289668324719852,0.5764285001069034,-11.548449896222325,13.296323799350557,-6.661756331061147,11.233734880021906,2.8634300547226257,-0.9901730799532664,0.139847315797845,0.5450330216916967,0.8384145783952105,0.2745893387125064,-0.9615615919250459
32.5,-2.593153515901786,-7.604546137581419,14.313272553802625,1.584868428187992,-11.895005337423038,13.34530671651745,-6.940103473813673,11.313221372101854,2.8634300547226257,-0.521355919365437,-0.8533393260260657,0.9999009896150771,-0.014071636961971123,0.2745893387125064,-0.9615615919250459
33.0,0.717531791277775,-7.954503485065607,14.318736521393234,-2.0390800957291653,-12.238914985130505,13.41031559447828,-7.2184506165662,11.392707864181803,2.8634300547226195,0.657527051894879,0.7534309364675896,-0.8923442322918074,-0.45135548196022274,0.2745893387125124,-0.9615615919250442
33.5,2.1626717912778126,-8.304211721867027,14.33302459730434,2.7678655568703867,-12.576167346531678,13.50391497871414,-7.496797759318726,11.472194356261753,2.8634300547226195,0.8298957830124579,-0.5579184432675974,0.365087786468862,-0.9309730974476473,0.2745893387125124,-0.9615615919250442
34.0,-0.9091515415870113,-8.19640206338349,14.666006695228033,1.7956424955228023,-12.90330822438658,13.628328989325176,-7.409797811203775,11.782602692609307,1.2975318828564104,-0.7889827178332172,0.6144153895863205,0.9748284162705138,-0.2229564056750152,0.9628950328375645,0.2698761859385627
34.5,1.9719279584129836,-8.07199195104522,14.993149055597303,2.6410403430389344,-13.212481009381538,13.792378338663912,-7.322797863088824,12.093011028956862,1.297531882856413,0.9206197262373792,-0.39046039448657655,0.47991016356409616,-0.8773176362685766,0.9628950328375652,0.26987618593856016
35.0,-1.6886588487666003,-7.9327430939112125,15.314256133979068,-2.68803322319528,-13.49852380737635,13.99406997883598,-7.235797914973874,12.40341936530442,1.2975318828564175,-0.9930622498945182,-0.11758982878819664,-0.43816785072344844,-0.8988931719578216,0.9628950328375664,0.2698761859385559
35.5,-2.1088228487666,-7.795852716753138,15.636375715255214,-1.1617349670487975,-13.754507891316996,14.232758371450846,-7.148797966858924,12.713827701651974,1.297531882856413,-0.8587216465660727,-0.5124423223337948,-0.9174945695099217,0.3977483059923743,0.9628950328375652,0.26987618593856016
36.0,-0.8085218487666026,-7.651687864028038,15.95530595094752,-0.41769842061139073,-13.979367705603629,14.50097109284747,-7.061798018743974,13.024236037999529,1.2975318828564157,-0.7232672005235591,0.6905682852888726,-0.40565782822233076,0.914025014100786,0.9628950328375658,0.2698761859385576
36.5,-1.7280558487665978,-7.512659835387511,16.276508701951194,-0.95648014158159,-14.176252694801228,14.790343346231689,-6.974798070629024,13.334644374347086,1.2975318828564175,-0.9876601837292208,-0.15661213706466587,-0.8171677886762112,0.5763998656748899,0.9628950328375664,0.2698761859385559
37.0,3.137976958412988,-7.381618142616592,16.601051572394734,-1.8259682535292576,-14.344958261838066,15.09700020927372,-6.887798122514074,13.64505271069464,1.297531882856413,0.0036156872986614066,-0.9999934633813155,-0.9676199136579413,-0.25241177209591115,0.9628950328375652,0.26987618593856016
37.5,0.4311711512334,-7.230586966547846,16.916788145910207,1.9694845677242334,-14.49299474859088,15.414151905769078,-6.800798174399124,13.955461047042196,1.2975318828564157,0.41793505265574316,0.9084769076655945,0.9215710244590204,-0.3882097975032981,0.9628950328375658,0.2698761859385576
38.0,-2.8420239326765717,-7.17146908987103,17.26175927029198,-2.842023932676552,-14.433876871914066,15.759123030150851,-6.713798226284173,14.26586938338975,1.297531882856413,-0.29510816254189326,-0.9554638519594278,-0.2951081625419119,-0.9554638519594221,0.9628950328375652,0.26987618593856016
38.5,2.5350875400971127,-7.117813741401662,17.60762210955146,1.546344264336291,-14.386197710950253,16.105860247088675,-6.626798278169224,14.576277719737305,1.2975318828564157,0.5699993905692083,-0.8216451148462645,0.9997010632158144,0.024449625869738017,0.9628950328375658,0.2698761859385576
39.0,1.1706897056912133,-7.072408939901617,17.954664475842293,2.104101927811712,-14.373347372513354,16.455624265824245,-6.539798330054273,14.886686056084862,1.2975318828564149,0.921019468554174,0.38951654463473917,0.8611312680900642,-0.5083826699619077,0.9628950328375656,0.26987618593855844
39.5,-1.8762544358942748,-7.007484952528996,18.298590159477055,1.3641050229109055,-14.365015316306684,16.805525075825262,-6.452798381939323,15.197094392432417,1.2975318828564157,-0.9537092854474529,-0.3007301096520081,0.9787152904494868,0.20522275760835265,0.9628950328375658,0.2698761859385576
40.0,-1.868027270300173,-6.942511581149093,18.64250651705769,0.7139909980362518,-14.360653906377568,17.15549790063232,-6.365798433824374,15.507502728779972,1.2975318828564157,-0.9561511376254481,-0.2928736963565718,0.6548551925261347,0.755754375985716,0.9628950328375658,0.2698761859385576
40.5,-2.9669111047060728,-6.884145775232268,18.987605680631987,1.570286669140728,-14.35106277177224,17.505366461862078,-6.278798485709423,15.817911065127529,1.2975318828564149,-0.17379454150510182,-0.9847819339036594,0.9999998701245406,0.0005096576321046031,0.9628950328375656,0.26987618593855844
41.0,1.917966060888027,-6.7966054112014405,19.326481298913016,2.7604028338705575,-14.334206952952924,17.8549603424892,-6.191798537594473,16.128319401475082,1.2975318828564149,0.9403394411502136,-0.34023776306768766,0.37202515009760406,-0.9282226498501613,0.9628950328375656,0.26987618593855844
41.5,-1.018794080697461,-6.689433152029597,19.659669094103663,-0.3259871704389745,-14.38574455246366,18.201145084840263,-6.104798589479524,16.43872773782264,1.2975318828564175,-0.8514762654141367,0.5243931439639488,-0.32024412290458243,0.9473350525263354,0.9628950328375664,0.2698761859385559
42.0,3.1225318920762284,-6.594788259290895,19.996629543234537,-2.632267037091946,-14.451171332989508,18.54497547382591,-6.017798641364573,16.749136074170195,1.2975318828564149,0.019059607365299994,-0.999818349185031,-0.4875885714201497,-0.8730735278431351,0.9628950328375656,0.26987618593855844
42.5,-0.9867714423296743,-6.524533067550427,20.33950591750595,1.2734437254353104,-14.530804860328647,18.885795809668014,-5.930798693249623,17.05954441051775,1.2975318828564149,-0.8342501476300456,0.551386154323127,0.9561155001642322,0.29299001748472614,0.9628950328375656,0.26987618593855844
43.0,0.39074872326442645,-6.446055450032703,20.680594269034906,-0.7029398156210966,-14.622145077585072,19.223667034710264,-5.843798745134673,17.369952746865305,1.2975318828564149,0.3808808094248077,0.924624144726874,-0.6464633951799764,0.7629450037141456,0.9628950328375656,0.26987618593855844
43.5,-0.613735111141473,-6.373569393699103,21.023005968071608,-1.454832117710442,-14.717911185538888,19.560310544327457,-5.756798797019723,17.68036108321286,1.2975318828564149,-0.5759249333774115,0.8175025817171614,-0.9932836827528875,0.11570447518078655,0.9628950328375656,0.26987618593855844
44.0,-0.49776363836778614,-6.338288288893427,21.371223204353345,-2.947249758145677,-14.822412572251928,19.89434566250375,-5.669798848904772,17.990769419560415,1.2975318828564149,-0.4774617493914403,0.8786525353449255,-0.19312184228273802,-0.9811747826118042,0.9628950328375656,0.26987618593855844
44.5,3.1134570344059007,-6.319278620818348,21.72070658381462,1.2886251397199295,-14.938780558254198,20.224434274597193,-5.582798900789823,18.301177755907972,1.2975318828564175,0.02813190724351823,-0.9996042195763492,0.9604531537375378,0.2784416266933116,0.9628950328375664,0.2698761859385559
45.0,-2.602064614359172,-6.258716500101411,22.065427093117837,-1.42837771483752,-15.070664878616713,20.54863564110035,-5.495798952674873,18.61158609225553,1.2975318828564175,-0.5137311295578665,-0.8579512378469994,-0.9898755996722102,0.14193765241676462,0.9628950328375664,0.2698761859385559
45.5,1.7913703856408283,-6.171925098670148,22.40449530548461,3.053437330135008,-15.212675183571612,20.868531051018373,-5.408799004559922,18.92199442860308,1.2975318828564113,0.9757720118915576,-0.21878980965552777,0.08804118667249584,-0.9961168352403742,0.9628950328375647,0.2698761859385619
46.0,0.4140573856408274,-6.093308728507782,22.74555170308256,-2.4027222823731584,-15.35005338207394,21.190442887669736,-5.321799056444973,19.232402764950635,1.2975318828564149,0.4023271496078411,0.9154959665058223,-0.6734532862497369,-0.7392297824353602,0.9628950328375656,0.26987618593855844
46.5,-1.8576276143591723,-6.0282729345466795,23.08945626179595,-1.942163612873312,-15.484839557500583,21.51344859491631,-5.234799108330023,19.54281110129819,1.2975318828564175,-0.9591451636340297,-0.2829143953167644,-0.9318320425347885,-0.362889851753179,0.9628950328375664,0.2698761859385559
47.0,0.4691292928204138,-5.987120804388893,23.437028559575097,-0.5132746916572408,-15.611529275305823,21.839714920795075,-5.147799160215072,19.85321943764575,1.2975318828564149,0.45210981889398044,0.8919622815229645,-0.4910325934252914,0.8711412010656094,0.9628950328375656,0.26987618593855844
47.5,-2.8420239326765646,-5.928002927712077,23.78199968395687,-2.842023932676552,-15.552411398629008,22.184686045176846,-5.060799212100122,20.163627773993305,1.2975318828564149,-0.29510816254190003,-0.9554638519594257,-0.2951081625419119,-0.9554638519594221,0.9628950328375656,0.26987618593855844
48.0,0.19516357450302202,-5.88851321469359,24.129764780776146,-2.309529199103494,-15.49009003329806,22.52909285031183,-4.973799263985172,20.474036110340858,1.2975318828564149,0.1939270067544252,0.981015961160301,-0.7393223745386215,-0.6733516365960466,0.9628950328375656,0.26987618593855844
48.5,0.9752461901338734,-5.88255606239513,24.479714080441813,2.9563115323678986,-15.43389346212262,22.87455188607168,-4.886799315870222,20.784444446688415,1.2975318828564175,0.8278400171207582,0.5609642645066643,0.1842228504956551,-0.9828845005163401,0.9628950328375664,0.2698761859385559
49.0,-0.1407829085944936,-5.845106092717096,24.82770474090717,2.3003736451199543,-15.381655397489506,23.22063162342044,-4.799799367755272,21.094852783035968,1.2975318828564113,-0.1403183204126933,0.9901064432456547,0.7454562093444155,-0.666554603877173,0.9628950328375647,0.2698761859385619
49.5,2.5349106998567486,-5.791451811734422,25.173567745769255,-2.9805330079541807,-15.323371639533695,23.565744653540353,-4.712799419640322,21.405261119383525,1.2975318828564175,0.5701446815754099,-0.8215443031701178,-0.16036422805553574,-0.9870579083114385,0.9628950328375664,0.2698761859385559
50.0,-3.0510136988715963,-5.733592628249402,25.518752210782456,3.0663436372143824,-15.266511745083712,23.91109513117595,-4.625799471525372,21.71566945573108,1.2975318828564175,-0.0904551456365466,-0.9959005304887989,0.07517802129209862,-0.9971701284708667,0.9628950328375664,0.2698761859385559
50.5,2.232779916759233,-5.681762881599364,25.86489333425985,2.9050240925621225,-15.2106244287479,24.256604332027074,-4.538799523410422,22.026077792078635,1.2975318828564113,0.7887745056976361,-0.6146826654148057,0.2343681465400668,-0.9721479166707985,0.9628950328375647,0.2698761859385619
51.0,-2.702755081969112,-5.621806659082623,26.209719741864493,1.041532122280536,-15.16600205355565,24.603748169120863,-4.451799575295472,22.33648612842619,1.2975318828564175,-0.4248874685201555,-0.9052461759623919,0.8631788060717911,0.5048983548680639,0.9628950328375664,0.2698761859385559
51.5,1.3345222264821324,-5.537721549885357,26.549469200158818,-2.634455588439117,-15.143728294181551,24.953038706701467,-4.364799627180522,22.646894464773744,1.2975318828564149,0.9722168867357136,0.23408187701297326,-0.48567663898503977,-0.8741385487119278,0.9628950328375656,0.26987618593855844
52.0,1.1151385349333758,-5.454937943610669,26.889538126307848,1.0969143860023927,-15.148380037149204,25.30300779288961,-4.277799679065572,22.9573028011213,1.2975318828564149,0.8979717591316062,0.4400530874815998,0.889803497145479,0.4563438796211422,0.9628950328375656,0.26987618593855844
52.5,-0.8980391566153845,-5.384151833792587,27.232305287303213,2.6235648101838827,-15.182035850988072,25.651385872272975,-4.190799730950621,23.267711137468858,1.2975318828564149,-0.7821065247054785,0.6231447536593072,0.4951676973525975,-0.8687974168346303,0.9628950328375656,0.26987618593855844
53.0,0.6144301518358581,-5.304343216479652,27.573084665497664,-1.886479706681552,-15.242981766256715,25.99603873445762,-4.103799782835671,23.578119473816415,1.2975318828564175,0.5764929917843682,0.8171020930235758,-0.950584434570759,-0.3104661539552907,0.9628950328375664,0.2698761859385559
53.5,-1.123003846892484,-5.197777137378034,27.90646683476427,0.30501453901019815,-15.328364284470966,26.33546446356989,-4.016799834720722,23.888527810163968,1.2975318828564149,-0.9014051027273758,0.4329767208257841,0.3003070431680935,0.953842586501377,0.9628950328375656,0.26987618593855844
54.0,-3.0617855384412422,-5.102550937001932,28.24326346592606,1.047347866101095,-15.446121265065388,26.665060115120824,-3.9297998866057715,24.19893614651152,1.297531882856413,-0.07972242453472486,-0.9968171020936113,0.8661005514526683,0.49986981782598544,0.9628950328375652,0.26987618593856016
54.5,0.05365007718958559,-5.02608145309825,28.584807632955016,1.3678649395143303,-15.597479699803458,26.980639937406156,-3.8427999384908214,24.509344482859078,1.2975318828564157,0.05362434378188517,0.9985611797751613,0.9794799910575558,0.20154142779560347,0.9628950328375658,0.2698761859385576
55.0,1.3410443856408278,-4.9419576696942435,28.924547517375135,1.4318287471545155,-15.782135007752476,27.277965377364215,-3.755799990375871,24.819752819206634,1.2975318828564157,0.9737229168897813,0.22773598996130612,0.9903595356081393,0.13852072130201573,0.9628950328375658,0.2698761859385576
55.5,1.1988533856408274,-4.8586772773276845,29.26449512546684,-1.379971586287791,-15.981153442370124,27.56587449962737,-3.668800042260921,25.13016115555419,1.2975318828564157,0.9316229887665889,0.363426205441501,-0.9818481415760125,0.18966872932492174,0.9628950328375658,0.2698761859385576
56.0,-2.339650614359172,-4.796536981413113,29.6089346464624,-2.407590854022299,-16.18530333914435,27.850168044483866,-3.581800094145971,25.440569491901744,1.297531882856413,-0.7187077690511191,-0.6953122627320499,-0.6698463258941145,-0.7424997640983838,0.9628950328375652,0.26987618593856016
56.5,1.0585226928204143,-4.751811665665689,29.956065235911517,2.2162964799634146,-16.39759968304048,28.128430981951897,-3.4948001460310207,25.7509778282493,1.2975318828564157,0.8716323164412015,0.490160284942941,0.7987989757028802,-0.6015980355819237,0.9628950328375658,0.2698761859385576
57.0,3.053239692820414,-4.695030756765043,30.30142870876934,1.1640884511958625,-16.614970099934258,28.40274850209858,-3.407800197916071,26.061386164596854,1.2975318828564149,0.08823805480808625,-0.996099415562365,0.9184281220299552,0.395587897520298,0.9628950328375656,0.26987618593855844
57.5,1.1116196928204136,-4.649983768286199,30.648517701434027,-0.43416801823856943,-16.839907002329557,28.670896576752877,-3.3208002498011204,26.37179450094441,1.2975318828564149,0.8964177255414525,0.4432101773821188,-0.4206557562697167,0.9072203341620781,0.9628950328375656,0.26987618593855844
58.0,0.1897726999999998,-4.648824514949889,30.99851578161691,-2.0829064425602333,-17.072465922364128,28.93246176692992,-3.2338003016861707,26.682202837291968,1.2975318828564175,0.18863568053705548,0.9820471373759622,-0.8717124549198909,-0.49001775063515524,0.9628950328375664,0.2698761859385559
58.5,-2.8279782092364236,-4.6774202894341705,31.347345656601327,2.8540693255542955,-17.311105768078253,29.188491109071677,-3.146800353571221,26.99261117363952,1.2975318828564149,-0.30849879297023686,-0.9512247340854352,0.28357809478811374,-0.9589491457613086,0.9628950328375656,0.26987618593855844
59.0,0.698957390763578,-4.6845026668830085,31.697273992021127,2.0641021009711302,-17.553252832070516,29.44120596696477,-3.0598004054562704,27.303019509987077,1.2975318828564149,0.6434199057100561,0.7655134387690803,0.8807722574105795,-0.4735401045063362,0.9628950328375656,0.26987618593855844
59.5,1.714016,-4.674033900577241,32.047117392604925,0.19330597805515382,-17.803520894354413,29.685881051517047,-2.9728004573413207,27.61342784633463,1.2975318828564149,0.9897615813302911,-0.1427305577742953,0.19210434144928543,0.981374506493997,0.9628950328375656,0.26987618593855844
60.0,-2.751961507179587,-4.6524765353418545,32.39645287606475,-2.8593069608137363,-18.06646350880755,29.916881444383694,-2.88580050922637,27.923836182682187,1.2975318828564149,-0.3798472332410549,-0.9250492307975374,-0.2785516022294025,-0.9604212642874129,0.9628950328375656,0.26987618593855844
60.5,-3.099370696922854,-4.557471288897662,32.733311901694286,-3.099370696922854,-17.97145826236336,30.25374047001323,-2.7988005611114204,28.234244519029744,1.2975318828564175,-0.04220941298290599,-0.9991087855962625,-0.04220941298290599,-0.9991087855962625,0.9628950328375664,0.2698761859385559
61.0,-0.2503302628247077,-4.8745255490971875,32.88155695587597,-0.05331050252515013,-17.89562651086747,30.595426796144473,-3.19855567930998,28.44032652637855,2.6656057820422436,-0.24772394150938243,0.9688306605403527,-0.053285254619124416,0.9985793316708368,0.45821584201644205,-0.888840954347381
61.5,-1.950137318081115,-5.2090954896407275,32.984333192841,0.7128703757199695,-17.902623915921765,30.945356841042745,-3.5983107975085398,28.64640853372735,2.6656057820422507,-0.9289088737242516,-0.37030839082627137,0.6540078663023449,0.7564877466388034,0.4582158420164358,-0.8888409543473842
62.0,-3.0083693733374766,-5.5540556475045175,33.04351502693381,1.130524587000263,-17.98310734013005,31.285977478156397,-3.9980659157071,28.852490541076154,2.6656057820422436,-0.13282954553767143,-0.9911388963370652,0.9046358851140551,0.4261853063679109,0.45821584201644205,-0.888840954347381
62.5,0.030028571406109705,-5.901812581159849,33.08307656247835,-2.8932960904617993,-18.123236719792445,31.60670127982293,-4.397821033905659,29.05857254842496,2.6656057820422436,0.030024058740189947,0.9995491763273909,-0.24575311996223742,-0.9693324527884261,0.45821584201644205,-0.888840954347381
63.0,-2.0788987910298538,-6.25078981073348,33.10981405000267,-0.10466029042713032,-18.315797994222383,31.898968547216864,-4.797576152104219,29.264654555773763,2.6656057820422436,-0.873669269655708,-0.4865203050842397,-0.10446932414415752,0.9945281093628591,0.45821584201644205,-0.888840954347381
63.5,2.651809153713753,-6.60036332736453,33.12708704830061,-2.7934989966566555,-18.551582924403476,32.157629457869206,-5.197331270302779,29.470736563122564,2.6656057820422507,0.47043485196972784,-0.8824347284939664,-0.3411064188119686,-0.9400246864020507,0.4582158420164358,-0.8888409543473842
64.0,-0.12790320872223404,-6.9503631990321155,33.127386769293096,0.3663807654571336,-18.826472359737576,32.37427617107229,-5.597086388501339,29.67681857047137,2.6656057820422436,-0.1275547608427277,0.9918315295383358,0.35823875962495144,0.9336300076059982,0.45821584201644205,-0.888840954347381
64.5,1.994773996767389,-7.261366668133926,33.287938450089776,1.994773996767389,-19.137475828839385,32.53482785186897,-5.554485225840471,29.99740304055546,1.438684417215697,0.9114597847067675,-0.4113891841824394,0.9114597847067675,-0.4113891841824394,0.9912859070681593,0.13172794103020252
65.0,-2.3566148034896877,-7.398485770933718,33.609960734485405,-0.7830921276727842,-19.43808112683948,32.71409428713858,-5.511884063179605,30.317987510639554,1.4386844172156996,-0.7068095123526281,-0.7074039251006741,-0.7054742890075345,0.7087355131142461,0.9912859070681597,0.13172794103019989
65.5,-0.1906364606692712,-7.486801342102122,33.94863515024367,-0.4647891101262154,-19.691142938952943,32.95587873504591,-5.4692829005187376,30.638571980723647,1.438684417215697,-0.18948386375532844,0.9818838349704878,-0.4482342935581763,0.8939161135578677,0.9912859070681593,0.13172794103020252
66.0,2.4426295393307207,-7.559463944383691,34.291009428234396,2.780490541831039,-19.900688967244115,33.23621863949655,-5.426681737857871,30.959156450807736,1.4386844172156987,0.6434242871122353,-0.7655097561456103,0.35330548201565004,-0.9355080097880986,0.9912859070681596,0.13172794103020077
66.5,-0.8637437678488702,-7.614248385785675,34.63669521761584,-1.045880121784439,-20.12847584912123,33.5019499632894,-5.384080575197004,31.27974092089183,1.438684417215697,-0.760279820728396,0.6495957159597021,-0.8653659377233979,0.501140493103585,0.9912859070681593,0.13172794103020252
67.0,0.4000422321511117,-7.661395249254909,34.9835052135286,2.401765911122542,-20.369129380771344,33.75608748059908,-5.3414794125361365,31.60032539097592,1.438684417215697,0.3894572403484463,0.9210445472072306,0.6741599562678418,-0.7385853731051961,0.9912859070681593,0.13172794103020252
67.5,2.995684539330693,-7.730749705311308,35.32656491594951,-0.07547835824652438,-20.620542497833423,33.9995858267313,-5.29887824987527,31.920909861060014,1.4386844172156996,0.14539095443021627,-0.989374282246042,-0.07540671217608062,0.9971528607785236,0.9912859070681597,0.13172794103019989
68.0,2.094327539330731,-7.805492251125702,35.668491153382654,-0.35723904626958713,-20.845119164858293,34.26803567424104,-5.256277087214403,32.241494331144104,1.4386844172156952,0.866059183339043,-0.49994148753040096,-0.34968892606264973,0.9368658681952026,0.9912859070681591,0.13172794103020427
68.5,-2.545003767848879,-7.870395291504793,36.012420790589964,-0.6420759162720593,-21.09892790307697,34.50903593234016,-5.213675924553536,32.562078801228196,1.4386844172156996,-0.5618238797680079,-0.8272568694924346,-0.5988592370169814,0.8008543027539022,0.9912859070681597,0.13172794103019989
69.0,-2.2245947678488953,-7.933374006500483,36.356707998393986,1.7015330441725531,-21.342669293795,34.76021342824862,-5.171074761892669,32.88266327131229,1.438684417215697,-0.7937792961849132,-0.6082059099911674,0.9914661209114882,-0.1303646082521108,0.9912859070681593,0.13172794103020252
69.5,1.9800265393307193,-8.00879852162904,36.698484449480986,-0.5000395808683002,-21.595879812689606,35.001842137472345,-5.128473599231802,33.20324774139638,1.438684417215697,0.917427395519701,-0.39790322183910254,-0.47946027370845384,0.8775635851238441,0.9912859070681593,0.13172794103020252
70.0,1.5546785393307339,-8.086758188800166,37.03969155710708,1.1732291816889209,-21.86769123903263,35.22233827918319,-5.085872436570935,33.523832211480475,1.4386844172156996,0.9998701112755742,0.016117089618501716,0.9220056656095171,0.38717638433141965,0.9912859070681597,0.13172794103019989
70.5,2.7776472321511285,-8.119477007857116,37.3881588853884,1.2996597781787962,-22.16158289370751,35.41241114761122,-5.043271273910068,33.84441668156457,1.438684417215697,0.3559639892792972,-0.934499672732082,0.963467120713947,0.2678266366573283,0.9912859070681593,0.13172794103020252
71.0,-2.912846075028458,-8.148589445856194,37.73694602097937,-0.23215338146069442,-22.478590107738977,35.56075677866253,-5.000670111249201,34.16500115164866,1.4386844172156996,-0.22675693043737438,-0.9739513819994403,-0.23007366850711697,0.9731732153423034,0.9912859070681597,0.13172794103019989
71.5,-0.7920277678488894,-8.202941156354003,38.08270011215684,-2.9804322325026895,-22.814953984178644,35.65750047420121,-4.958068948588334,34.48558562173275,1.438684417215697,-0.7117790459113156,0.7024034380621846,-0.16046369844742064,-0.9870417425218526,0.9912859070681593,0.13172794103020252
72.0,2.1359165393307187,-8.277435490217627,38.4246805125049,-0.07335888195505547,-23.162781738510088,35.69643443517033,-4.915467785927467,34.806170091816846,1.438684417215697,0.8445242306279487,-0.5355173422796607,-0.07329310254082724,0.9973104437034337,0.9912859070681593,0.13172794103020252
72.5,-1.2660547678488676,-8.33464584630942,38.769973106048184,2.4104062207991355,-23.51205385534662,35.67387366389521,-4.8728666232666,35.12675456190094,1.4386844172156996,-0.9539245287969975,0.30004665197169955,0.6677532647916004,-0.7443826820662601,0.9912859070681597,0.13172794103019989
73.0,-1.6939817678488787,-8.394433481694508,39.1148287840572,-1.908218190883563,-23.851212951164552,35.587438094110766,-4.830265460605733,35.44733903198503,1.438684417215697,-0.992422263291426,-0.12287412796648194,-0.9436113064821601,-0.3310554368667444,0.9912859070681593,0.13172794103020252
73.5,0.6161875393307348,-8.47797133087165,39.45471321699707,0.4108726719229132,-24.169585555869375,35.44204591903429,-4.7876642979448665,35.767923502069124,1.4386844172156996,0.5779280658221799,0.8160877101972767,0.39940952169311944,0.9167726184724725,0.9912859070681597,0.13172794103019989
74.0,1.4889155393307298,-8.556322577597609,39.79583061927448,-2.9405965190994117,-24.4591339383408,35.24542004533456,-4.745063135283999,36.08850797215322,1.438684417215697,0.9966496408131493,0.08178932367381715,-0.1996455101864783,-0.9798681902492706,0.9912859070681593,0.13172794103020252
74.5,-1.5287447678488881,-8.615115426202395,40.14085728629159,-2.3355656334096118,-24.701644515027123,34.99305400127303,-4.702461972623132,36.40909244223731,1.438684417215697,-0.9991159634792486,0.042039166510919164,-0.721542101944041,-0.6923705619985407,0.9912859070681593,0.13172794103020252
75.0,-1.5299237678488673,-8.673915374557472,40.48588274342981,1.6221102800670089,-24.903647380465102,34.70723090501445,-4.659860809962265,36.729676912321395,1.438684417215697,-0.9991648332390853,0.04086117984482037,0.9986837279632063,-0.05129143692189362,0.9912859070681593,0.13172794103020252
75.5,2.5176195393307346,-8.746129807604586,40.82835183058906,-0.8082255322899492,-25.09334832165988,34.413099041881914,-4.617259647301398,37.05026138240549,1.438684417215697,0.584264198132121,-0.8115635198683031,-0.7230625420126892,0.6907825709571342,0.9912859070681593,0.13172794103020252
76.0,1.4709365393307046,-8.824588090637768,41.169444630019775,0.9946446603629404,-25.224780994465934,34.08871431271135,-4.574658484640532,37.37084585248958,1.4386844172156996,0.9950181533938167,0.09969390360879189,0.8385654297609058,0.5448008994209789,0.9912859070681597,0.13172794103019989
76.5,-3.0881537678488478,-8.892748534909638,41.51274355783147,2.10193941986768,-25.28914894789865,33.74468413006616,-4.532057321979664,37.69143032257367,1.438684417215697,-0.053413455005468465,-0.998572482509096,0.862228635281769,-0.5065192794950043,0.9912859070681593,0.13172794103020252
77.0,-2.109743767848851,-8.95503699045688,41.85715631645917,2.9666113747549083,-25.358701262171312,33.401664486927004,-4.489456159318797,38.012014792657766,1.438684417215697,-0.8582493645821527,-0.5132329180735887,0.1740897023349581,-0.9847297982395605,0.9912859070681593,0.13172794103020252
77.5,-3.1370927678488663,-9.02349063746965,42.20039690003088,2.2385820041558695,-25.46113257109232,33.06698878277039,-4.4468549966579305,38.33259926274186,1.4386844172156996,-0.004499870554599199,-0.9999898755312435,0.7851948064606452,-0.6192488319788984,0.9912859070681597,0.13172794103019989
78.0,2.20307653933072,-9.09758406343374,42.5424643849354,0.058866603918854565,-25.62222408977409,32.75626459219488,-4.404253833997063,38.65318373282595,1.438684417215697,0.8066820335980314,-0.5909856992095026,0.058832611627027916,0.9982678617531185,0.9912859070681593,0.13172794103020252
78.5,0.6046862321511419,-9.143491923524351,42.88944056334236,2.136217287148636,-25.794473076756155,32.45158396188889,-4.361652671336197,38.973768202910044,1.4386844172156996,0.5685039735518915,0.8226805163948581,0.8443631367649379,-0.5357713068768006,0.9912859070681597,0.13172794103019989
79.0,0.21379223215113896,-9.191765902747694,43.23609546800974,1.3166348288753866,-25.74818442924099,32.7985095462888,-4.319051508675329,39.29435267299414,1.438684417215697,0.21216731230436497,0.9772333557495579,0.9678744637886131,0.251433932367739,0.9912859070681593,0.13172794103020252
79.5,1.4453959273327932,-9.541625601852829,43.24600460228402,2.5632320682795573,-25.656833274565845,33.13637781431573,-4.6000649021823765,39.396366903127465,2.7933637853717226,0.9921476680000479,0.12507199879296177,0.5466518917939709,-0.8373599639331181,0.341233517639229,-0.9399785563721962
80.0,-1.49381937984678,-9.89031160984018,43.27630423650364,-2.0921990200110017,-25.631254819657222,33.48544190963991,-4.881078295689424,39.498381133260786,2.793363785371745,-0.9970387374870975,0.07690094895470855,-0.867121355769715,-0.49809693270295413,0.3412335176392081,-0.9399785563722037
80.5,-2.8631893798467836,-10.239622128752274,43.29826240986494,1.7202241084058763,-25.670398845721397,33.83324608618684,-5.162091689196471,39.600395363394114,2.7933637853717226,-0.27482075447431265,-0.9614954773217447,0.9888564273002248,-0.1488723150455959,0.341233517639229,-0.9399785563721962
81.0,2.75874092733282,-10.5891627998034,43.316187790785,-2.9646246000220806,-25.775001523175515,34.167249499147594,-5.443105082703518,39.70240959352744,2.7933637853717226,0.3735672549235499,-0.9276030972613682,-0.17604579373991414,-0.9843819779468149,0.341233517639229,-0.9399785563721962
81.5,2.534765927332824,-10.938770872129282,43.33274664837178,-1.5572150199038255,-25.94226682604643,34.47469432095388,-5.724118476210565,39.80442382366077,2.7933637853717226,0.5702636126424251,-0.8214617532764444,-0.9999077754691608,0.013580889378618689,0.341233517639229,-0.9399785563721962
82.0,1.6419506201531995,-11.285277341031488,43.38207480472213,-1.1737496208906073,-26.17064618439165,34.739916621452586,-6.005131869717612,39.90643805379409,2.793363785371745,0.997469601142076,-0.07109426698031208,-0.9222070425029698,0.38669648402581264,0.3412335176392081,-0.9399785563722037
82.5,0.876785620153175,-11.632411651872568,43.426771227810434,-1.7460120087357929,-26.453334384047498,34.94628372584506,-6.286145263224659,40.00845228392742,2.7933637853717226,0.7686868549032293,0.639625295856083,-0.9846889640200837,-0.17432052127347028,0.341233517639229,-0.9399785563721962
83.0,-0.19565937984684112,-11.98032172008432,43.46496264617756,2.554113189120958,-26.778799677254923,35.07501733807359,-6.567158656731706,40.11046651406075,2.7933637853717226,-0.19441337585455967,0.9809196905398697,0.5542648423169978,-0.8323403658187638,0.341233517639229,-0.9399785563721962
83.5,-2.4832923920959864,-12.315833526818452,43.56462120096339,-2.4832923920959864,-27.114311483989056,35.17467589285942,-6.8481720502387535,40.212480744194075,2.7933637853717226,-0.6117731867234335,-0.7910332281303074,-0.6117731867234335,-0.7910332281303074,0.341233517639229,-0.9399785563721962
84.0,-1.3323296591077245,-12.649275825761126,43.67099898659471,-1.4730031553485468,-27.448013958067985,35.280234685925656,-7.129185443745801,40.314494974327395,2.793363785371745,-0.9717013099671445,0.23621296367501782,-0.9952220574536033,0.09763737172730926,0.3412335176392081,-0.9399785563722037
84.5,2.9544483810600433,-12.986221594519646,43.765696129718094,-2.9073127450151013,-27.78425409867251,35.377407562008706,-7.410198837252848,40.41650920446072,2.7933637853717226,0.1860537922294572,-0.9825395597109757,-0.23214262596652788,-0.972681757415736,0.341233517639229,-0.9399785563721962
85.0,2.5897611140482546,-13.323763280570452,43.85824671144495,-0.7850570780617794,-28.11666511276143,35.486965390174355,-7.691212230759895,40.51852343459405,2.7933637853717226,0.5242477837433587,-0.8515657703549249,-0.7068655563052888,0.7073479238035654,0.341233517639229,-0.9399785563721962
85.5,2.50263384703646,-13.661445314054104,43.950283901006266,0.7721543522128265,-28.44597611633444,35.60551606678878,-7.972225624266942,40.62053766472738,2.7933637853717226,0.5963599809616563,-0.8027171189824053,0.6976802544082095,0.7164092842844069,0.341233517639229,-0.9399785563721962
86.0,-1.6643687271548764,-13.995498488271886,44.054727554691034,1.9060556059592138,-28.772876632106097,35.730560270125935,-8.25323901777399,40.7225518948607,2.793363785371745,-0.9956252963437217,-0.0934359100157773,0.9443250348936651,-0.3290140247361473,0.3412335176392081,-0.9399785563722037
86.5,2.4416793130129086,-14.333278245081267,44.146405446735926,2.024167108152799,-29.09951868302963,35.85627809133068,-8.534252411281036,40.82456612499403,2.7933637853717226,0.6441514040360588,-0.7648980119456281,0.8989758159051329,-0.437998267596689,0.341233517639229,-0.9399785563721962
87.0,2.8759120460011296,-14.670353500304596,44.24064064353696,1.275444880369296,-29.427775637007425,35.977716850239105,-8.815265804788083,40.926580355127356,2.7933637853717226,0.2625660567169956,-0.9649140199313551,0.9566999037525001,0.29107609685433977,0.341233517639229,-0.9399785563721962
87.5,-0.7487965281902369,-15.002695112406917,44.35040882137202,0.14750887684207115,-29.758359498566957,36.092670364654225,-9.09627919829513,41.028594585260684,2.7933637853717226,-0.680757699684908,0.7325086718392573,0.14697452080758983,0.989140278339417,0.341233517639229,-0.9399785563721962
88.0,-0.08860779520207629,-15.333749890484938,44.46399902302564,-1.2490896176952582,-30.091646898663797,36.199532467088574,-9.377292591802178,41.130608815394005,2.793363785371745,-0.08849189236969791,0.9960768971243283,-0.9486971622389521,0.31618617041192604,0.3412335176392081,-0.9399785563722037
88.5,-1.1928150622138354,-15.666932172420394,44.57118842084223,-2.9841315153055596,-30.42801702062666,36.29625444520467,-9.658305985309225,41.23262304552733,2.7933637853717226,-0.9294115330676752,0.3690449866896902,-0.15681126228452125,-0.9876285880940947,0.341233517639229,-0.9399785563721962
89.0,-1.3682070220460254,-16.01005707758068,44.64021956930976,1.41915904692814,-30.76737901725356,36.38188992409865,-9.939319378816272,41.33463727566066,2.7933637853717226,-0.9795488775484746,0.20120635301481765,0.9885250807079509,0.15105682643078142,0.341233517639229,-0.9399785563721962
89.5,-0.32901428905779895,-16.351873574200667,44.71546239380777,-0.41745499517378803,-31.10931125004701,36.45660503754223,-10.220332772323319,41.43665150579399,2.7933637853717226,-0.3231103468317647,0.9463612966358339,-0.4054353192666722,0.9141237344534555,0.341233517639229,-0.9399785563721962
90.0,-0.4190715560696425,-16.693807914893405,44.79016785983953,-1.519085277877256,-31.45261674658253,36.524732389233755,-10.501346165830366,41.53866573592731,2.793363785371745,-0.40691252555045493,0.9134671294305835,-0.9986632816187903,0.05168800582716188,0.3412335176392081,-0.9399785563722037
90.5,2.839296484098174,-17.039207958569737,44.84672588162591,-2.72518143831849,-31.79728018226771,36.58561848043438,-10.782359559337413,41.64067996606064,2.7933637853717226,0.29771304018511147,-0.95465540678495,-0.40448095460141503,-0.9145464216565106,0.341233517639229,-0.9399785563721962
91.0,2.6584364840981785,-17.384784812336072,44.90219333281092,2.3759409528755278,-32.143126315516334,36.63938140554989,-11.06337295284446,41.742694196193966,2.7933637853717226,0.46457637722515865,-0.8855330539987466,0.693006976862711,-0.7209308774214114,0.341233517639229,-0.9399785563721962
91.5,-0.09881882308139112,-17.726296250281017,44.97880885181834,0.9932859904694915,-32.49016902692005,36.68478356917184,-11.344386346351508,41.844708426327294,2.7933637853717226,-0.09865807132343797,0.9951213920737205,0.8378244514196593,0.5459397298267886,0.341233517639229,-0.9399785563721962
92.0,1.7242011769185943,-18.06519751709557,45.066249868232234,0.8789571411723109,-32.837301643508816,36.72949314868492,-11.625399739858555,41.946722656460615,2.793363785371745,0.9882565330671443,-0.1528038770781298,0.7700740012138655,0.6379545694283156,0.3412335176392081,-0.9399785563722037
92.5,0.5504161769186418,-18.40581889660453,45.14673015042243,0.794418909724147,-33.18449984988244,36.77369049578785,-11.906413133365602,42.04873688659394,2.7933637853717226,0.5230419846835175,0.8523069178754371,0.7134565557663654,0.7006994669856652,0.341233517639229,-0.9399785563721962
93.0,1.8029011769186205,-18.7445997370361,45.23463659021199,1.3209819532024376,-33.53127721468856,36.82107677289552,-12.187426526872649,42.15075111672727,2.7933637853717226,0.9731843799789806,-0.23002643883894586,0.9689583297255622,0.24722409926107256,0.341233517639229,-0.9399785563721962
93.5,-1.3761641302609995,-19.07812332333415,45.34075924275558,2.2707641630749045,-33.877221456773725,36.87420474451234,-12.468439920379696,42.2527653468606,2.7933637853717226,-0.98111887119338,0.19340568913097583,0.7648629073261747,-0.6441930867345221,0.341233517639229,-0.9399785563721962
94.0,-0.33756413026096865,-19.409668536377772,45.45290990796921,-2.9686188884655884,-34.22214047263575,36.933625889711415,-12.749453313886743,42.35477957699392,2.793363785371745,-0.3311896774847806,0.9435641989433082,-0.172112494291183,-0.9850773011844641,0.3412335176392081,-0.9399785563722037
94.5,-2.1363441302609907,-19.744570724221948,45.55459827789018,-2.5662753317477076,-34.566633719371154,36.99546764707408,-13.03046670739379,42.45679380712725,2.7933637853717226,-0.8442951710724922,-0.5358784042146792,-0.5441010573462226,-0.8390196895155219,0.341233517639229,-0.9399785563721962
95.0,0.4018211769186415,-20.08539968132992,45.634194898400686,-2.571080071858834,-34.91113215085442,37.05728051552047,-13.311480100900837,42.558808037260576,2.7933637853717226,0.39109511061546604,0.9203502672638697,-0.540063520882748,-0.8416242590442183,0.341233517639229,-0.9399785563721962
95.5,-2.4832923920959864,-20.42091148806405,45.73385345318651,-2.4832923920959864,-35.24664395758855,37.156939070306294,-13.592493494407885,42.660822267393904,2.7933637853717226,-0.6117731867234335,-0.7910332281303074,-0.6117731867234335,-0.7910332281303074,0.341233517639229,-0.9399785563721962
96.0,-2.192404230536365,-20.755913010876395,45.835214095022536,-2.350444044995097,-35.58192379024085,37.25737528796033,-13.873506887914932,42.762836497527225,2.793363785371745,-0.8129431563746271,-0.5823430470982363,-0.7111612464336495,-0.7030289336655625,0.3412335176392081,-0.9399785563722037
96.5,2.2384852382028804,-21.094015769871813,45.925693509033046,-2.7552216965865703,-35.91790480213718,37.35544036658222,-14.154520281421979,42.86485072766055,2.7933637853717226,0.785254724987771,-0.6191728489560732,-0.3768293842153479,-0.9262826864364256,0.341233517639229,-0.9399785563721962
97.0,-0.24063460023745975,-21.435715796583168,46.00146350141433,-2.2905531958407117,-36.253079466413126,37.456226994799984,-14.435533674929026,42.96686495779388,2.7933637853717226,-0.23831898983175856,0.9711869331316038,-0.7519660237431685,-0.6592018652399951,0.341233517639229,-0.9399785563721962
97.5,-2.7084257458574506,-21.77161660241963,46.09980295757723,-1.362747163221652,-36.586578192798775,37.562427745734944,-14.716547068436073,43.06887918792721,2.7933637853717226,-0.41974731781817143,-0.907641002370679,-0.9784357245561084,0.206551526047045,0.341233517639229,-0.9399785563721962
98.0,-3.028731584297784,-22.108061912599386,46.19626306984157,0.28928088639637295,-36.91687660299577,37.6781989002655,-14.99756046194312,43.17089341806053,2.793363785371745,-0.1126216249201471,-0.9936379469406076,0.2852630650213229,0.9584492598644127,0.3412335176392081,-0.9399785563722037
98.5,2.822267884441427,-22.44522524939833,46.29018263286547,1.7608712962628807,-37.2440929239726,37.80241435536826,-15.278573855450167,43.27290764819386,2.7933637853717226,0.3139255359138533,-0.9494476067172953,0.9819900737067645,-0.18893251478076326,0.341233517639229,-0.9399785563721962
99.0,2.1093820460011408,-22.783531024977247,46.3798999790698,-2.503679344757405,-37.56673075081827,37.93807876738668,-15.559587248957214,43.374921878327186,2.7933637853717226,0.8584349559897063,-0.5129224369580171,-0.5955204162658612,-0.8033401731586286,0.341233517639229,-0.9399785563721962
99.5,-1.407639099618816,-23.11711285856157,46.48583939714694,-0.18983067729043412,-37.883628299827905,38.08665852183421,-15.840600642464262,43.476936108460514,2.7933637853717226,-0.9867193600618426,0.16243430819610677,-0.18869261665209064,0.9820361991398215,0.341233517639229,-0.9399785563721962
100.0,0.07522506194081657,-23.447841481271556,46.60037575871109,2.9274397946878814,-38.19197720645208,38.25225125049001,-16.12161403597131,43.578950338593835,2.793363785371745,0.07515413462390998,0.9971719290317649,0.21251971499020236,-0.9771567789973538,0.3412335176392081,-0.9399785563722037
100.5,-1.3393557764995556,-23.781296822696007,46.7067126538863,-1.459252641036482,-38.49467708703318,38.4279577736933,-16.402627429478358,43.68096456872716,2.7933637853717244,-0.9733369717612524,0.22937990191521743,-0.9937854505429962,0.11131252530175595,0.3412335176392273,-0.9399785563721967
101.0,-1.164261614939928,-24.114425645244868,46.814068080331396,1.3700880205462234,-38.78833488127378,38.61839175144346,-16.683640822985403,43.78297879886049,2.793363785371721,-0.9184966097412076,0.39542885313784043,0.9799256132760019,0.19936346818224138,0.34123351763923065,-0.9399785563721955
101.5,0.9042875466197167,-24.44346237661697,46.93337788465594,3.0170462270783,-39.07639812307923,38.81718704495046,-16.96465421649245,43.88499302899382,2.793363785371721,0.785984883219835,0.6182457143805385,0.12422468601884698,-0.99225411431927,0.34123351763923065,-0.9399785563721955
102.0,0.7517417081793702,-24.77281559508426,47.05181123082685,0.3245356416317371,-39.351445709805425,39.03363293896579,-17.245667609999497,43.98700725912714,2.7933637853717466,0.6829121139752097,0.7305005438642125,0.3188687019017467,0.9477988979459171,0.34123351763920645,-0.9399785563722044
102.5,0.3942358697389956,-25.10290138047568,47.168187234721685,2.4443931616650296,-39.61829871820789,39.260104729497314,-17.526681003506546,44.08902148926047,2.7933637853717244,0.384102786927454,0.9232903384497008,0.6420732170675075,-0.7666433224939623,0.3412335176392273,-0.9399785563721967
103.0,0.45160986973903405,-25.432870465511748,47.28489371663447,-1.2176660291366908,-39.874515683262686,39.49854312157819,-17.80769439701359,44.191035719393795,2.793363785371721,0.4364145723810162,0.8997456979688732,-0.9382947400549154,0.3458366388705493,0.34123351763923065,-0.9399785563721955
103.5,1.6180758697389912,-25.760395345958734,47.40829328182084,0.30731077700909637,-40.12429640596747,39.743715694606,-18.088707790520637,44.293049949527116,2.793363785371742,0.9988825305945187,-0.047261930484169094,0.3024964991199588,0.9531504959974415,0.3412335176392106,-0.9399785563722028
104.0,2.26572586973899,-26.08650446969061,47.53538710314522,1.336663751837424,-40.369632384713526,39.993335921215774,-18.369721184027686,44.395064179660444,2.7933637853717244,0.7680988195583612,-0.6403313231390856,0.9727159492713106,0.23199931472574042,0.3412335176392273,-0.9399785563721967
104.5,1.2178758697390073,-26.41488327582424,47.65649597846924,1.4125077237236532,-40.614637719570226,40.24328068689763,-18.650734577534735,44.49707840979377,2.7933637853717244,0.9383672899649838,0.34563973892446476,0.9874984941975278,0.1576284363863806,0.3412335176392273,-0.9399785563721967
105.0,-1.5098041302609566,-26.748653481285228,47.76184041328442,1.436599397473234,-40.859537936238794,40.49332845008636,-18.93174797104178,44.5990926399271,2.793363785371721,-0.998140552524378,0.06095438791694355,0.9910090971980167,0.13379450388850817,0.34123351763923065,-0.9399785563721955
105.5,1.6031358697390239,-27.076210527304266,47.88515457144675,1.04749029319078,-41.10613062549581,40.74170728494351,-19.212761364548825,44.70110687006043,2.793363785371721,0.999477122554241,-0.03233390620841765,0.866171737671171,0.49974645657543615,0.34123351763923065,-0.9399785563721955
106.0,2.645645869739017,-27.401469747329315,48.01440796516891,0.5337174589312816,-41.35494059086946,40.98786496028751,-19.493774758055874,44.80312110019375,2.7933637853717466,0.47586457840105173,-0.8795185632055694,0.5087372905623402,0.8609218136342516,0.34123351763920645,-0.9399785563722044
106.5,1.4361758697390066,-27.72938473979973,48.13676709933194,-0.7693822207025924,-41.60928418402194,41.22830068272136,-19.774788151562923,44.90513533032708,2.7933637853717244,0.9909523426351321,0.13421421171375134,-0.6956915954660527,0.7183405905264563,0.3412335176392273,-0.9399785563721967
107.0,-0.3867841302609598,-28.061026173644105,48.24863290893278,-2.7643024103069784,-41.871843405676685,41.45973675407597,-20.05580154506997,45.007149560460405,2.793363785371721,-0.3772120672749241,0.9261269115527192,-0.368402655465205,-0.9296663290913495,0.34123351763923065,-0.9399785563721955
107.5,2.8912458697390413,-28.38572835878629,48.37927934387797,2.186743357807554,-42.139712119377585,41.68500626426371,-20.336814938577014,45.109163790593726,2.793363785371742,0.2477399475521495,-0.968826567754445,0.8162266831000261,-0.5777317732265811,0.3412335176392106,-0.9399785563722028
108.0,-1.3700994374405475,-28.70561913709412,48.52130008163697,-2.060651395159102,-42.372169423712464,41.946661766138526,-20.617828332084063,45.211178020727054,2.7933637853717244,-0.9799278893237857,0.19935228046207626,-0.8824010579229229,-0.4704980052843014,0.3412335176392273,-0.9399785563721967
108.5,-0.11388943744053748,-29.02231947653396,48.670299729283165,2.6986007427944223,-42.582115912702655,42.22670189140755,-20.89884172559111,45.31319225086038,2.7933637853717244,-0.11364339080485564,0.9935216050627056,0.42864449089221013,-0.9034732427846206,0.3412335176392273,-0.9399785563721967
109.0,-2.345568744620163,-29.32770106007836,48.84130291180301,-1.8002314653332228,-42.78324076468677,42.513143497872754,-21.179855119098157,45.41520648099371,2.793363785371721,-0.7145802584594451,-0.6995534677349777,-0.9737950153825798,-0.22742750057115121,0.34123351763923065,-0.9399785563721955
109.5,-1.6543200517997185,-29.610058643131236,49.04812214517491,-2.851841945882409,-42.98958881377304,42.79584560723575,-21.460868512605202,45.51722071112704,2.793363785371721,-0.9965139210234519,-0.08342664566231506,-0.2857133334092122,-0.9583151314219119,0.34123351763923065,-0.9399785563721955
110.0,-1.3125730517997205,-29.891177614713627,49.256621842576266,-0.15922071519834802,-43.21323635946291,43.06507000305993,-21.74188190611225,45.61923494126036,2.7933637853717466,-0.9668452140127777,0.2553631377873208,-0.15854882709864201,0.9873511378560542,0.34123351763920645,-0.9399785563722044
110.5,-0.8861130517997573,-30.17073692304942,49.4672081505899,-2.0380164068213595,-43.49697262053636,43.26999373070526,-22.0228952996193,45.72124917139369,2.7933637853717244,-0.7746193916084183,0.6324277019108223,-0.8928238292066161,-0.45040605013791196,0.3412335176392273,-0.9399785563721967
111.0,-1.3326893589793336,-30.427432045093575,49.70513169780357,-0.6088767110629085,-43.81494835701587,43.416251827952266,-22.303908693126345,45.823263401527015,2.793363785371721,-0.9717862128767193,0.23586342756502868,-0.5719463973275952,0.8202909962836266,0.34123351763923065,-0.9399785563721955
111.5,-2.1992989733384825,-30.630547080307352,49.99016552469102,-2.9943926428502117,-44.15133579556799,43.51291356383749,-22.58492208663339,45.925277631660336,2.793363785371742,-0.8089087600962548,-0.5879341951609378,-0.14666900189930382,-0.9891856266049674,0.3412335176392106,-0.9399785563722028
112.0,-1.2631312092364375,-30.649606226396415,50.33964620935093,-1.8295303104989138,-44.4950053845648,43.57917979655647,-22.86593548014044,46.027291861793664,2.7933637853717244,-0.9530432493865411,0.302834219992958,-0.9667146717521438,-0.25585688073441537,0.3412335176392273,-0.9399785563721967
112.5,1.7743456041792776,-30.97679332644764,50.4639386128198,0.7373589849120954,-44.842247434169664,43.62303135281403,-23.14694887364749,46.12930609192699,2.7933637853717244,0.9793552736348005,-0.2021466002773857,0.6723352557253416,0.740246785814528,0.3412335176392273,-0.9399785563721967
113.0,1.263475096999695,-31.289820620849113,50.6205078082565,0.022000543701981456,-45.17308231192684,43.73726043693621,-23.063878840382955,46.44580166834445,1.3141177199844662,0.9531473340141677,0.30250646218169386,0.021998768946687404,0.9997579977998827,0.9672385117243997,0.25386937869142134
113.5,2.0772285757524536,-31.558119423652307,50.84526490472816,-0.29566180347020676,-45.5045454167685,43.8496535422796,-22.980808807118418,46.76229724476192,1.314117719984461,0.874480644322275,-0.48506041139810485,-0.2913730013858344,0.956609520161393,0.9672385117243983,0.25386937869142645
114.0,-0.7588002526743303,-31.75400486100867,51.135314720159414,1.835723361616406,-45.83159918162536,43.97429637156773,-22.897738773853884,47.07879282117938,1.3141177199844662,-0.6880513294392211,0.7256620205418777,0.9651116085687759,-0.2618388493058084,0.9672385117243997,0.25386937869142134
114.5,-1.2886390811011559,-31.84879409402107,51.472234593875584,-0.8355084967237651,-46.15015094875533,44.11929558418068,-22.814668740589347,47.395288397596836,1.3141177199844556,-0.9604570355050669,0.27842823662268645,-0.7416377075273756,0.670800649055693,0.967238511724397,0.2538693786914316
115.0,-0.5393976023483766,-31.86343735975249,51.82192813795199,-1.5810733789279645,-46.45322372732183,44.29435811841341,-22.731598707324814,47.7117839740143,1.3141177199844716,-0.5136192167033469,0.8580182400351641,-0.9999471915645222,-0.010276871227416174,0.967238511724401,0.2538693786914162
115.5,1.887311692820413,-31.813695620572815,52.168375477938,0.9203438818353256,-46.700366992264605,44.54218912251383,-22.64852867406028,48.02827955043176,1.3141177199844662,0.9503258020661841,-0.31125691948495526,0.7958099035377821,0.6055465278830239,0.9672385117243997,0.25386937869142134
116.0,-1.7267629810050877,-31.710648435859863,52.502862066193394,-1.726762981005102,-46.597319807551656,44.87667571076923,-22.565458640795743,48.34477512684922,1.3141177199844556,-0.9878618370155211,-0.15533509252039643,-0.9878618370155189,-0.15533509252041044,0.967238511724397,0.2538693786914316
116.5,-0.692038691043205,-31.601577774002205,52.83543324762969,0.250879860017136,-46.44728289846756,45.192885966631515,-22.48238860753121,48.66127070326669,1.3141177199844716,-0.6381081906687511,0.7699467104945983,0.24825637068016446,0.9686943658433824,0.967238511724401,0.2538693786914162
117.0,-3.0439324010813245,-31.506246633757893,53.17220019033594,0.29988412634180506,-46.263285654693576,45.49061909257416,-22.399318574266676,48.97776627968415,1.3141177199844662,-0.09750508700636482,-0.9952350265177976,0.29540950634385393,0.9553707257194354,0.9672385117243997,0.25386937869142134
117.5,0.9468586960601435,-31.42446217820516,53.51251078792283,0.7451962612508858,-46.04567187995237,45.76474359903588,-22.31624854100214,49.294261856101606,1.3141177199844556,0.8115842511102621,0.5842354006304264,0.6781160666687998,0.7349548286293763,0.967238511724397,0.2538693786914316
118.0,1.6350964860220252,-31.338595905000453,53.85181446182857,-1.3753900429826125,-45.83835049949361,46.046732686067045,-22.233178507737605,49.61075743251907,1.3141177199844716,0.9979334569208991,-0.06425586010555041,-0.9809688643761563,0.19416510274648838,0.967238511724401,0.2538693786914162
118.5,-2.569775531195681,-31.240481112927338,54.18778095952804,2.2900871391069124,-45.64412438874734,46.33789624474907,-22.15010847447307,49.92725300893653,1.3141177199844556,-0.5411609940932539,-0.8409190082713086,0.7522731675334274,-0.6588513348314806,0.967238511724397,0.2538693786914316
119.0,2.5000660659457843,-31.149502498156608,54.525749732722254,0.18498341240277227,-45.4944512553838,46.654278850385246,-22.067038441208535,50.24374858535399,1.3141177199844662,0.5984192144872464,-0.8011831524267513,0.18393022895210967,0.9829393017260143,0.9672385117243997,0.25386937869142134
119.5,2.046721355907664,-31.06120083321633,54.86442777447987,-1.4075159159153117,-45.42671580553316,46.9976618855421,-21.983968407944,50.56024416177146,1.3141177199844716,0.8888692898310088,-0.45816087305150593,-0.9866993433158828,0.16255585470848383,0.967238511724401,0.2538693786914162
120.0,1.0080366458695451,-30.979053055449107,55.20465085219199,-0.628973355084053,-45.48008333770266,47.34356925249189,-21.900898374679464,50.87673973818892,1.3141177199844556,0.8457859821787546,0.5335223260088742,-0.5883148902754447,0.8086319248460274,0.967238511724397,0.2538693786914316
120.5,3.109150935831426,-30.884486859621532,55.54163339566672,-3.0016843558481305,-45.7168065589309,47.60137172829716,-21.81782834141493,51.193235314606376,1.3141177199844662,0.032436027428795804,-0.9994738136262693,-0.1394523090145391,-0.9902287884678538,0.9672385117243997,0.25386937869142134
121.0,1.7585592257933058,-30.79788964415292,55.88075125463773,0.938558793546985,-46.030716697196446,47.75616328198825,-21.734758308150397,51.50973089102384,1.3141177199844716,0.9824242739095456,-0.1866615815675584,0.8067072557121375,0.5909512700565013,0.967238511724401,0.2538693786914162
121.5,1.8310005157551856,-30.71086373807075,56.219759354350074,1.7472743735853165,-46.37713190340152,47.80612831886303,-21.65168827488586,51.8262264674413,1.3141177199844556,0.9663374649783645,-0.2572778726964063,0.9844681233970861,-0.1755634187836963,0.967238511724397,0.2538693786914316
122.0,-2.1106185014625183,-30.61005975633931,56.554928799954965,0.46644702630669954,-46.72543770254381,47.77173253011131,-21.568618241621326,52.14272204385876,1.3141177199844662,-0.8578000942057786,-0.5139834611936044,0.4497157148403602,0.8931717504632711,0.9672385117243997,0.25386937869142134
122.5,-1.2279352115006397,-30.504104410980304,56.888505574910674,3.129490499557665,-47.06263791101165,47.67794543393468,-21.48554820835679,52.45921762027623,1.314117719984461,-0.9417966631272242,0.33618305329451953,0.012101858616410829,-0.9999267698276851,0.9672385117243983,0.25386937869142645
123.0,2.147577385640826,-30.41520671842619,57.22702765729018,2.6608843374171265,-47.38647315901695,47.54516466669279,-21.402478175092256,52.77571319669369,1.3141177199844662,0.8382223701378496,-0.5453285781989478,0.4624073324977995,-0.8866676146404974,0.9672385117243997,0.25386937869142134
123.5,0.7270768856408267,-30.334728264313764,57.56764946872285,-1.6540272888209806,-47.71467784529699,47.423584718083575,-21.319408141827722,53.092208773111146,1.3141177199844662,0.664688559045832,0.7471205521691766,-0.9965383025507089,-0.08313489970735435,0.9672385117243997,0.25386937869142134
124.0,-3.0232399215387566,-30.239275506268463,57.90438196044521,-2.043323995150704,-48.053632179753215,47.33634963825134,-21.236338108563185,53.40870434952861,1.314117719984461,-0.11807662376423692,-0.9930044868581606,-0.8904206949207608,-0.45513842515967534,0.9672385117243983,0.25386937869142645
124.5,3.03129738564083,-30.1451672897453,58.24149268940949,0.6675314364731584,-48.40205654852141,47.30317646763882,-21.15326807529865,53.72519992594607,1.3141177199844662,0.11007177942590403,-0.9939236406153217,0.6190491833427113,0.7853522194548903,0.9672385117243997,0.25386937869142134
125.0,-1.509395614359173,-30.07804252845277,58.58499562450819,0.8082214628460811,-48.7492440976799,47.34745745350543,-21.070198042034114,54.04169550236353,1.3141177199844556,-0.9981155684008605,0.06136213910732969,0.7230597309058044,0.6907855134138422,0.967238511724397,0.2538693786914316
125.5,-2.283770614359172,-30.015566333729467,58.929374376891225,-2.6585786267216243,-49.0722475140858,47.48224911864136,-20.98712800876958,54.358191078781,1.3141177199844716,-0.7564197833911945,-0.6540864708082704,-0.46445050054086656,-0.8855990811576865,0.967238511724401,0.2538693786914162
126.0,0.005691385640828273,-29.93938276171054,59.27098243205743,3.0689088005421574,-49.38018661621169,47.648602686026926,-20.904057975505047,54.67468665519846,1.3141177199844662,0.0056913549151069165,0.9999838041084617,0.07261987251426796,-0.9973596914433687,0.9672385117243997,0.25386937869142134
126.5,-2.7051599215387583,-29.842062099170047,59.60717982741123,0.8449737256851257,-49.62765567835262,47.896108369361855,-20.82098794224051,54.99118223161592,1.314117719984461,-0.42270927017891274,-0.9062653435417306,0.7479536728321168,0.6637509346863074,0.9672385117243983,0.25386937869142645
127.0,2.712868385640828,-29.749828864584966,59.944808366545544,0.5714012364198702,-49.84785204944534,48.168162698784485,-20.737917908975977,55.30767780803338,1.3141177199844662,0.4157108667766393,-0.9094968253071669,0.5408112208824104,0.8411439968089154,0.9672385117243997,0.25386937869142134
127.5,0.4164443856408262,-29.671198285737095,60.2858614886102,-2.267700527118091,-50.05130722243173,48.452953837314254,-20.65484787571144,55.62417338445084,1.3141177199844556,0.40451129022164195,0.9145330043706583,-0.766832887895251,-0.6418468057427952,0.967238511724397,0.2538693786914316
128.0,0.615693385640828,-29.591382155079845,60.626639107134224,-2.3889244859281966,-50.255364488498145,48.73731387699194,-20.571777842446906,55.94066896086831,1.3141177199844716,0.5775247225238006,0.8163731958325231,-0.683588599953037,-0.7298675400469915,0.967238511724401,0.2538693786914162
128.5,2.8032433856408296,-29.49861648001126,60.9641217430269,3.0467333680558646,-50.39741222223076,49.0571926686325,-20.488707809182372,56.25716453728577,1.3141177199844662,0.3319304031428269,-0.943303878646452,0.09471708772645406,-0.9955042306753996,0.9672385117243997,0.25386937869142134
129.0,1.911470385640829,-29.411114535183607,61.30300728366176,3.109203312482176,-50.53911110576743,49.37722614563836,-20.405637775917835,56.57366011370323,1.3141177199844556,0.9425296614481125,-0.3341224884537205,0.03238367829345871,-0.9994755111458138,0.967238511724397,0.2538693786914316
129.5,0.6939113856408277,-29.33083326251552,61.64367562275242,0.35950317518245,-50.69599977682823,49.69009344161667,-20.322567742653302,56.89015569012069,1.3141177199844716,0.639548945953562,0.7687503793362888,0.3518092130487628,0.9360717267464125,0.967238511724401,0.2538693786914162
130.0,0.8207813856408279,-29.24979784563998,61.98416536006003,0.805000201878233,-50.88389677575389,49.9853809587838,-20.23949770938877,57.20665126653815,1.3141177199844662,0.7316786843224181,0.6816496922233701,0.7208307829231552,0.6931110895018137,0.9672385117243997,0.25386937869142134
130.5,-1.66589692153876,-29.146395389640713,62.31854229122204,-2.0201492081699435,-51.11616905866142,50.24720071852879,-20.15642767612423,57.52314684295561,1.3141177199844556,-0.9954813455858422,-0.09495730930581926,-0.900728388094628,-0.43438274698755397,0.967238511724397,0.2538693786914316
131.0,-3.087323921538758,-29.051319318701193,62.65538133399277,-1.8951022156887412,-51.34786937199562,50.509526784333985,-20.073357642859698,57.83964241937308,1.3141177199844716,-0.0542420982088765,-0.9985278137247348,-0.9478721338871546,-0.31865093409593515,0.967238511724401,0.2538693786914162
131.5,2.682500385640825,-28.959265047477157,62.9930587113064,-1.1149565929362275,-51.57597645708584,50.77498329250744,-19.990287609595164,58.15613799579054,1.3141177199844662,0.4431345486042013,-0.8964551142323584,-0.89789168013173,0.44021645897242306,0.9672385117243997,0.25386937869142134
132.0,-2.4949569215387584,-28.8607116236865,63.32889680125324,1.6915666336084136,-51.79081226767504,51.05129032189411,-19.907217576330627,58.472633572208,1.3141177199844556,-0.6025047467430086,-0.7981152987834171,0.9927161261813503,-0.12047693895303484,0.967238511724397,0.2538693786914316
132.5,-1.728438921538757,-28.757674222977915,63.6633864035658,-1.6418614489880774,-51.99114460535176,51.33828675825,-19.824147543066093,58.78912914862546,1.3141177199844716,-0.9876001174182172,-0.15699047128894073,-0.9974759367349996,-0.07100532117126936,0.967238511724401,0.2538693786914162
133.0,-2.5080109215387587,-28.65919731750994,63.99924693874291,1.3762880018128563,-52.17608804452487,51.63543305943314,-19.741077509801556,59.10562472504292,1.3141177199844556,-0.592035110771441,-0.8059121711538099,0.9811428211289462,0.1932841549303319,0.967238511724397,0.2538693786914316
133.5,-2.870664921538758,-28.562848201852542,64.33572405224699,-1.3309359291000114,-52.34213784963126,51.943536065299895,-19.658007476537023,59.42212030146038,1.3141177199844662,-0.2676254429248856,-0.9635230263461578,-0.9713711492213953,0.23756702309097033,0.9672385117243997,0.25386937869142134
134.0,0.9790340784612397,-28.444125623121053,64.66497312103739,2.756804891429507,-52.48580241058951,52.26269197379083,-19.57493744327249,59.73861587787785,1.3141177199844716,0.8299589430713112,0.5578244820872887,0.3753624265932654,-0.9268781196586827,0.967238511724401,0.2538693786914162
134.5,2.196632078461242,-28.318433475173403,64.9916250519123,0.3205359294607071,-52.60773081167306,52.59076736910296,-19.491867410007952,60.05511145429531,1.3141177199844556,0.8104738403202223,-0.5857748323004248,0.3150752386424986,0.9490666962834449,0.967238511724397,0.2538693786914316
135.0,-0.37251292153876037,-28.207509843774265,65.32358280223185,-1.726762981005102,-52.50468362696011,52.92525395735835,-19.40879737674342,60.37160703071277,1.3141177199844662,-0.3639571532077511,0.9314156916376863,-0.9878618370155189,-0.15533509252041044,0.9672385117243997,0.25386937869142134
135.5,-1.7267629810050806,-28.104462659061316,65.65806939048726,0.43565695688305794,-52.389088846322046,53.25561413457291,-19.32572734347888,60.68810260713023,1.314117719984461,-0.9878618370155221,-0.1553350925203894,0.4220060849013717,0.9065929981564033,0.9672385117243983,0.25386937869142645
136.0,0.9167348089568002,-27.986098151966495,65.98744735492963,2.2989807709123795,-52.227846906659735,53.566260294848455,-19.242657310214348,61.00459818354769,1.3141177199844662,0.793619263863397,0.6084147138465011,0.7463839126307481,-0.6655156308953349,0.9672385117243997,0.25386937869142134
136.5,0.7831165989186779,-27.868502101050723,66.31710045867509,3.109296441536962,-52.09696768654595,53.8908687200971,-19.159587276949814,61.32109375996515,1.3141177199844662,0.7054916324373139,0.7087182490672397,0.03229059794352624,-0.9994785226729235,0.9672385117243997,0.25386937869142134
137.0,-1.1265986111194408,-27.76195693871335,66.65048931329159,-2.3729679122458904,-51.997699450482315,54.22649621794079,-19.076517243685277,61.63758933638262,1.314117719984461,-0.9029557244815892,0.4297335914562978,-0.6951472677630489,-0.7188673564167231,0.9672385117243983,0.25386937869142645
137.5,-2.0275288211575635,-27.660667004275854,66.98551222173465,-1.955885585851421,-51.93325352243244,54.570511802410145,-18.993447210420744,61.95408491280008,1.3141177199844662,-0.8974983144967744,-0.4410178856638911,-0.9267649069270294,-0.37564186040500663,0.9672385117243997,0.25386937869142134
138.0,2.3921939688043174,-27.53386066264052,67.31173323841055,0.8365696190449654,-51.85212428442125,54.910979196942606,-18.910377177156207,62.27058048921754,1.3141177199844556,0.6811986611672334,-0.7320986163243096,0.742349091400796,0.6700133032234604,0.967238511724397,0.2538693786914316
138.5,-3.038459548413389,-27.402214535979635,67.63603139957584,0.4948890442748457,-51.77302683759207,55.25192434488448,-18.827307143891673,62.587076065635,1.3141177199844716,-0.10295037424789222,-0.9946864935456895,0.47493401078073977,0.8800214119007106,0.967238511724401,0.2538693786914162
139.0,2.9239455487280814,-27.272386101718155,67.96106151765294,1.8023531257880698,-51.77336943742706,55.60192417720637,-18.74423711062714,62.90357164205246,1.3141177199844662,0.21593283676360367,-0.9764082189367431,0.973310300069685,-0.22949304952058933,0.9672385117243997,0.25386937869142134
139.5,2.0227163386899605,-27.14768605130603,68.28809346934453,-1.336218148557041,-51.79287436815225,55.95138026554567,-18.661167077362602,63.22006721846992,1.3141177199844556,0.8996103041422021,-0.4366936004582328,-0.972612473046695,0.23243273709611578,0.967238511724397,0.2538693786914316
140.0,-2.8377691785277435,-27.014904812871265,68.61192852414825,3.0186107647367386,-51.89922415020242,56.28483149714915,-18.57809704409807,63.53656279488739,1.3141177199844716,-0.2991707429069534,-0.9541995947329373,0.1226721156863821,-0.9924472540306749,0.967238511724401,0.2538693786914162
140.5,-0.11430738856586586,-26.866886373295692,68.92908864387583,-3.0674304753936816,-52.074534115775286,56.58776121832362,-18.49502701083353,63.85305837130485,1.3141177199844556,-0.11405862433984812,0.9934740209052784,-0.074094214537797,-0.997251245861356,0.967238511724397,0.2538693786914316
141.0,-1.3381935986039863,-26.725675994437047,69.24933796690806,-0.9578399879458352,-52.30191240874779,56.853842243360944,-18.411956977568998,64.1695539477223,1.3141177199844662,-0.9730697342472211,0.23051093746727633,-0.8179508481504097,0.5752881104368709,0.9672385117243997,0.25386937869142134
141.5,-2.484928808642106,-26.590903036865203,69.57234918947987,-1.1285186405191503,-52.53008232163547,57.119244750607635,-18.328886944304465,64.48604952413977,1.3141177199844716,-0.610477908317102,-0.7920332843111936,-0.9037791607258205,0.42799909887490584,0.967238511724401,0.2538693786914162
142.0,2.0542232884993616,-26.466023170442195,69.89931251917017,2.3314757519099807,-52.77104744667443,57.37308684427013,-18.24581691103993,64.80254510055724,1.3141177199844716,0.8854072178676866,-0.464816155644146,0.7243677729459439,-0.6894137578532457,0.967238511724401,0.2538693786914162
142.5,-1.976338228718344,-26.32838832510588,70.22111470895335,1.0226931403059218,-53.0658544724384,57.56173683117764,-18.162746877775394,65.11904067697469,1.3141177199844503,-0.9188887427013634,-0.39451676584995393,0.8535144280136978,0.5210692095801193,0.9672385117243957,0.2538693786914368
143.0,-3.1142682287183447,-26.19717139603911,70.54558676865385,-0.7756088359403073,-53.3842544766236,57.7070689932577,-18.07967684451086,65.43553625339216,1.3141177199844716,-0.02732102481892716,-0.9996267111291313,-0.700150910835982,0.7139948893763489,0.967238511724401,0.2538693786914162
143.5,1.0364170784612412,-26.078119126625296,70.87471676902972,0.041028409781322495,-53.715051400783,57.821407940981906,-17.996606811246323,65.75203182980962,1.314117719984461,0.8605849481844446,0.5093069280486735,0.041016900021797385,0.9991584528555028,0.9672385117243983,0.25386937869142645
144.0,0.9562040784612407,-25.959527749460552,71.20401311772216,-0.33039240900341227,-54.032312501316426,57.96920981542305,-17.91353677798179,66.06852740622708,1.31411771998446,0.8170086347942209,0.5766254335976547,-0.32441423896969634,0.9459151132917334,0.9672385117243981,0.25386937869142734
144.5,2.9921680784612406,-25.829312391438524,71.52888841769924,1.6672172819617437,-54.35973142404019,58.09289024654458,-17.830466744717256,66.38502298264454,1.3141177199844716,0.1488691442940737,-0.9888569046516034,0.995355100012296,-0.09627162032246209,0.967238511724401,0.2538693786914162
145.0,1.266800078461241,-25.70893767540057,71.85753705642878,0.6063885765024999,-54.689384034815184,58.21048767937893,-17.74739671145272,66.70151855906201,1.314117719984461,0.9541478917834568,0.29933559862666664,0.5699036346502003,0.8217115352801682,0.9672385117243983,0.25386937869142645
145.5,0.9091890784612424,-25.590616547699092,72.1869306063648,2.624772368591355,-55.01469032172921,58.339622568910016,-17.664326678188186,67.01801413547946,1.31411771998446,0.7890057805105714,0.6143857732084168,0.4941182129564226,-0.8693947271664071,0.9672385117243981,0.25386937869142734
146.0,1.898524078461243,-25.466625652308092,72.51423208491346,1.800359137253519,-55.32623678005027,58.499118036894544,-17.58125664492365,67.33450971189693,1.314117719984461,0.946776206865615,-0.32189255057108423,0.9737659713404453,-0.2275518249968546,0.9672385117243983,0.25386937869142645
146.5,2.8033580784612404,-25.337481579197544,72.83953472612686,-2.3428180905987013,-55.64849245004304,58.63568773762466,-17.498186611659115,67.6510052883144,1.3141177199844716,0.33182221077753793,-0.9433419424761665,-0.7165017823019485,-0.6975852607087761,0.967238511724401,0.2538693786914162
147.0,1.7256340784612405,-25.21447887892243,73.1672088565141,-1.5341374187002081,-55.95142171797458,58.8109984863837,-17.41511657839458,67.96750086473185,1.31411771998446,0.9880365656835242,-0.15421979403535446,-0.9993281374753432,0.036650697811386114,0.9672385117243981,0.25386937869142734
147.5,0.8085240784612431,-25.0967366568258,73.49680978056581,0.8451946948457838,-56.224491085159144,59.02993482577354,-17.332046545130044,68.28399644114931,1.314117719984461,0.7232687402781658,0.6905666726221553,0.7481003230575416,0.6635856437877494,0.9672385117243983,0.25386937869142645
148.0,0.7635310784612415,-24.979253298697987,73.82650306312252,-0.17425539973580229,-56.44820926890796,59.29910052615182,-17.24897651186551,68.60049201756678,1.3141177199844716,0.6914765977079936,0.7223988613101335,-0.17337486175497244,0.9848559068774702,0.967238511724401,0.2538693786914162
148.5,-2.765151228718345,-24.84606173124375,74.15016956796829,1.1505466793749797,-56.66564451426565,59.57336666346418,-17.165906478600974,68.91698759398423,1.3141177199844503,-0.36761340494770045,-0.9299787011016747,0.9129871155147135,0.4079883906487087,0.9672385117243957,0.2538693786914368
149.0,1.9402160784612406,-24.721832703631577,74.4773807363268,-0.4820142751853105,-56.890805261883024,59.84132680552337,-17.08283644533644,69.2334831704017,1.3141177199844716,0.9325370153943118,-0.36107438973079925,-0.46356488940671686,0.8860629736702343,0.967238511724401,0.2538693786914162
149.5,0.36382107846124256,-24.606652210277517,74.8078855834179,0.771762885761877,-57.07887352564994,60.13650527385008,-16.999766412071907,69.54997874681916,1.3141177199844716,0.3558477880560781,0.9345439271300181,0.6973997507570792,0.7166823477971003,0.967238511724401,0.2538693786914162
150.0,1.6887780784612403,-24.483860314621687,75.13563876854543,-1.8948652738017167,-57.247947719325595,60.44295905018988,-16.91669637880737,69.86647432323662,1.3141177199844503,0.9930482226366248,-0.11770823046091747,-0.9479476090326134,-0.3184263345412115,0.9672385117243957,0.2538693786914368
150.5,2.5216710784612424,-24.35631710253156,75.46157239530054,1.0598503312187368,-57.4010004745727,60.75772063315589,-16.833626345542836,70.18296989965408,1.3141177199844716,0.5809713304372146,-0.8139240217673962,0.8722823036858679,0.48900264076636174,0.967238511724401,0.2538693786914162
151.0,1.261572078461242,-24.235972374807,75.7902320163508,-3.08161301186092,-57.54218323450444,61.07798213302444,-16.7505563122783,70.49946547607155,1.314117719984461,0.9525699330548283,0.30431977037307323,-0.059943684829788624,-0.9982017604918492,0.9672385117243983,0.25386937869142645
151.5,0.795967078461242,-24.118302391203656,76.11985873698914,-1.904036787010309,-57.676754439624666,61.40107746067944,-16.667486279013765,70.815961052489,1.31411771998446,0.7145405013263081,0.6995940765646521,-0.9449873298310293,-0.3271069342872779,0.9672385117243981,0.25386937869142734
152.0,-2.0465739215387586,-24.0171238238768,76.45491529566794,-1.8417583997377527,-57.810974372679105,61.72431887134778,-16.58441624574923,71.13245662890647,1.3141177199844716,-0.8889368288293111,-0.4580298181896981,-0.9635138352816359,-0.26765853100708864,0.967238511724401,0.2538693786914162
152.5,0.47048907846124166,-23.901328227029452,76.78520513770182,-3.0459299483722155,-57.95195765056279,62.04466823588152,-16.501346212484698,71.44895220532393,1.3141177199844716,0.45332227804347996,0.8913466846460303,-0.09551686476534861,-0.9954278118203239,0.967238511724401,0.2538693786914162
153.0,-2.1981719215387585,-23.80103653369651,77.12052823002982,0.6154817759371518,-58.10744697287794,62.35823333382129,-16.41827617922016,71.76544778174139,1.3141177199844503,-0.8095708784923391,-0.5870221398696495,0.5773519571046372,0.8164953873889584,0.9672385117243957,0.2538693786914368
153.5,-2.3655799215387603,-23.701725021050105,77.45614292496418,2.7081393676819125,-58.28543384758551,62.6595980172728,-16.335206145955624,72.08194335815885,1.314117719984461,-0.7004392334785062,-0.7137120429164991,0.4200072291766661,-0.9075207586823232,0.9672385117243983,0.25386937869142645
154.0,-1.480206921538759,-23.597239427160915,77.79018298344464,3.080890728533216,-58.493507188174576,62.94103270762938,-16.25213611269109,72.39843893457632,1.3141177199844716,-0.9958995851294845,0.090465553327886,0.060664653620282095,-0.9981582037939333,0.967238511724401,0.2538693786914162
154.5,-0.41174292153876024,-23.486543110781657,78.12221660454357,1.5825837601623256,-58.73776951196457,63.19170364167781,-16.169066079426557,72.71493451099377,1.31411771998446,-0.40020719136818683,0.9164246853818308,0.9999305290116888,-0.011787160404616207,0.9672385117243981,0.25386937869142734
